{"type": "FeatureCollection", "name": "riesgo_hidrico_AMGR_todas", "features": [{"type": "Feature", "properties": {"id": 1, "codigo": 1, "categoria": "Zona Prohibida", "area_ha": 25.34}, "geometry": {"type": "Polygon", "coordinates": [[[-59.0633261, -27.441688], [-59.0642944, -27.4419563], [-59.0664341, -27.4465956], [-59.0664431, -27.4469774], [-59.0668839, -27.4475421], [-59.0677924, -27.4498171], [-59.0687965, -27.4516127], [-59.0688189, -27.4525672], [-59.0692508, -27.4527502], [-59.0695959, -27.4537942], [-59.0703729, -27.4550211], [-59.0715085, -27.4578647], [-59.0719493, -27.4584294], [-59.0721854, -27.45938], [-59.0725127, -27.4596604], [-59.0740891, -27.4630687], [-59.0744387, -27.4643036], [-59.0747659, -27.464584], [-59.0747749, -27.4649658], [-59.075779, -27.4667615], [-59.0757925, -27.4673342], [-59.0762288, -27.467708], [-59.0763513, -27.4683742], [-59.077351, -27.4699789], [-59.0775915, -27.4711204], [-59.0779188, -27.4714007], [-59.0781504, -27.4721604], [-59.0774002, -27.4720789], [-59.0773912, -27.4716971], [-59.0763871, -27.4699015], [-59.0744656, -27.4654491], [-59.0740247, -27.4648844], [-59.0740113, -27.4643116], [-59.0736841, -27.4640313], [-59.0728891, -27.4620407], [-59.071885, -27.4602451], [-59.0718761, -27.4598633], [-59.0708719, -27.4580676], [-59.0633261, -27.441688]]]}}, {"type": "Feature", "properties": {"id": 2, "codigo": 1, "categoria": "Zona Prohibida", "area_ha": 3.64}, "geometry": {"type": "Polygon", "coordinates": [[[-58.9480884, -27.5279768], [-58.9483111, -27.5283546], [-58.9473741, -27.5294226], [-58.947401, -27.5305681], [-58.9481735, -27.5316041], [-58.948414, -27.5327456], [-58.9489595, -27.5332128], [-58.9487547, -27.5335986], [-58.9483229, -27.5334157], [-58.9484096, -27.5325546], [-58.9475414, -27.5319979], [-58.946987, -27.5311488], [-58.9466418, -27.5301048], [-58.9470379, -27.5287605], [-58.9480884, -27.5279768]]]}}, {"type": "Feature", "properties": {"id": 3, "codigo": 1, "categoria": "Zona Prohibida", "area_ha": 209.53}, "geometry": {"type": "Polygon", "coordinates": [[[-59.0368284, -27.4421838], [-59.0450097, -27.449193], [-59.0452234, -27.449189], [-59.0518775, -27.4548897], [-59.051991, -27.4551741], [-59.0435178, -27.4630679], [-59.0435223, -27.4632588], [-59.0400703, -27.4664747], [-59.0398566, -27.4664787], [-59.0391288, -27.4673518], [-59.0334755, -27.4724234], [-59.0333754, -27.4727118], [-59.0331617, -27.4727158], [-59.0331707, -27.4730976], [-59.0235468, -27.4820634], [-59.0235513, -27.4822543], [-59.0233376, -27.4822583], [-59.0232375, -27.4825467], [-59.0227099, -27.482843], [-59.0215593, -27.483915], [-59.0215637, -27.4841059], [-59.0196808, -27.4858601], [-59.0194671, -27.4858641], [-59.0082786, -27.4964826], [-59.0077511, -27.4967789], [-59.007651, -27.4970673], [-59.0074373, -27.4970713], [-59.0062866, -27.4981433], [-59.0055454, -27.4984437], [-59.0033531, -27.5006811], [-59.0031394, -27.5006851], [-58.9954941, -27.5074174], [-58.9949845, -27.5084774], [-58.994998, -27.5090501], [-58.9963892, -27.5091196], [-58.9969167, -27.5088232], [-58.9977715, -27.5088073], [-58.9982123, -27.509372], [-58.9983303, -27.5098473], [-58.9981435, -27.5109967], [-58.9984752, -27.511468], [-58.9980568, -27.5118578], [-58.9959199, -27.5118978], [-58.9955014, -27.5122876], [-58.9955104, -27.5126694], [-58.9959378, -27.5126614], [-58.996915, -27.5133116], [-58.9973424, -27.5133036], [-58.9983242, -27.5141447], [-58.9993926, -27.5141247], [-59.0007973, -27.5147669], [-59.0021152, -27.5162702], [-59.0024604, -27.5173142], [-59.0017237, -27.5178055], [-59.0015189, -27.5181913], [-58.9993865, -27.5184222], [-58.9984316, -27.5187265], [-58.9980132, -27.5191163], [-58.9975036, -27.5201763], [-58.9949661, -27.5213698], [-58.9939022, -27.5215807], [-58.9925109, -27.5215112], [-58.9920746, -27.5211374], [-58.9920612, -27.5205647], [-58.9912019, -27.5203898], [-58.9906565, -27.5199225], [-58.9902291, -27.5199305], [-58.990129, -27.5202188], [-58.9886511, -27.5210105], [-58.9875871, -27.5212214], [-58.9874959, -27.5218916], [-58.987732, -27.5228421], [-58.9869086, -27.5241945], [-58.9871401, -27.5249541], [-58.9870534, -27.5258152], [-58.9863212, -27.5264974], [-58.9852393, -27.5259446], [-58.9844892, -27.5258632], [-58.9840528, -27.5254894], [-58.9831981, -27.5255054], [-58.9827752, -27.5257043], [-58.9822387, -27.5256188], [-58.9804978, -27.5243144], [-58.9798568, -27.5243264], [-58.9796475, -27.5245213], [-58.9797745, -27.5253784], [-58.9793606, -27.5259592], [-58.9780829, -27.5261741], [-58.9765826, -27.5260111], [-58.9761865, -27.5273555], [-58.9762089, -27.5283101], [-58.9768634, -27.5288708], [-58.9768724, -27.5292526], [-58.9762403, -27.5296464], [-58.9752719, -27.529378], [-58.9741856, -27.5286344], [-58.9733308, -27.5286504], [-58.9733711, -27.5303686], [-58.9747713, -27.5308199], [-58.9757575, -27.5318519], [-58.9752569, -27.5332937], [-58.9743154, -27.5341708], [-58.9731379, -27.5340973], [-58.9726926, -27.5333417], [-58.9727837, -27.5326715], [-58.9719111, -27.5319238], [-58.97127, -27.5319358], [-58.9707425, -27.5322322], [-58.9705557, -27.5333817], [-58.9700281, -27.533678], [-58.9694917, -27.5335926], [-58.970064, -27.5352053], [-58.9697501, -27.5354977], [-58.9692181, -27.5356031], [-58.9684635, -27.5353307], [-58.968459, -27.5351398], [-58.9672636, -27.5343027], [-58.9670365, -27.533734], [-58.9660547, -27.5328929], [-58.9645544, -27.53273], [-58.963468, -27.5319864], [-58.9635368, -27.5303616], [-58.9639374, -27.5292082], [-58.963797, -27.5277784], [-58.9633606, -27.5274045], [-58.9619604, -27.5269533], [-58.9607605, -27.5259253], [-58.959852, -27.5236503], [-58.9589749, -27.5227118], [-58.956188, -27.522382], [-58.9534279, -27.5231976], [-58.9548969, -27.5220241], [-58.9557472, -27.5218172], [-58.9570383, -27.5221751], [-58.9578885, -27.5219681], [-58.9591752, -27.5221351], [-58.9602705, -27.5232605], [-58.9611655, -27.5249627], [-58.961179, -27.5255354], [-58.9617288, -27.5261936], [-58.9637791, -27.5270147], [-58.9643245, -27.527482], [-58.9645695, -27.5288144], [-58.9641779, -27.5303496], [-58.9642137, -27.5318769], [-58.9664731, -27.5325031], [-58.9680093, -27.5341933], [-58.9684367, -27.5341853], [-58.9680825, -27.5327595], [-58.968501, -27.5323697], [-58.9701148, -27.5328169], [-58.9700925, -27.5318624], [-58.9704063, -27.53157], [-58.9712566, -27.5313631], [-58.9722204, -27.5314406], [-58.972334, -27.5317249], [-58.9734203, -27.5324686], [-58.9733292, -27.5331388], [-58.9736609, -27.53361], [-58.9740883, -27.533602], [-58.9745067, -27.5332122], [-58.9749162, -27.5324406], [-58.9749027, -27.5318679], [-58.9740301, -27.5311202], [-58.973389, -27.5311322], [-58.9727345, -27.5305715], [-58.9725807, -27.5285689], [-58.9732083, -27.5279842], [-58.9740631, -27.5279682], [-58.9752585, -27.5288053], [-58.9756859, -27.5287973], [-58.975541, -27.5271766], [-58.9763465, -27.5250606], [-58.9770967, -27.5251421], [-58.977533, -27.5255159], [-58.9788152, -27.5254919], [-58.9790244, -27.525297], [-58.979002, -27.5243424], [-58.9796296, -27.5237577], [-58.9806981, -27.5237377], [-58.9824389, -27.5250421], [-58.9837166, -27.5248272], [-58.9858759, -27.5257417], [-58.9865125, -27.5255388], [-58.9861584, -27.524113], [-58.9869908, -27.5231425], [-58.9869415, -27.5210425], [-58.9872554, -27.5207501], [-58.9884239, -27.5204418], [-58.9895836, -27.5197516], [-58.9892384, -27.5187076], [-58.9895343, -27.5176516], [-58.9902576, -27.5165876], [-58.9924052, -27.512441], [-58.9928057, -27.5112876], [-58.9933242, -27.5106094], [-58.9933153, -27.5102276], [-58.9938338, -27.5095494], [-58.9935978, -27.5085989], [-58.9939071, -27.5081156], [-58.9944346, -27.5078192], [-58.9947395, -27.5071451], [-58.9947171, -27.5061905], [-58.9929807, -27.505077], [-58.9913445, -27.5036752], [-58.99134, -27.5034843], [-58.9930182, -27.502116], [-58.9941913, -27.5019985], [-58.9946231, -27.5021814], [-58.9956916, -27.5021614], [-58.9956826, -27.5017796], [-58.994919, -27.5011254], [-58.9947965, -27.5004592], [-58.9950013, -27.5000734], [-58.9959517, -27.4995782], [-58.9963835, -27.4997611], [-58.9973429, -27.4996476], [-58.9977434, -27.4984942], [-58.9982665, -27.4980069], [-58.9982486, -27.4972433], [-58.9978212, -27.4972513], [-58.9974939, -27.4969709], [-58.997485, -27.4965891], [-58.9969485, -27.4965036], [-58.9955304, -27.4952887], [-58.9948894, -27.4953007], [-58.9941482, -27.4956011], [-58.9932755, -27.4948534], [-58.9932621, -27.4942807], [-58.9937761, -27.4934116], [-58.9936536, -27.4927454], [-58.9939451, -27.4914985], [-58.9952138, -27.4909018], [-58.9954141, -27.4903251], [-58.9944368, -27.4896749], [-58.9942007, -27.4887243], [-58.9942964, -27.4882451], [-58.993092, -27.4870261], [-58.9929695, -27.48636], [-58.9947478, -27.4847032], [-58.9951707, -27.4845043], [-58.9956025, -27.4846873], [-58.9936105, -27.486348], [-58.9936195, -27.4867298], [-58.9948239, -27.4879487], [-58.9950734, -27.489472], [-58.9963734, -27.4902116], [-58.9963824, -27.4905934], [-58.9956501, -27.4912756], [-58.9947998, -27.4914825], [-58.9940676, -27.4921647], [-58.9940765, -27.4925465], [-58.9945084, -27.4927294], [-58.9940077, -27.4941712], [-58.9940212, -27.494744], [-58.9945576, -27.4948294], [-58.9952988, -27.4945291], [-58.996868, -27.4930673], [-58.9968635, -27.4928763], [-58.9970772, -27.4928723], [-58.9988555, -27.4912156], [-58.998851, -27.4910247], [-58.9991693, -27.4909233], [-59.0154881, -27.4757204], [-59.0159199, -27.4759034], [-59.0159244, -27.4760943], [-59.0015932, -27.4894455], [-59.0015977, -27.4896364], [-59.001384, -27.4896404], [-58.996049, -27.4946105], [-58.9960579, -27.4949923], [-58.9971488, -27.4959269], [-58.9982307, -27.4964796], [-58.9990032, -27.4975156], [-58.9989075, -27.4979949], [-58.9982844, -27.4987705], [-58.9981977, -27.4996316], [-58.9977837, -27.5002123], [-58.9965061, -27.5004272], [-58.9962879, -27.5002403], [-58.9955422, -27.5003498], [-58.9955556, -27.5009225], [-58.9960966, -27.5011989], [-58.9964328, -27.5018611], [-58.9961324, -27.5027262], [-58.995173, -27.5028396], [-58.9935636, -27.5025832], [-58.9922994, -27.5033709], [-58.9923083, -27.5037527], [-58.9930719, -27.5044069], [-58.994372, -27.5051465], [-58.9954673, -27.506272], [-58.9958947, -27.506264], [-58.9986145, -27.5037302], [-59.0002971, -27.5025527], [-59.0012341, -27.5014847], [-59.0014478, -27.5014807], [-59.0034353, -27.4996291], [-59.003649, -27.4996251], [-59.0078333, -27.4957269], [-59.008047, -27.4957229], [-59.0424539, -27.4632788], [-59.0424449, -27.4628969], [-59.0297957, -27.4522471], [-59.0300004, -27.4518612], [-59.0303187, -27.4517598], [-59.0428633, -27.4625071], [-59.0432907, -27.4624991], [-59.0509271, -27.455385], [-59.0509181, -27.4550032], [-59.0503727, -27.4545359], [-59.0503637, -27.4541541], [-59.0500365, -27.4538737], [-59.0496091, -27.4538817], [-59.0489501, -27.4531301], [-59.0487364, -27.4531341], [-59.0439368, -27.449022], [-59.0437231, -27.449026], [-59.0436095, -27.4487417], [-59.0428504, -27.4482784], [-59.0401233, -27.445942], [-59.0401188, -27.4457511], [-59.0364145, -27.4427645], [-59.0312501, -27.4413333], [-59.0300726, -27.4412598], [-59.0277399, -27.4420674], [-59.0260661, -27.4436267], [-59.0256343, -27.4434438], [-59.0257299, -27.4429645], [-59.0271944, -27.4416001], [-59.0303774, -27.4405856], [-59.0368284, -27.4421838]], [[-58.9973575, -27.509388], [-58.9961889, -27.5096963], [-58.9944794, -27.5097283], [-58.9942702, -27.5099232], [-58.9934602, -27.5118483], [-58.9929416, -27.5125265], [-58.9927458, -27.5132941], [-58.9916131, -27.5151298], [-58.9914173, -27.5158974], [-58.9907896, -27.5164821], [-58.9907029, -27.5173432], [-58.9900842, -27.5183098], [-58.9902067, -27.5189759], [-58.9914022, -27.519813], [-58.9922614, -27.519988], [-58.9925887, -27.5202683], [-58.9928203, -27.521028], [-58.994207, -27.5209065], [-58.9957985, -27.5203992], [-58.9961123, -27.5201069], [-58.9970672, -27.5198025], [-58.9974722, -27.51884], [-58.9979953, -27.5183527], [-58.9990548, -27.5179509], [-59.0011872, -27.51772], [-59.0017102, -27.5172327], [-59.0011424, -27.5158109], [-59.0001607, -27.5149698], [-58.999297, -27.514604], [-58.9983376, -27.5147174], [-58.9970331, -27.5137869], [-58.9964966, -27.5137014], [-58.9959512, -27.5132342], [-58.9953101, -27.5132461], [-58.9948738, -27.5128723], [-58.9948559, -27.5121087], [-58.9951742, -27.5120072], [-58.9953789, -27.5116214], [-58.9959064, -27.5113251], [-58.9975069, -27.5111996], [-58.9975757, -27.5095749], [-58.9973575, -27.509388]]]}}, {"type": "Feature", "properties": {"id": 4, "codigo": 1, "categoria": "Zona Prohibida", "area_ha": 8.91}, "geometry": {"type": "Polygon", "coordinates": [[[-58.9460835, -27.5154088], [-58.9470384, -27.5151045], [-58.9484296, -27.5151739], [-58.9486388, -27.514979], [-58.9486567, -27.5157427], [-58.9480157, -27.5157546], [-58.9477018, -27.516047], [-58.9477108, -27.5164288], [-58.9480425, -27.5169001], [-58.9484699, -27.5168921], [-58.9490153, -27.5173594], [-58.9492469, -27.518119], [-58.9491692, -27.5193619], [-58.9488553, -27.5196543], [-58.947896, -27.5197677], [-58.9474596, -27.5193939], [-58.9483189, -27.5195688], [-58.9485191, -27.5189921], [-58.9473237, -27.518155], [-58.9462284, -27.5170295], [-58.9458877, -27.5161765], [-58.9460835, -27.5154088]]]}}, {"type": "Feature", "properties": {"id": 5, "codigo": 1, "categoria": "Zona Prohibida", "area_ha": 1.07}, "geometry": {"type": "Polygon", "coordinates": [[[-59.0719786, -27.3912949], [-59.0712509, -27.392168], [-59.0704006, -27.3923749], [-59.0695592, -27.3929636], [-59.0707054, -27.3917007], [-59.0713376, -27.3913069], [-59.0719786, -27.3912949]]]}}, {"type": "Feature", "properties": {"id": 6, "codigo": 1, "categoria": "Zona Prohibida", "area_ha": 293.03}, "geometry": {"type": "Polygon", "coordinates": [[[-58.9735655, -27.4839537], [-58.97357, -27.4841446], [-58.9748745, -27.4850752], [-58.9747789, -27.4855544], [-58.9744651, -27.4858468], [-58.9740377, -27.4858548], [-58.9740466, -27.4862366], [-58.9737283, -27.4863381], [-58.9739689, -27.4874795], [-58.9742961, -27.4877599], [-58.9740271, -27.4899613], [-58.9743498, -27.4900508], [-58.9741362, -27.4900548], [-58.974535, -27.4933897], [-58.9742212, -27.4936821], [-58.9741345, -27.4945431], [-58.9671303, -27.5012635], [-58.9670346, -27.5017427], [-58.9657793, -27.5029122], [-58.9646466, -27.5047478], [-58.9619313, -27.5074725], [-58.9618401, -27.5081427], [-58.9620717, -27.5089024], [-58.9617713, -27.5097674], [-58.9598794, -27.5111398], [-58.9594654, -27.5117205], [-58.9594789, -27.5122933], [-58.9601289, -27.5126631], [-58.9615515, -27.5140689], [-58.9604008, -27.5151409], [-58.9604052, -27.5153318], [-58.9588317, -27.5166027], [-58.9588496, -27.5173663], [-58.9586404, -27.5175612], [-58.9587897, -27.5193729], [-58.9585939, -27.5201405], [-58.9581755, -27.5205303], [-58.9568978, -27.5207452], [-58.9565751, -27.5206558], [-58.9560252, -27.5199976], [-58.9550613, -27.5199201], [-58.9488895, -27.5256699], [-58.948894, -27.5258608], [-58.947425, -27.5270343], [-58.9464611, -27.5269568], [-58.9457244, -27.5274481], [-58.9444423, -27.5274721], [-58.9411698, -27.5246684], [-58.9412654, -27.5241892], [-58.9433576, -27.5222401], [-58.9438717, -27.521371], [-58.9446084, -27.5208797], [-58.9490959, -27.5207957], [-58.9501599, -27.5205848], [-58.9504737, -27.5202925], [-58.9504155, -27.5178107], [-58.9501973, -27.5176237], [-58.9502796, -27.5165718], [-58.9500614, -27.5163848], [-58.9500166, -27.5144758], [-58.9496849, -27.5140045], [-58.9497761, -27.5133343], [-58.9493397, -27.5129605], [-58.9495445, -27.5125747], [-58.9494264, -27.5120994], [-58.9496401, -27.5120954], [-58.9520416, -27.509663], [-58.9520327, -27.5092812], [-58.9493056, -27.5069448], [-58.9493011, -27.5067539], [-58.9490874, -27.5067579], [-58.9474512, -27.5053561], [-58.9474467, -27.5051652], [-58.947233, -27.5051692], [-58.9457058, -27.5038608], [-58.9449602, -27.5039703], [-58.9447375, -27.5035925], [-58.9489218, -27.4996943], [-58.9497766, -27.4996783], [-58.9521809, -27.5019252], [-58.953067, -27.5032456], [-58.9531028, -27.5047729], [-58.9537483, -27.5049518], [-58.9539262, -27.5034205], [-58.9543267, -27.502267], [-58.9543088, -27.5015034], [-58.9532225, -27.5007598], [-58.9525545, -27.4996263], [-58.9536051, -27.4988427], [-58.9544643, -27.4990176], [-58.9545868, -27.4996838], [-58.9551233, -27.4997692], [-58.9556777, -27.5006183], [-58.9568776, -27.5016463], [-58.9573318, -27.5027838], [-58.9573453, -27.5033565], [-58.9568491, -27.5049892], [-58.9565308, -27.5050907], [-58.9565397, -27.5054725], [-58.9559121, -27.5060572], [-58.9559211, -27.5064391], [-58.9565711, -27.5068089], [-58.9569985, -27.5068009], [-58.9580445, -27.5058263], [-58.9582582, -27.5058223], [-58.9591952, -27.5047543], [-58.9598408, -27.5049333], [-58.9598497, -27.5053151], [-58.9590173, -27.5062856], [-58.9581715, -27.5066834], [-58.9580848, -27.5075445], [-58.9574572, -27.5081292], [-58.9573973, -27.5101358], [-58.9579427, -27.5106031], [-58.9589066, -27.5106805], [-58.9598525, -27.5099943], [-58.9606849, -27.5090238], [-58.9607582, -27.50759], [-58.9599857, -27.506554], [-58.9601949, -27.5063591], [-58.9612678, -27.50653], [-58.9616728, -27.5055674], [-58.9630193, -27.5037278], [-58.9662621, -27.5007067], [-58.9663533, -27.5000366], [-58.9660215, -27.4995653], [-58.9651578, -27.4991995], [-58.9665356, -27.4986962], [-58.9665222, -27.4981235], [-58.9669317, -27.4973518], [-58.9669406, -27.4977337], [-58.9672634, -27.4978231], [-58.9671946, -27.4994478], [-58.9677311, -27.4995333], [-58.9679313, -27.4989566], [-58.9688728, -27.4980795], [-58.9690865, -27.4980755], [-58.9703418, -27.496906], [-58.9714013, -27.4965042], [-58.9719243, -27.496017], [-58.9724384, -27.4951479], [-58.9727567, -27.4950464], [-58.9727477, -27.4946646], [-58.9736892, -27.4937875], [-58.9738939, -27.4934017], [-58.9738671, -27.4922562], [-58.9736444, -27.4918784], [-58.9736953, -27.4894901], [-58.9734772, -27.4893031], [-58.9736595, -27.4879628], [-58.9733189, -27.4871097], [-58.9736103, -27.4858628], [-58.9741333, -27.4853755], [-58.9741244, -27.4849937], [-58.9738016, -27.4849042], [-58.9736836, -27.484429], [-58.9733608, -27.4843395], [-58.9735745, -27.4843355], [-58.9735655, -27.4839537]]]}}, {"type": "Feature", "properties": {"id": 7, "codigo": 1, "categoria": "Zona Prohibida", "area_ha": 97.33}, "geometry": {"type": "Polygon", "coordinates": [[[-59.0283776, -27.4510321], [-59.0141968, -27.438883], [-59.0141923, -27.4386921], [-59.0147288, -27.4387775], [-59.0147243, -27.4385866], [-59.0151561, -27.4387695], [-59.016906, -27.4404557], [-59.0177652, -27.4406306], [-59.0177607, -27.4404397], [-59.018079, -27.4403383], [-59.0206942, -27.4379019], [-59.0206897, -27.437711], [-59.0211126, -27.4375121], [-59.0219763, -27.4378779], [-59.0226174, -27.4378659], [-59.0229312, -27.4375736], [-59.0236769, -27.4374641], [-59.0245362, -27.437639], [-59.0251862, -27.4380089], [-59.0263592, -27.4378914], [-59.0264549, -27.4374121], [-59.0259095, -27.4369449], [-59.0249412, -27.4366765], [-59.024064, -27.4357379], [-59.023937, -27.4348809], [-59.024883, -27.4341947], [-59.0258379, -27.4338903], [-59.0266971, -27.4340652], [-59.0280838, -27.4339438], [-59.0284066, -27.4340332], [-59.0295019, -27.4351587], [-59.0299293, -27.4351507], [-59.0309799, -27.4343671], [-59.0309709, -27.4339853], [-59.0301117, -27.4338103], [-59.0286891, -27.4324045], [-59.0287848, -27.4319252], [-59.0292032, -27.4315354], [-59.0303763, -27.431418], [-59.0305855, -27.4312231], [-59.0300177, -27.4298013], [-59.0301911, -27.4280791], [-59.0278315, -27.4277412], [-59.0271726, -27.4269896], [-59.0272727, -27.4267012], [-59.0283232, -27.4259176], [-59.029701, -27.4254143], [-59.0307426, -27.4242489], [-59.0323475, -27.4243144], [-59.0326479, -27.4234493], [-59.0332801, -27.4230554], [-59.0350852, -27.4225442], [-59.0359534, -27.4231009], [-59.0361761, -27.4234787], [-59.0361207, -27.4256762], [-59.0367618, -27.4256642], [-59.0385535, -27.4245802], [-59.0391901, -27.4243773], [-59.0399403, -27.4244588], [-59.0411447, -27.4256777], [-59.0413897, -27.42701], [-59.0418171, -27.427002], [-59.0416811, -27.4257631], [-59.0417813, -27.4254748], [-59.0420996, -27.4253733], [-59.0420861, -27.4248006], [-59.0430321, -27.4241144], [-59.044637, -27.4241799], [-59.0449687, -27.4246511], [-59.0455097, -27.4249275], [-59.0453184, -27.4258861], [-59.0454364, -27.4263613], [-59.0469233, -27.4259515], [-59.047128, -27.4255657], [-59.04766, -27.4254602], [-59.048183, -27.424973], [-59.0489332, -27.4250544], [-59.0492605, -27.4253348], [-59.0499015, -27.4253228], [-59.050184, -27.4236941], [-59.0495027, -27.4219879], [-59.0497163, -27.4219839], [-59.0497074, -27.4216021], [-59.0493846, -27.4215126], [-59.0496805, -27.4204566], [-59.0507445, -27.4202457], [-59.0510762, -27.420717], [-59.0511031, -27.4218624], [-59.0517486, -27.4220414], [-59.0536271, -27.4200963], [-59.0553232, -27.4194916], [-59.0553098, -27.4189188], [-59.0547688, -27.4186425], [-59.0547599, -27.4182606], [-59.0544371, -27.4181712], [-59.0544192, -27.4174076], [-59.0548376, -27.4170177], [-59.0554787, -27.4170057], [-59.055915, -27.4173796], [-59.0568789, -27.417457], [-59.0569701, -27.4167868], [-59.0574931, -27.4162996], [-59.0573751, -27.4158243], [-59.059258, -27.4140701], [-59.0593492, -27.4133999], [-59.0589218, -27.4134079], [-59.058608, -27.4137003], [-59.0574304, -27.4136268], [-59.0563396, -27.4126923], [-59.0561259, -27.4126963], [-59.0560123, -27.4124119], [-59.055585, -27.4124199], [-59.0552577, -27.4121396], [-59.0554535, -27.4113719], [-59.055981, -27.4110756], [-59.0569404, -27.4109621], [-59.0576771, -27.4104708], [-59.0575546, -27.4098047], [-59.0569135, -27.4098167], [-59.055854, -27.4102185], [-59.0556314, -27.4098407], [-59.0550904, -27.4095643], [-59.0557002, -27.4082159], [-59.0563323, -27.4078221], [-59.0565549, -27.4081999], [-59.0560364, -27.4088781], [-59.0560498, -27.4094508], [-59.0577549, -27.4092279], [-59.0583003, -27.4096952], [-59.0582136, -27.4105563], [-59.057163, -27.4113399], [-59.0571675, -27.4115308], [-59.0562081, -27.4116443], [-59.0561125, -27.4121236], [-59.0566489, -27.412209], [-59.0577398, -27.4131436], [-59.0583809, -27.4131316], [-59.0587993, -27.4127418], [-59.059545, -27.4126323], [-59.060313, -27.4134774], [-59.0579115, -27.4159098], [-59.0576067, -27.4165839], [-59.0576246, -27.4173476], [-59.0572106, -27.4179283], [-59.0564649, -27.4180377], [-59.0559285, -27.4179523], [-59.0556012, -27.4176719], [-59.0550692, -27.4177774], [-59.0550782, -27.4181592], [-59.055401, -27.4182486], [-59.0560599, -27.4190003], [-59.0559688, -27.4196705], [-59.0554457, -27.4201577], [-59.0538542, -27.420665], [-59.0536495, -27.4210508], [-59.0524943, -27.4219319], [-59.0525033, -27.4223137], [-59.0531488, -27.4224926], [-59.0534806, -27.4229639], [-59.0540125, -27.4228585], [-59.0544444, -27.4230414], [-59.0563033, -27.424821], [-59.057548, -27.4277581], [-59.0585521, -27.4295538], [-59.0587882, -27.4305043], [-59.0605783, -27.4339087], [-59.0611461, -27.4353305], [-59.0611595, -27.4359032], [-59.0613732, -27.4358992], [-59.0617049, -27.4363705], [-59.0618274, -27.4370367], [-59.0622682, -27.4376014], [-59.0633994, -27.4402541], [-59.0628763, -27.4407414], [-59.0619679, -27.4384665], [-59.0613044, -27.4375239], [-59.0557803, -27.4253083], [-59.055453, -27.4250279], [-59.0544936, -27.4251414], [-59.0535253, -27.424873], [-59.0525346, -27.4236501], [-59.0527483, -27.4236461], [-59.0539527, -27.424865], [-59.0547029, -27.4249465], [-59.0549031, -27.4243697], [-59.0537032, -27.4233417], [-59.0504755, -27.4224472], [-59.0507384, -27.4245432], [-59.0505471, -27.4255017], [-59.050024, -27.425989], [-59.0495967, -27.425997], [-59.0486239, -27.4255377], [-59.0476645, -27.4256512], [-59.0475688, -27.4261304], [-59.047255, -27.4264228], [-59.0450224, -27.4269421], [-59.0446907, -27.4264708], [-59.0448731, -27.4251304], [-59.0443277, -27.4246631], [-59.0430455, -27.4246871], [-59.0424223, -27.4254628], [-59.0424671, -27.4273719], [-59.041835, -27.4277657], [-59.0414076, -27.4277737], [-59.0406351, -27.4267377], [-59.0406127, -27.4257831], [-59.03974, -27.4250355], [-59.0388853, -27.4250515], [-59.0375164, -27.4259366], [-59.0364569, -27.4263384], [-59.0357068, -27.4262569], [-59.0354841, -27.4258791], [-59.035535, -27.4234907], [-59.0352078, -27.4232104], [-59.0347804, -27.4232184], [-59.0335072, -27.4236242], [-59.0330888, -27.424014], [-59.032893, -27.4247816], [-59.0311834, -27.4248136], [-59.0300328, -27.4258856], [-59.0280228, -27.4267827], [-59.0281409, -27.427258], [-59.0291047, -27.4273354], [-59.0293229, -27.4275223], [-59.0303913, -27.4275023], [-59.0308277, -27.4278762], [-59.0309412, -27.4281605], [-59.0304137, -27.4284569], [-59.0304227, -27.4288387], [-59.0307454, -27.4289282], [-59.0306632, -27.4299802], [-59.0312221, -27.4310202], [-59.0312355, -27.4315929], [-59.0310263, -27.4317878], [-59.0295349, -27.4320067], [-59.0294393, -27.432486], [-59.029771, -27.4329572], [-59.0316075, -27.4337823], [-59.0316254, -27.434546], [-59.0301564, -27.4357194], [-59.0294108, -27.4358289], [-59.0284201, -27.434606], [-59.0273516, -27.434626], [-59.0269287, -27.4348249], [-59.0262787, -27.434455], [-59.0254239, -27.434471], [-59.024478, -27.4351572], [-59.0244869, -27.435539], [-59.0252505, -27.4361932], [-59.025787, -27.4362787], [-59.0257959, -27.4366605], [-59.0261232, -27.4369409], [-59.0269824, -27.4371158], [-59.0271094, -27.4379729], [-59.026691, -27.4383627], [-59.0251996, -27.4385816], [-59.023904, -27.4380329], [-59.023263, -27.4380449], [-59.0223125, -27.4385401], [-59.0211305, -27.4382758], [-59.0203938, -27.438767], [-59.0182015, -27.4410045], [-59.0182105, -27.4413863], [-59.0286825, -27.450358], [-59.0286959, -27.4509307], [-59.0290187, -27.4510201], [-59.0288095, -27.4512151], [-59.0283776, -27.4510321]]]}}, {"type": "Feature", "properties": {"id": 8, "codigo": 1, "categoria": "Zona Prohibida", "area_ha": 3.47}, "geometry": {"type": "Polygon", "coordinates": [[[-59.0703424, -27.3898931], [-59.0700286, -27.3901855], [-59.069383, -27.3900065], [-59.0691783, -27.3903924], [-59.0684326, -27.3905018], [-59.067787, -27.3903229], [-59.0675778, -27.3905178], [-59.0666185, -27.3906313], [-59.066327, -27.3918782], [-59.0660087, -27.3919796], [-59.0661268, -27.3924549], [-59.065922, -27.3928407], [-59.0659399, -27.3936043], [-59.0665944, -27.3941651], [-59.0676674, -27.394336], [-59.066176, -27.3945549], [-59.0656261, -27.3938967], [-59.0660042, -27.3917887], [-59.0666185, -27.3906313], [-59.0661597, -27.3893029], [-59.066369, -27.389108], [-59.0675689, -27.390136], [-59.068851, -27.390112], [-59.0699105, -27.3897102], [-59.069915, -27.3899011], [-59.0703424, -27.3898931]]]}}, {"type": "Feature", "properties": {"id": 9, "codigo": 1, "categoria": "Zona Prohibida", "area_ha": 11.1}, "geometry": {"type": "Polygon", "coordinates": [[[-59.086062, -27.3719321], [-59.0866029, -27.3722084], [-59.0864027, -27.3727852], [-59.087253, -27.3725783], [-59.0881256, -27.3733259], [-59.0883572, -27.3740855], [-59.0880568, -27.3749506], [-59.0876429, -27.3755314], [-59.0863831, -27.3765099], [-59.0849007, -27.3771106], [-59.0836186, -27.3771346], [-59.083505, -27.3768502], [-59.0831822, -27.3767608], [-59.0832824, -27.3764724], [-59.0858332, -27.3758517], [-59.086561, -27.3749786], [-59.0866432, -27.3739266], [-59.086316, -27.3736463], [-59.0862981, -27.3728826], [-59.0856615, -27.3730855], [-59.0841477, -27.3723499], [-59.0841388, -27.3719681], [-59.0844526, -27.3716757], [-59.086062, -27.3719321]]]}}, {"type": "Feature", "properties": {"id": 10, "codigo": 1, "categoria": "Zona Prohibida", "area_ha": 2.04}, "geometry": {"type": "Polygon", "coordinates": [[[-58.9480776, -27.4956037], [-58.9487053, -27.495019], [-58.9491327, -27.495011], [-58.9497872, -27.4955718], [-58.949696, -27.4962419], [-58.948632, -27.4964528], [-58.947982, -27.496083], [-58.9480776, -27.4956037]]]}}, {"type": "Feature", "properties": {"id": 11, "codigo": 1, "categoria": "Zona Prohibida", "area_ha": 5.59}, "geometry": {"type": "Polygon", "coordinates": [[[-59.0386094, -27.4087268], [-59.039246, -27.4085238], [-59.0402322, -27.4095559], [-59.0413186, -27.4102995], [-59.0429235, -27.410365], [-59.0437648, -27.4097762], [-59.0445105, -27.4096668], [-59.0448243, -27.4093744], [-59.0448288, -27.4095653], [-59.0450425, -27.4095613], [-59.0448512, -27.4105199], [-59.0441145, -27.4110111], [-59.0423003, -27.4111406], [-59.0405774, -27.4105999], [-59.0386094, -27.4087268]]]}}, {"type": "Feature", "properties": {"id": 12, "codigo": 1, "categoria": "Zona Prohibida", "area_ha": 0.76}, "geometry": {"type": "Polygon", "coordinates": [[[-59.0836862, -27.3663423], [-59.0841315, -27.3670979], [-59.0850041, -27.3678455], [-59.0865134, -27.3683903], [-59.0856586, -27.3684063], [-59.084904, -27.3681339], [-59.0836951, -27.3667241], [-59.0836862, -27.3663423]]]}}, {"type": "Feature", "properties": {"id": 13, "codigo": 1, "categoria": "Zona Prohibida", "area_ha": 14.95}, "geometry": {"type": "Polygon", "coordinates": [[[-59.0289766, -27.4173107], [-59.0306083, -27.4185216], [-59.030958, -27.4197565], [-59.0309804, -27.4207111], [-59.0296115, -27.4215962], [-59.0283294, -27.4216202], [-59.0271473, -27.4213558], [-59.0262747, -27.4206081], [-59.0262613, -27.4200354], [-59.0266886, -27.4200274], [-59.0268889, -27.4194507], [-59.0277302, -27.418862], [-59.0278169, -27.4180009], [-59.0284446, -27.4174162], [-59.0289766, -27.4173107]]]}}, {"type": "Feature", "properties": {"id": 14, "codigo": 1, "categoria": "Zona Prohibida", "area_ha": 1.75}, "geometry": {"type": "Polygon", "coordinates": [[[-59.0268218, -27.4165871], [-59.0265303, -27.417834], [-59.0254887, -27.4189994], [-59.0250524, -27.4186256], [-59.0257802, -27.4177525], [-59.0260805, -27.4168874], [-59.0263988, -27.416786], [-59.026499, -27.4164976], [-59.0268218, -27.4165871]]]}}, {"type": "Feature", "properties": {"id": 15, "codigo": 1, "categoria": "Zona Prohibida", "area_ha": 3.35}, "geometry": {"type": "Polygon", "coordinates": [[[-58.9641441, -27.4741984], [-58.9643488, -27.4738126], [-58.9654217, -27.4739835], [-58.9672045, -27.4725177], [-58.9674048, -27.4719409], [-58.9678322, -27.4719329], [-58.9681594, -27.4722133], [-58.9681684, -27.4725951], [-58.9656489, -27.4745522], [-58.9646895, -27.4746657], [-58.9641441, -27.4741984]]]}}, {"type": "Feature", "properties": {"id": 16, "codigo": 1, "categoria": "Zona Prohibida", "area_ha": 6.64}, "geometry": {"type": "Polygon", "coordinates": [[[-59.0045091, -27.4360084], [-59.0046092, -27.43572], [-59.0048229, -27.435716], [-59.0054819, -27.4364677], [-59.0060183, -27.4365531], [-59.0067774, -27.4370164], [-59.0074185, -27.4370044], [-59.007414, -27.4368135], [-59.0079505, -27.436899], [-59.009542, -27.4363917], [-59.0102742, -27.4357095], [-59.0100471, -27.4351408], [-59.010479, -27.4353237], [-59.0107106, -27.4360833], [-59.0085093, -27.437939], [-59.0075544, -27.4382433], [-59.0059406, -27.437796], [-59.0054998, -27.4372313], [-59.0050679, -27.4370484], [-59.0050545, -27.4364757], [-59.0048408, -27.4364797], [-59.0045091, -27.4360084]]]}}, {"type": "Feature", "properties": {"id": 17, "codigo": 1, "categoria": "Zona Prohibida", "area_ha": 0.81}, "geometry": {"type": "Polygon", "coordinates": [[[-59.0274181, -27.414666], [-59.0274225, -27.4148569], [-59.0276362, -27.4148529], [-59.0272357, -27.4160063], [-59.0265946, -27.4160183], [-59.0270998, -27.4147674], [-59.0274181, -27.414666]]]}}, {"type": "Feature", "properties": {"id": 18, "codigo": 1, "categoria": "Zona Prohibida", "area_ha": 2.82}, "geometry": {"type": "Polygon", "coordinates": [[[-59.0216333, -27.4186896], [-59.0219516, -27.4185881], [-59.0227197, -27.4194332], [-59.0235745, -27.4194172], [-59.0246295, -27.4188245], [-59.0251794, -27.4194827], [-59.0249657, -27.4194867], [-59.0246563, -27.41997], [-59.0233787, -27.4201849], [-59.021974, -27.4195427], [-59.0216468, -27.4192623], [-59.0216333, -27.4186896]]]}}, {"type": "Feature", "properties": {"id": 19, "codigo": 1, "categoria": "Zona Prohibida", "area_ha": 0.96}, "geometry": {"type": "Polygon", "coordinates": [[[-59.0116045, -27.4286179], [-59.0109813, -27.4293935], [-59.0105584, -27.4295924], [-59.0100219, -27.429507], [-59.010122, -27.4292186], [-59.0109634, -27.4286299], [-59.011059, -27.4281506], [-59.0110635, -27.4283415], [-59.0116045, -27.4286179]]]}}, {"type": "Feature", "properties": {"id": 20, "codigo": 1, "categoria": "Zona Prohibida", "area_ha": 4.34}, "geometry": {"type": "Polygon", "coordinates": [[[-59.0143019, -27.4251295], [-59.0150386, -27.4246383], [-59.0160293, -27.4258612], [-59.0171112, -27.4264139], [-59.0177523, -27.4264019], [-59.0180661, -27.4261096], [-59.0193482, -27.4260856], [-59.0195574, -27.4258907], [-59.0189343, -27.4266663], [-59.0179794, -27.4269706], [-59.0178792, -27.427259], [-59.0166972, -27.4269946], [-59.0156153, -27.4264419], [-59.0143063, -27.4253204], [-59.0143019, -27.4251295]]]}}, {"type": "Feature", "properties": {"id": 21, "codigo": 1, "categoria": "Zona Prohibida", "area_ha": 4.63}, "geometry": {"type": "Polygon", "coordinates": [[[-59.0329309, -27.4081645], [-59.0328174, -27.4078802], [-59.0352726, -27.4077387], [-59.0365323, -27.4067602], [-59.0372601, -27.4058871], [-59.0375605, -27.405022], [-59.0382927, -27.4043398], [-59.0385109, -27.4045268], [-59.0384153, -27.405006], [-59.0370777, -27.4072275], [-59.0354952, -27.4081166], [-59.0345403, -27.4084209], [-59.0333673, -27.4085384], [-59.0329309, -27.4081645]]]}}, {"type": "Feature", "properties": {"id": 22, "codigo": 1, "categoria": "Zona Prohibida", "area_ha": 12.88}, "geometry": {"type": "Polygon", "coordinates": [[[-59.0667028, -27.3714349], [-59.0676488, -27.3707487], [-59.0692447, -27.3704324], [-59.0694629, -27.3706193], [-59.0709632, -27.3707822], [-59.0726996, -27.3718957], [-59.0732361, -27.3719811], [-59.0738906, -27.3725418], [-59.0737904, -27.3728302], [-59.0712994, -27.3714444], [-59.0681987, -27.3714069], [-59.0679895, -27.3716018], [-59.0679117, -27.3728447], [-59.068239, -27.3731251], [-59.0685796, -27.3739782], [-59.0693432, -27.3746324], [-59.0717162, -27.3755429], [-59.0743851, -27.3753975], [-59.0743985, -27.3759702], [-59.0732344, -27.3764695], [-59.0719523, -27.3764935], [-59.0701247, -27.3760502], [-59.0682703, -27.3744615], [-59.0679296, -27.3736084], [-59.0668253, -27.3721011], [-59.0667028, -27.3714349]]]}}, {"type": "Feature", "properties": {"id": 23, "codigo": 1, "categoria": "Zona Prohibida", "area_ha": 5.42}, "geometry": {"type": "Polygon", "coordinates": [[[-59.0225317, -27.411415], [-59.0227454, -27.411411], [-59.0227588, -27.4119838], [-59.0213077, -27.4139208], [-59.021221, -27.4147819], [-59.0225121, -27.4151398], [-59.0239945, -27.414539], [-59.0241993, -27.4141532], [-59.024413, -27.4141492], [-59.0245265, -27.4144336], [-59.0238944, -27.4148274], [-59.0227482, -27.4160903], [-59.0223208, -27.4160983], [-59.0211343, -27.415643], [-59.0210208, -27.4153587], [-59.0205889, -27.4151758], [-59.0204709, -27.4147005], [-59.0206667, -27.4139328], [-59.0215035, -27.4131532], [-59.021795, -27.4119063], [-59.0225317, -27.411415]]]}}, {"type": "Feature", "properties": {"id": 24, "codigo": 1, "categoria": "Zona Prohibida", "area_ha": 0.55}, "geometry": {"type": "Polygon", "coordinates": [[[-59.0153004, -27.4175666], [-59.0143723, -27.4190165], [-59.0142767, -27.4194957], [-59.0140585, -27.4193088], [-59.0142677, -27.4191139], [-59.0142543, -27.4185412], [-59.014459, -27.4181554], [-59.0153004, -27.4175666]]]}}, {"type": "Feature", "properties": {"id": 25, "codigo": 1, "categoria": "Zona Prohibida", "area_ha": 2.56}, "geometry": {"type": "Polygon", "coordinates": [[[-59.0006509, -27.4310193], [-59.0006419, -27.4306375], [-59.0009557, -27.4303451], [-59.0019196, -27.4304226], [-59.0031928, -27.4300168], [-59.0041342, -27.4291397], [-59.0041387, -27.4293306], [-59.0043524, -27.4293266], [-59.004043, -27.4298099], [-59.0026787, -27.4308858], [-59.0014055, -27.4312917], [-59.0006509, -27.4310193]]]}}, {"type": "Feature", "properties": {"id": 26, "codigo": 1, "categoria": "Zona Prohibida", "area_ha": 2.02}, "geometry": {"type": "Polygon", "coordinates": [[[-58.932293, -27.4925568], [-58.9325157, -27.4929346], [-58.9324156, -27.4932229], [-58.9316788, -27.4937142], [-58.930428, -27.4950746], [-58.9299872, -27.4945098], [-58.9307239, -27.4940186], [-58.9307195, -27.4938277], [-58.9320793, -27.4925608], [-58.932293, -27.4925568]]]}}, {"type": "Feature", "properties": {"id": 27, "codigo": 1, "categoria": "Zona Prohibida", "area_ha": 0.5}, "geometry": {"type": "Polygon", "coordinates": [[[-58.9998649, -27.4294106], [-59.0006195, -27.4296829], [-59.0002056, -27.4302637], [-58.9996646, -27.4299873], [-58.9998649, -27.4294106]]]}}, {"type": "Feature", "properties": {"id": 28, "codigo": 1, "categoria": "Zona Prohibida", "area_ha": 1.87}, "geometry": {"type": "Polygon", "coordinates": [[[-58.9688787, -27.4573024], [-58.9694107, -27.457197], [-58.9698426, -27.4573799], [-58.969856, -27.4579526], [-58.9701877, -27.4584239], [-58.970101, -27.459285], [-58.9697827, -27.4593864], [-58.9696602, -27.4587202], [-58.9689056, -27.4584479], [-58.9688787, -27.4573024]]]}}, {"type": "Feature", "properties": {"id": 29, "codigo": 1, "categoria": "Zona Prohibida", "area_ha": 0.57}, "geometry": {"type": "Polygon", "coordinates": [[[-58.9722217, -27.453993], [-58.97254, -27.4538915], [-58.97319, -27.4542613], [-58.9735217, -27.4547326], [-58.9728807, -27.4547446], [-58.9722217, -27.453993]]]}}, {"type": "Feature", "properties": {"id": 30, "codigo": 1, "categoria": "Zona Prohibida", "area_ha": 10.62}, "geometry": {"type": "Polygon", "coordinates": [[[-58.9459518, -27.4778812], [-58.9482935, -27.4774554], [-58.9499253, -27.4786663], [-58.9512029, -27.4784514], [-58.9516258, -27.4782525], [-58.9519352, -27.4777692], [-58.9519397, -27.4779601], [-58.9524761, -27.4780456], [-58.9522714, -27.4784314], [-58.9522893, -27.479195], [-58.9513433, -27.4798812], [-58.9504931, -27.4800881], [-58.9489927, -27.4799252], [-58.9483427, -27.4795554], [-58.9472698, -27.4793845], [-58.946288, -27.4785434], [-58.9459518, -27.4778812]]]}}, {"type": "Feature", "properties": {"id": 31, "codigo": 1, "categoria": "Zona Prohibida", "area_ha": 2.62}, "geometry": {"type": "Polygon", "coordinates": [[[-59.0099536, -27.4174757], [-59.0103077, -27.4189015], [-59.0117437, -27.4208801], [-59.0121756, -27.421063], [-59.0130303, -27.421047], [-59.013658, -27.4204623], [-59.0138761, -27.4206492], [-59.0133621, -27.4215183], [-59.0126164, -27.4216277], [-59.0122891, -27.4213473], [-59.0117527, -27.4212619], [-59.0109891, -27.4206077], [-59.0097623, -27.4184342], [-59.0097444, -27.4176706], [-59.0099536, -27.4174757]]]}}, {"type": "Feature", "properties": {"id": 32, "codigo": 1, "categoria": "Zona Prohibida", "area_ha": 0.76}, "geometry": {"type": "Polygon", "coordinates": [[[-58.9985469, -27.4279073], [-58.9989833, -27.4282811], [-58.9990012, -27.4290447], [-58.998792, -27.4292396], [-58.9980418, -27.4291582], [-58.9983556, -27.4288658], [-58.9985469, -27.4279073]]]}}, {"type": "Feature", "properties": {"id": 33, "codigo": 1, "categoria": "Zona Prohibida", "area_ha": 11.02}, "geometry": {"type": "Polygon", "coordinates": [[[-58.9930894, -27.4322113], [-58.9938396, -27.4322927], [-58.9938351, -27.4321018], [-58.993853, -27.4328654], [-58.9957942, -27.4335931], [-58.9959167, -27.4342593], [-58.9991086, -27.4336266], [-58.9997541, -27.4338055], [-59.0004131, -27.4345571], [-58.9999947, -27.4349469], [-58.9977532, -27.4350844], [-58.9972257, -27.4353807], [-58.9965801, -27.4352018], [-58.9956208, -27.4353153], [-58.9953936, -27.4347465], [-58.9945433, -27.4349534], [-58.9940024, -27.4346771], [-58.9929071, -27.4335516], [-58.9930894, -27.4322113]]]}}, {"type": "Feature", "properties": {"id": 34, "codigo": 1, "categoria": "Zona Prohibida", "area_ha": 1.37}, "geometry": {"type": "Polygon", "coordinates": [[[-58.9957002, -27.429584], [-58.9959094, -27.4293891], [-58.9962321, -27.4294785], [-58.9969957, -27.4301327], [-58.9974231, -27.4301247], [-58.9979461, -27.4296375], [-58.9984916, -27.4301047], [-58.9982779, -27.4301087], [-58.9983959, -27.430584], [-58.9973275, -27.430604], [-58.9969957, -27.4301327], [-58.9963547, -27.4301447], [-58.9957002, -27.429584]]]}}, {"type": "Feature", "properties": {"id": 35, "codigo": 1, "categoria": "Zona Prohibida", "area_ha": 27.76}, "geometry": {"type": "Polygon", "coordinates": [[[-58.9486403, -27.474011], [-58.9490542, -27.4734303], [-58.9508863, -27.4740645], [-58.951741, -27.4740485], [-58.9520549, -27.4737561], [-58.9520235, -27.4724198], [-58.9504919, -27.4709205], [-58.950592, -27.4706321], [-58.9510149, -27.4704332], [-58.9510194, -27.4706241], [-58.9520834, -27.4704132], [-58.9531653, -27.470966], [-58.9542561, -27.4719005], [-58.9543786, -27.4725667], [-58.9541828, -27.4733343], [-58.9546147, -27.4735172], [-58.9550421, -27.4735092], [-58.9553559, -27.4732169], [-58.9562106, -27.4732009], [-58.9565245, -27.4729085], [-58.9590709, -27.4720969], [-58.9593802, -27.4716136], [-58.9593578, -27.4706591], [-58.9588079, -27.4700009], [-58.9595402, -27.4693187], [-58.9599855, -27.4700744], [-58.9604173, -27.4702573], [-58.9611854, -27.4711024], [-58.9604531, -27.4717845], [-58.9601572, -27.4728405], [-58.9591111, -27.4738151], [-58.958479, -27.4742089], [-58.9564557, -27.4745332], [-58.9562465, -27.4747282], [-58.9549554, -27.4743703], [-58.954519, -27.4739965], [-58.9540916, -27.4740045], [-58.9532593, -27.4749751], [-58.9506995, -27.4752139], [-58.9491857, -27.4744783], [-58.9486403, -27.474011]]]}}, {"type": "Feature", "properties": {"id": 36, "codigo": 1, "categoria": "Zona Prohibida", "area_ha": 39.73}, "geometry": {"type": "Polygon", "coordinates": [[[-58.9544043, -27.4645445], [-58.9545, -27.4640652], [-58.9565233, -27.4637409], [-58.9568506, -27.4640213], [-58.9572779, -27.4640133], [-58.9572735, -27.4638223], [-58.9583374, -27.4636114], [-58.9593058, -27.4638798], [-58.9610421, -27.4649933], [-58.962006, -27.4650707], [-58.9628384, -27.4641002], [-58.9630342, -27.4633326], [-58.9632479, -27.4633286], [-58.9630118, -27.462378], [-58.9634168, -27.4614155], [-58.9650083, -27.4609082], [-58.9659542, -27.460222], [-58.966159, -27.4598362], [-58.9663726, -27.4598322], [-58.9663547, -27.4590686], [-58.9658093, -27.4586013], [-58.9652505, -27.4575613], [-58.9642822, -27.4572929], [-58.9637367, -27.4568257], [-58.9644645, -27.4559526], [-58.9660829, -27.4565908], [-58.9672828, -27.4576188], [-58.9681868, -27.4597028], [-58.9682181, -27.4610391], [-58.9691864, -27.4613075], [-58.9698186, -27.4609137], [-58.9688816, -27.4619817], [-58.9680313, -27.4621886], [-58.9674903, -27.4619122], [-58.9657763, -27.4617533], [-58.9647258, -27.4625369], [-58.9644299, -27.4635929], [-58.964007, -27.4637918], [-58.9640159, -27.4641737], [-58.9644612, -27.4649293], [-58.9652203, -27.4653926], [-58.9653428, -27.4660587], [-58.9656701, -27.4663391], [-58.9653742, -27.4673951], [-58.9644058, -27.4671267], [-58.9637424, -27.4661842], [-58.9629967, -27.4662936], [-58.9625872, -27.4670653], [-58.9616278, -27.4671787], [-58.9592325, -27.4653136], [-58.9588051, -27.4653216], [-58.9584779, -27.4650413], [-58.9548362, -27.4647274], [-58.9544043, -27.4645445]]]}}, {"type": "Feature", "properties": {"id": 37, "codigo": 1, "categoria": "Zona Prohibida", "area_ha": 0.75}, "geometry": {"type": "Polygon", "coordinates": [[[-58.9856819, -27.4354058], [-58.9856729, -27.4350239], [-58.9857865, -27.4353083], [-58.9862184, -27.4354912], [-58.9871777, -27.4353778], [-58.9876873, -27.4343178], [-58.987901, -27.4343138], [-58.9875005, -27.4354672], [-58.9863319, -27.4357756], [-58.9856819, -27.4354058]]]}}, {"type": "Feature", "properties": {"id": 38, "codigo": 1, "categoria": "Zona Prohibida", "area_ha": 0.51}, "geometry": {"type": "Polygon", "coordinates": [[[-58.9880655, -27.4322098], [-58.9882926, -27.4327785], [-58.9880968, -27.4335461], [-58.9878831, -27.4335501], [-58.987783, -27.4338385], [-58.9878563, -27.4324047], [-58.9880655, -27.4322098]]]}}, {"type": "Feature", "properties": {"id": 39, "codigo": 1, "categoria": "Zona Prohibida", "area_ha": 26.02}, "geometry": {"type": "Polygon", "coordinates": [[[-58.9369902, -27.4786219], [-58.9375133, -27.4781346], [-58.9375043, -27.4777528], [-58.9381409, -27.4775499], [-58.9386863, -27.4780172], [-58.9392541, -27.479439], [-58.9397996, -27.4799063], [-58.9404406, -27.4798943], [-58.9412775, -27.4791146], [-58.9412506, -27.4779692], [-58.9414599, -27.4777743], [-58.9431694, -27.4777423], [-58.9449058, -27.4788557], [-58.9449371, -27.4801921], [-58.9446322, -27.4808663], [-58.9432723, -27.4821332], [-58.9417854, -27.482543], [-58.9390942, -27.4817339], [-58.9387669, -27.4814535], [-58.9382036, -27.4802226], [-58.9377673, -27.4798488], [-58.9377583, -27.479467], [-58.9369902, -27.4786219]]]}}, {"type": "Feature", "properties": {"id": 40, "codigo": 1, "categoria": "Zona Prohibida", "area_ha": 3.91}, "geometry": {"type": "Polygon", "coordinates": [[[-58.9322695, -27.4824346], [-58.9327013, -27.4826175], [-58.9334828, -27.4840353], [-58.9334963, -27.484608], [-58.9325593, -27.485676], [-58.9320094, -27.4850179], [-58.9322231, -27.4850139], [-58.9322141, -27.484632], [-58.931996, -27.4844451], [-58.9316418, -27.4830193], [-58.9322695, -27.4824346]]]}}, {"type": "Feature", "properties": {"id": 41, "codigo": 1, "categoria": "Zona Prohibida", "area_ha": 12.69}, "geometry": {"type": "Polygon", "coordinates": [[[-59.0115574, -27.4083735], [-59.0124988, -27.4074964], [-59.013772, -27.4070906], [-59.0205967, -27.4063899], [-59.0218833, -27.4065569], [-59.0223197, -27.4069307], [-59.0226559, -27.4075929], [-59.0227873, -27.4086409], [-59.0225871, -27.4092176], [-59.0221642, -27.4094165], [-59.0213318, -27.410387], [-59.0203769, -27.4106914], [-59.0180308, -27.4109263], [-59.0180263, -27.4107354], [-59.0173897, -27.4109383], [-59.0141843, -27.4109983], [-59.0131069, -27.4106364], [-59.0141709, -27.4104255], [-59.0177035, -27.4106459], [-59.0184402, -27.4101547], [-59.0208954, -27.4100132], [-59.0213139, -27.4096234], [-59.0218503, -27.4097089], [-59.0221552, -27.4090347], [-59.0220237, -27.4079867], [-59.0208328, -27.4073405], [-59.0192234, -27.4070841], [-59.0170865, -27.4071241], [-59.0166636, -27.407323], [-59.0134627, -27.4075739], [-59.0127259, -27.4080652], [-59.0125123, -27.4080692], [-59.0127259, -27.4080652], [-59.012717, -27.4076834], [-59.0122896, -27.4076914], [-59.0122941, -27.4078823], [-59.0120804, -27.4078863], [-59.0116664, -27.408467], [-59.0115574, -27.4083735]]]}}, {"type": "Feature", "properties": {"id": 42, "codigo": 1, "categoria": "Zona Prohibida", "area_ha": 1.75}, "geometry": {"type": "Polygon", "coordinates": [[[-58.9646933, -27.4520329], [-58.9647022, -27.4524147], [-58.9628193, -27.4541689], [-58.9622828, -27.4540835], [-58.9622784, -27.4538926], [-58.9640567, -27.4522358], [-58.9646933, -27.4520329]]]}}, {"type": "Feature", "properties": {"id": 43, "codigo": 1, "categoria": "Zona Prohibida", "area_ha": 28.61}, "geometry": {"type": "Polygon", "coordinates": [[[-58.9431559, -27.4771695], [-58.9405424, -27.4751175], [-58.940402, -27.4736877], [-58.9400748, -27.4734074], [-58.9397296, -27.4723633], [-58.9389615, -27.4715183], [-58.9387344, -27.4709495], [-58.9388346, -27.4706612], [-58.9396759, -27.4700724], [-58.939903, -27.4706412], [-58.9406711, -27.4714863], [-58.9406845, -27.472059], [-58.941593, -27.4743339], [-58.9419202, -27.4746143], [-58.9423476, -27.4746063], [-58.9435475, -27.4756343], [-58.9443022, -27.4759066], [-58.9451569, -27.4758906], [-58.9459938, -27.475111], [-58.9466992, -27.4732834], [-58.9466768, -27.4723288], [-58.9458774, -27.4701474], [-58.9455501, -27.469867], [-58.9454321, -27.4693917], [-58.9442277, -27.4681728], [-58.9438691, -27.4665561], [-58.9460569, -27.4641277], [-58.9471164, -27.4637259], [-58.9477575, -27.4637139], [-58.9478711, -27.4639983], [-58.9480848, -27.4639943], [-58.9478711, -27.4639983], [-58.9476663, -27.4643841], [-58.9463931, -27.4647899], [-58.9456564, -27.4652812], [-58.9452514, -27.4662437], [-58.9452783, -27.4673892], [-58.9462824, -27.4691848], [-58.9472731, -27.4704078], [-58.9476227, -27.4716427], [-58.9475674, -27.4738401], [-58.9466483, -27.4756717], [-58.9461208, -27.4759681], [-58.945393, -27.4768412], [-58.9443335, -27.477243], [-58.9431559, -27.4771695]]]}}, {"type": "Feature", "properties": {"id": 44, "codigo": 1, "categoria": "Zona Prohibida", "area_ha": 0.57}, "geometry": {"type": "Polygon", "coordinates": [[[-58.948563, -27.4615979], [-58.9488813, -27.4614965], [-58.9493132, -27.4616794], [-58.9502949, -27.4625205], [-58.9510675, -27.4635565], [-58.9498631, -27.4623376], [-58.948563, -27.4615979]]]}}, {"type": "Feature", "properties": {"id": 45, "codigo": 1, "categoria": "Zona Prohibida", "area_ha": 152.19}, "geometry": {"type": "Polygon", "coordinates": [[[-59.0041493, -27.425224], [-59.0051132, -27.4253015], [-59.0055316, -27.4249117], [-59.0055182, -27.424339], [-59.0044961, -27.4217797], [-59.0044737, -27.4208251], [-59.0048743, -27.4196717], [-59.0057156, -27.419083], [-59.0062476, -27.4189775], [-59.0081753, -27.4191324], [-59.0084891, -27.4188401], [-59.0084712, -27.4180764], [-59.0079168, -27.4172273], [-59.0058756, -27.416788], [-59.0052211, -27.4162273], [-59.0047758, -27.4154717], [-59.0042348, -27.4151953], [-59.0038897, -27.4141513], [-59.0021399, -27.4124651], [-59.0020129, -27.411608], [-59.0022176, -27.4112222], [-59.0026405, -27.4110233], [-59.0027407, -27.4107349], [-59.0033773, -27.410532], [-59.0045548, -27.4106055], [-59.0052048, -27.4109753], [-59.0057681, -27.4122062], [-59.0060954, -27.4124866], [-59.0068456, -27.4125681], [-59.007264, -27.4121782], [-59.0072506, -27.4116055], [-59.0064825, -27.4107604], [-59.0064467, -27.4092331], [-59.0066425, -27.4084655], [-59.0077932, -27.4073935], [-59.0107803, -27.4071466], [-59.0116127, -27.4061761], [-59.0119953, -27.404259], [-59.0125229, -27.4039626], [-59.0128322, -27.4034794], [-59.0139963, -27.4029801], [-59.0159195, -27.4029441], [-59.0167698, -27.4027372], [-59.0178159, -27.4017627], [-59.0182254, -27.400991], [-59.0186214, -27.3996467], [-59.018481, -27.3982168], [-59.0187993, -27.3981154], [-59.0187903, -27.3977336], [-59.0185767, -27.3977376], [-59.019409, -27.396767], [-59.0203684, -27.3966536], [-59.0208003, -27.3968365], [-59.0213502, -27.3974947], [-59.0215907, -27.3986361], [-59.021918, -27.3989165], [-59.0226636, -27.398807], [-59.0231867, -27.3983198], [-59.0231598, -27.3971743], [-59.0227011, -27.395846], [-59.0228342, -27.3924056], [-59.0237712, -27.3913376], [-59.0247306, -27.3912241], [-59.025276, -27.3916914], [-59.0255076, -27.3924511], [-59.0252117, -27.3935071], [-59.0252564, -27.3954161], [-59.0258019, -27.3958834], [-59.0264429, -27.3958714], [-59.0268524, -27.3950998], [-59.0278985, -27.3941253], [-59.029608, -27.3940933], [-59.0305405, -27.3928344], [-59.0315955, -27.3922416], [-59.0324458, -27.3920347], [-59.0328643, -27.3916449], [-59.0336144, -27.3917264], [-59.0342689, -27.3922871], [-59.0340776, -27.3932456], [-59.0336547, -27.3934446], [-59.0336637, -27.3938264], [-59.0321947, -27.3949998], [-59.030917, -27.3952147], [-59.0309215, -27.3954056], [-59.0294301, -27.3956245], [-59.0289026, -27.3959209], [-59.0290251, -27.3965871], [-59.0306435, -27.3972253], [-59.0318434, -27.3982533], [-59.0318479, -27.3984442], [-59.0324979, -27.398814], [-59.033671, -27.3986965], [-59.0340715, -27.3975431], [-59.0349083, -27.3967635], [-59.0355449, -27.3965606], [-59.0367225, -27.396634], [-59.036718, -27.3964431], [-59.0428015, -27.3960428], [-59.0432244, -27.3958439], [-59.0444064, -27.3961082], [-59.0457199, -27.3974206], [-59.0461696, -27.3983672], [-59.0461875, -27.3991308], [-59.0453731, -27.400865], [-59.0452819, -27.4015351], [-59.0454044, -27.4022013], [-59.046936, -27.4037006], [-59.048127, -27.4043468], [-59.0507092, -27.4050624], [-59.0522229, -27.4057981], [-59.0531823, -27.4056846], [-59.0536007, -27.4052948], [-59.053801, -27.4047181], [-59.0537697, -27.4033817], [-59.0535515, -27.4031948], [-59.0530195, -27.4033003], [-59.051301, -27.4029505], [-59.0497918, -27.4024057], [-59.0477147, -27.4004392], [-59.0472605, -27.3993017], [-59.0473337, -27.3978679], [-59.0471066, -27.3972992], [-59.0470663, -27.395581], [-59.0475267, -27.392421], [-59.0478271, -27.3915559], [-59.0483457, -27.3908777], [-59.0483367, -27.3904959], [-59.0491646, -27.3893344], [-59.0498521, -27.3867432], [-59.0502705, -27.3863534], [-59.0506666, -27.385009], [-59.0511896, -27.3845217], [-59.0513899, -27.383945], [-59.0523313, -27.3830679], [-59.0535044, -27.3829505], [-59.0542456, -27.3826501], [-59.0548867, -27.3826381], [-59.0548912, -27.382829], [-59.0552139, -27.3829185], [-59.0554411, -27.3834872], [-59.0553409, -27.3837756], [-59.0551272, -27.3837796], [-59.0551362, -27.3841614], [-59.0544039, -27.3848436], [-59.0533444, -27.3852454], [-59.0524119, -27.3865043], [-59.0525344, -27.3871705], [-59.0537164, -27.3874348], [-59.056067, -27.3873908], [-59.058195, -27.386969], [-59.0585088, -27.3866767], [-59.0584999, -27.3862949], [-59.0579455, -27.3854458], [-59.0582325, -27.3840079], [-59.0593921, -27.3833178], [-59.0618563, -27.3835581], [-59.0625063, -27.383928], [-59.062847, -27.3847811], [-59.0632833, -27.3851549], [-59.0643562, -27.3853258], [-59.0645654, -27.3851309], [-59.064552, -27.3845582], [-59.0636749, -27.3836196], [-59.0623703, -27.3826891], [-59.0619161, -27.3815516], [-59.0606071, -27.3804301], [-59.0602664, -27.379577], [-59.0602485, -27.3788134], [-59.0608806, -27.3784196], [-59.0617354, -27.3784036], [-59.0626903, -27.3780992], [-59.0641503, -27.376544], [-59.0649961, -27.3761462], [-59.0669104, -27.3757284], [-59.0687424, -27.3763625], [-59.0722241, -27.3789713], [-59.0726784, -27.3801087], [-59.0723825, -27.3811647], [-59.0737737, -27.3812342], [-59.0752651, -27.3810153], [-59.0766608, -27.3812757], [-59.0776201, -27.3811622], [-59.0778249, -27.3807764], [-59.077671, -27.3787739], [-59.075712, -27.3772826], [-59.0753668, -27.3762386], [-59.075467, -27.3759502], [-59.0758899, -27.3757513], [-59.0780313, -27.3759022], [-59.0786589, -27.3753175], [-59.0791909, -27.375212], [-59.0805821, -27.3752815], [-59.0812322, -27.3756513], [-59.0812366, -27.3758422], [-59.0820914, -27.3758262], [-59.0819974, -27.3718172], [-59.0815297, -27.370107], [-59.0813804, -27.3682953], [-59.0807348, -27.3681164], [-59.079239, -27.3681444], [-59.0783618, -27.3672059], [-59.0803449, -27.3651633], [-59.0810906, -27.3650539], [-59.0820589, -27.3653222], [-59.0828046, -27.3652128], [-59.0826731, -27.3641648], [-59.0816914, -27.3633237], [-59.0811549, -27.3632382], [-59.0804914, -27.3622957], [-59.0809188, -27.3622877], [-59.081787, -27.3628444], [-59.0821187, -27.3633157], [-59.0828689, -27.3633972], [-59.0835458, -27.3649124], [-59.0835726, -27.3660579], [-59.0806766, -27.3656346], [-59.0802537, -27.3658335], [-59.0791075, -27.3670964], [-59.0792255, -27.3675717], [-59.0807214, -27.3675437], [-59.0819079, -27.367999], [-59.0821753, -27.3702859], [-59.0826429, -27.3719961], [-59.0826323, -27.3761026], [-59.0821093, -27.3765899], [-59.0814682, -27.3766019], [-59.0803819, -27.3758582], [-59.0789906, -27.3757888], [-59.077831, -27.3764789], [-59.0778265, -27.376288], [-59.0761215, -27.3765109], [-59.0761304, -27.3768928], [-59.0774394, -27.3780142], [-59.078085, -27.3781931], [-59.0783076, -27.378571], [-59.0784659, -27.3807644], [-59.0782657, -27.3813411], [-59.0778473, -27.3817309], [-59.0763514, -27.3817589], [-59.0757059, -27.38158], [-59.0727187, -27.3818269], [-59.071964, -27.3815546], [-59.0717414, -27.3811767], [-59.0720418, -27.3803116], [-59.0718057, -27.3793611], [-59.068974, -27.3771222], [-59.0687603, -27.3771262], [-59.0683195, -27.3765614], [-59.0672466, -27.3763905], [-59.0661781, -27.3764105], [-59.0646913, -27.3768203], [-59.063022, -27.3785705], [-59.0622719, -27.3784891], [-59.0621717, -27.3787774], [-59.0608941, -27.3789923], [-59.0605802, -27.3792847], [-59.0605892, -27.3796665], [-59.0611301, -27.3799429], [-59.0626663, -27.3816331], [-59.0628978, -27.3823927], [-59.0635479, -27.3827625], [-59.0652977, -27.3844487], [-59.0672299, -27.3847945], [-59.0699032, -27.38484], [-59.0702305, -27.3851204], [-59.0719445, -27.3852793], [-59.0734582, -27.3860149], [-59.0734717, -27.3865877], [-59.0731668, -27.3872618], [-59.0729531, -27.3872658], [-59.0729262, -27.3861204], [-59.0722762, -27.3857506], [-59.0653066, -27.3848305], [-59.0650107, -27.3858865], [-59.065338, -27.3861669], [-59.0653514, -27.3867396], [-59.0657833, -27.3869225], [-59.066242, -27.3882509], [-59.0658146, -27.3882589], [-59.0652378, -27.3864553], [-59.0646924, -27.385988], [-59.0630786, -27.3855407], [-59.062315, -27.3848865], [-59.0619788, -27.3842243], [-59.0614378, -27.383948], [-59.0591918, -27.3838945], [-59.0587689, -27.3840934], [-59.0585866, -27.3854338], [-59.05925, -27.3863763], [-59.0589496, -27.3872414], [-59.0573581, -27.3877487], [-59.0537299, -27.3880076], [-59.0526569, -27.3878366], [-59.0520069, -27.3874668], [-59.051871, -27.3862279], [-59.0521893, -27.3861265], [-59.0525943, -27.3851639], [-59.0540722, -27.3843723], [-59.0546998, -27.3837876], [-59.0546864, -27.3832148], [-59.0524494, -27.3835432], [-59.0519353, -27.3844123], [-59.0513077, -27.384997], [-59.0498057, -27.3893224], [-59.0489778, -27.3904839], [-59.0480676, -27.3926973], [-59.0476985, -27.3951872], [-59.047915, -27.3998624], [-59.0502102, -27.4020159], [-59.052897, -27.4026341], [-59.0530106, -27.4029185], [-59.0537562, -27.402809], [-59.054197, -27.4033737], [-59.0545198, -27.4034632], [-59.0542418, -27.4052828], [-59.0530911, -27.4063548], [-59.0513771, -27.4061959], [-59.0509408, -27.4058221], [-59.0497588, -27.4055577], [-59.0466267, -27.4041839], [-59.0452086, -27.402969], [-59.0445317, -27.4014537], [-59.0446229, -27.4007835], [-59.0455509, -27.3993337], [-59.0455286, -27.3983792], [-59.0449697, -27.3973391], [-59.043988, -27.3964981], [-59.0427058, -27.396522], [-59.0427013, -27.3963311], [-59.042274, -27.3963391], [-59.0415328, -27.3966395], [-59.0402506, -27.3966635], [-59.0388683, -27.3969758], [-59.0354493, -27.3970398], [-59.0346124, -27.3978195], [-59.0344166, -27.3985871], [-59.033789, -27.3991718], [-59.0333661, -27.3993707], [-59.0321885, -27.3992973], [-59.0319659, -27.3989195], [-59.0315385, -27.3989274], [-59.0306569, -27.397798], [-59.0284976, -27.3968834], [-59.0282615, -27.3959329], [-59.0287801, -27.3952547], [-59.0299532, -27.3951373], [-59.031863, -27.3945285], [-59.0324951, -27.3941347], [-59.0334365, -27.3932576], [-59.0335232, -27.3923966], [-59.0327731, -27.3923151], [-59.0324593, -27.3926075], [-59.0310815, -27.3931107], [-59.0307676, -27.3934031], [-59.030672, -27.3938824], [-59.0298351, -27.394662], [-59.0279119, -27.394698], [-59.0268793, -27.3962452], [-59.0258153, -27.3964561], [-59.0252743, -27.3961798], [-59.0247245, -27.3955216], [-59.0245796, -27.3939009], [-59.0246797, -27.3936125], [-59.0248934, -27.3936085], [-59.0248576, -27.3920812], [-59.0245303, -27.3918009], [-59.0238893, -27.3918129], [-59.0234798, -27.3925845], [-59.0234647, -27.3965001], [-59.0238054, -27.3973532], [-59.0237276, -27.3985961], [-59.0226771, -27.3993798], [-59.0216086, -27.3993998], [-59.0209496, -27.3986481], [-59.0206, -27.3974132], [-59.0203818, -27.3972263], [-59.0197408, -27.3972383], [-59.0192177, -27.3977256], [-59.019267, -27.3998256], [-59.0187663, -27.4012674], [-59.018043, -27.4023314], [-59.0172973, -27.4024408], [-59.0174154, -27.4029161], [-59.0172062, -27.403111], [-59.015933, -27.4035168], [-59.0137961, -27.4035568], [-59.0133731, -27.4037557], [-59.0125363, -27.4045354], [-59.0121537, -27.4064524], [-59.0112122, -27.4073295], [-59.0097298, -27.4079303], [-59.0081249, -27.4078648], [-59.0071789, -27.408551], [-59.00701, -27.4104641], [-59.0077781, -27.4113091], [-59.0079051, -27.4121662], [-59.0070727, -27.4131368], [-59.0061088, -27.4130593], [-59.0041364, -27.4109953], [-59.003177, -27.4111088], [-59.0027586, -27.4114986], [-59.00289, -27.4125466], [-59.0044172, -27.413855], [-59.0046488, -27.4146146], [-59.0065077, -27.4163942], [-59.0081216, -27.4168415], [-59.0087761, -27.4174022], [-59.0092258, -27.4183488], [-59.0088119, -27.4189295], [-59.0089299, -27.4194048], [-59.0087207, -27.4195997], [-59.0076567, -27.4198106], [-59.0069021, -27.4195382], [-59.0058336, -27.4195582], [-59.0052105, -27.4203339], [-59.0053643, -27.4223364], [-59.0059142, -27.4229946], [-59.006491, -27.4247982], [-59.0061906, -27.4256633], [-59.0049084, -27.4256873], [-59.0041493, -27.425224]]]}}, {"type": "Feature", "properties": {"id": 46, "codigo": 1, "categoria": "Zona Prohibida", "area_ha": 3.57}, "geometry": {"type": "Polygon", "coordinates": [[[-58.9688389, -27.4419282], [-58.9692574, -27.4415384], [-58.9696892, -27.4417213], [-58.971076, -27.4415999], [-58.9724851, -27.442433], [-58.9717484, -27.4429242], [-58.9704662, -27.4429482], [-58.9697071, -27.442485], [-58.9692798, -27.442493], [-58.9688389, -27.4419282]]]}}, {"type": "Feature", "properties": {"id": 47, "codigo": 1, "categoria": "Zona Prohibida", "area_ha": 5.85}, "geometry": {"type": "Polygon", "coordinates": [[[-59.0268272, -27.389466], [-59.0268048, -27.3885114], [-59.0275192, -27.3870656], [-59.0291107, -27.3865583], [-59.0298608, -27.3866398], [-59.0302837, -27.3864409], [-59.0315703, -27.3866078], [-59.0322248, -27.3871685], [-59.032156, -27.3887933], [-59.0317242, -27.3886104], [-59.0317018, -27.3876558], [-59.0311564, -27.3871885], [-59.0294469, -27.3872205], [-59.0282828, -27.3877198], [-59.0276551, -27.3883045], [-59.0272546, -27.389458], [-59.0268272, -27.389466]]]}}, {"type": "Feature", "properties": {"id": 48, "codigo": 1, "categoria": "Zona Prohibida", "area_ha": 9.09}, "geometry": {"type": "Polygon", "coordinates": [[[-58.9368381, -27.472131], [-58.937388, -27.4727892], [-58.9374148, -27.4739346], [-58.9372056, -27.4741295], [-58.9363464, -27.4739546], [-58.9363553, -27.4743364], [-58.9366826, -27.4746168], [-58.9379647, -27.4745928], [-58.938292, -27.4748732], [-58.9378646, -27.4748812], [-58.9380917, -27.4754499], [-58.937878, -27.4754539], [-58.9376733, -27.4758397], [-58.9352225, -27.4761721], [-58.9340181, -27.4749531], [-58.934855, -27.4741735], [-58.9352824, -27.4741655], [-58.9357008, -27.4737757], [-58.9362373, -27.4738612], [-58.9358787, -27.4722444], [-58.9363016, -27.4720455], [-58.9368381, -27.472131]]]}}, {"type": "Feature", "properties": {"id": 49, "codigo": 1, "categoria": "Zona Prohibida", "area_ha": 1.06}, "geometry": {"type": "Polygon", "coordinates": [[[-58.9663569, -27.4409242], [-58.9665706, -27.4409202], [-58.9666707, -27.4406319], [-58.9674209, -27.4407133], [-58.9681755, -27.4409857], [-58.9682935, -27.441461], [-58.9680843, -27.4416559], [-58.9677571, -27.4413755], [-58.9673297, -27.4413835], [-58.9663569, -27.4409242]]]}}, {"type": "Feature", "properties": {"id": 50, "codigo": 1, "categoria": "Zona Prohibida", "area_ha": 1.3}, "geometry": {"type": "Polygon", "coordinates": [[[-58.9266973, -27.4772866], [-58.9270245, -27.4775669], [-58.9269378, -27.478428], [-58.9272651, -27.4787084], [-58.9272785, -27.4792811], [-58.926742, -27.4791956], [-58.9260831, -27.478444], [-58.9265015, -27.4780542], [-58.9264881, -27.4774815], [-58.9267018, -27.4774775], [-58.9266973, -27.4772866]]]}}, {"type": "Feature", "properties": {"id": 51, "codigo": 1, "categoria": "Zona Prohibida", "area_ha": 7.77}, "geometry": {"type": "Polygon", "coordinates": [[[-58.9237011, -27.4771516], [-58.9242466, -27.4776189], [-58.9242555, -27.4780007], [-58.9233498, -27.4804051], [-58.9221992, -27.4814771], [-58.9216627, -27.4813916], [-58.9214401, -27.4810138], [-58.920799, -27.4810258], [-58.920149, -27.480656], [-58.9200354, -27.4803716], [-58.9205763, -27.480648], [-58.9212174, -27.480636], [-58.9217405, -27.4801487], [-58.9222501, -27.4790887], [-58.9224324, -27.4777484], [-58.9230601, -27.4771636], [-58.9237011, -27.4771516]]]}}, {"type": "Feature", "properties": {"id": 52, "codigo": 1, "categoria": "Zona Prohibida", "area_ha": 0.91}, "geometry": {"type": "Polygon", "coordinates": [[[-58.965468, -27.4349246], [-58.9656039, -27.4361635], [-58.9661448, -27.4364399], [-58.9660492, -27.4369191], [-58.965181, -27.4363624], [-58.965054, -27.4355053], [-58.965468, -27.4349246]]]}}, {"type": "Feature", "properties": {"id": 53, "codigo": 1, "categoria": "Zona Prohibida", "area_ha": 1.27}, "geometry": {"type": "Polygon", "coordinates": [[[-58.9593873, -27.4400042], [-58.9595965, -27.4398093], [-58.9607741, -27.4398827], [-58.9611013, -27.4401631], [-58.9610057, -27.4406424], [-58.9604781, -27.4409387], [-58.9593873, -27.4400042]]]}}, {"type": "Feature", "properties": {"id": 54, "codigo": 1, "categoria": "Zona Prohibida", "area_ha": 35.24}, "geometry": {"type": "Polygon", "coordinates": [[[-58.9811456, -27.4197337], [-58.9823187, -27.4196163], [-58.9837323, -27.4206403], [-58.9839594, -27.421209], [-58.9838772, -27.422261], [-58.9840998, -27.4226389], [-58.9842805, -27.4257869], [-58.9839622, -27.4258883], [-58.9839801, -27.4266519], [-58.9842073, -27.4272207], [-58.9854072, -27.4282487], [-58.9853071, -27.428537], [-58.9847795, -27.4288334], [-58.9842207, -27.4277934], [-58.9833436, -27.4268548], [-58.9825531, -27.4250552], [-58.9813353, -27.4232636], [-58.9804805, -27.4232796], [-58.9800621, -27.4236694], [-58.98008, -27.424433], [-58.9805208, -27.4249977], [-58.9786245, -27.4261792], [-58.9777697, -27.4261952], [-58.9771885, -27.4242006], [-58.9774754, -27.4227628], [-58.9781987, -27.4216988], [-58.9811456, -27.4197337]]]}}, {"type": "Feature", "properties": {"id": 55, "codigo": 1, "categoria": "Zona Prohibida", "area_ha": 9.52}, "geometry": {"type": "Polygon", "coordinates": [[[-58.9178526, -27.4693349], [-58.9184025, -27.4699931], [-58.9186788, -27.4726618], [-58.9182649, -27.4732425], [-58.9168915, -27.4739367], [-58.9163596, -27.4740421], [-58.915714, -27.4738632], [-58.9153868, -27.4735829], [-58.9150416, -27.4725389], [-58.9161101, -27.4725189], [-58.9164239, -27.4722265], [-58.9171427, -27.4709716], [-58.9171114, -27.4696352], [-58.9178526, -27.4693349]]]}}, {"type": "Feature", "properties": {"id": 56, "codigo": 1, "categoria": "Zona Prohibida", "area_ha": 23.1}, "geometry": {"type": "Polygon", "coordinates": [[[-58.9195173, -27.4673938], [-58.9201539, -27.4671909], [-58.9219037, -27.4688771], [-58.9240586, -27.4696007], [-58.9264047, -27.4693658], [-58.9270637, -27.4701175], [-58.9278183, -27.4703898], [-58.9279318, -27.4706742], [-58.9281455, -27.4706702], [-58.9281545, -27.471052], [-58.9292408, -27.4717957], [-58.9286177, -27.4725713], [-58.9274625, -27.4734524], [-58.9268214, -27.4734644], [-58.9249939, -27.4730211], [-58.9248803, -27.4727367], [-58.9242303, -27.4723669], [-58.9242213, -27.4719851], [-58.9238941, -27.4717047], [-58.9235534, -27.4708516], [-58.9231171, -27.4704778], [-58.9225806, -27.4703924], [-58.9209578, -27.4695633], [-58.919976, -27.4687222], [-58.9194172, -27.4676822], [-58.9195173, -27.4673938]]]}}, {"type": "Feature", "properties": {"id": 57, "codigo": 1, "categoria": "Zona Prohibida", "area_ha": 4.56}, "geometry": {"type": "Polygon", "coordinates": [[[-58.9925903, -27.3926851], [-58.9928129, -27.3930629], [-58.9915531, -27.3940414], [-58.9912483, -27.3947156], [-58.9889469, -27.3968596], [-58.9886465, -27.3977247], [-58.9887646, -27.3982], [-58.9883596, -27.3991625], [-58.9881459, -27.3991665], [-58.9879501, -27.3999341], [-58.9877274, -27.3995563], [-58.9883372, -27.398208], [-58.9881968, -27.3967782], [-58.991858, -27.3933673], [-58.9918535, -27.3931764], [-58.9925903, -27.3926851]]]}}, {"type": "Feature", "properties": {"id": 58, "codigo": 1, "categoria": "Zona Prohibida", "area_ha": 36.05}, "geometry": {"type": "Polygon", "coordinates": [[[-58.903933, -27.4637701], [-58.9045651, -27.4633763], [-58.9057382, -27.4632588], [-58.90617, -27.4634417], [-58.9060967, -27.4648756], [-58.9056828, -27.4654563], [-58.9060235, -27.4663094], [-58.9068738, -27.4661025], [-58.9073834, -27.4650425], [-58.9081246, -27.4647421], [-58.9087477, -27.4639665], [-58.9104617, -27.4641254], [-58.9107756, -27.463833], [-58.9111073, -27.4643043], [-58.9106889, -27.4646941], [-58.9106978, -27.4650759], [-58.9112298, -27.4649705], [-58.9112432, -27.4655432], [-58.9129438, -27.4651294], [-58.9132532, -27.4646461], [-58.9134668, -27.4646421], [-58.9139032, -27.465016], [-58.9139166, -27.4655887], [-58.9137119, -27.4659745], [-58.9102598, -27.4691905], [-58.9085637, -27.4697952], [-58.9082499, -27.4700876], [-58.9076044, -27.4699087], [-58.9065135, -27.4689741], [-58.9066047, -27.4683039], [-58.9060548, -27.4676457], [-58.9060414, -27.467073], [-58.9053824, -27.4663214], [-58.9052644, -27.4658461], [-58.9047145, -27.4651879], [-58.9047055, -27.4648061], [-58.90406, -27.4646272], [-58.903933, -27.4637701]]]}}, {"type": "Feature", "properties": {"id": 59, "codigo": 1, "categoria": "Zona Prohibida", "area_ha": 42.69}, "geometry": {"type": "Polygon", "coordinates": [[[-58.9780682, -27.3933388], [-58.978391, -27.3934283], [-58.9792682, -27.3943668], [-58.9826453, -27.397073], [-58.9849271, -27.3986538], [-58.984404, -27.399141], [-58.9835448, -27.3989661], [-58.9822895, -27.4001356], [-58.9815483, -27.4004359], [-58.9815528, -27.4006268], [-58.9805067, -27.4016014], [-58.980293, -27.4016054], [-58.9747298, -27.3968392], [-58.9758715, -27.3953854], [-58.9780682, -27.3933388]]]}}, {"type": "Feature", "properties": {"id": 60, "codigo": 1, "categoria": "Zona Prohibida", "area_ha": 3.6}, "geometry": {"type": "Polygon", "coordinates": [[[-58.9754547, -27.3912868], [-58.9751364, -27.3913883], [-58.9739902, -27.3926512], [-58.9741127, -27.3933174], [-58.9732714, -27.3939061], [-58.9720938, -27.3938326], [-58.9714573, -27.3940355], [-58.9744909, -27.3912094], [-58.9744953, -27.3914003], [-58.9749227, -27.3913923], [-58.9751275, -27.3910065], [-58.9754547, -27.3912868]]]}}, {"type": "Feature", "properties": {"id": 61, "codigo": 1, "categoria": "Zona Prohibida", "area_ha": 32.44}, "geometry": {"type": "Polygon", "coordinates": [[[-58.9698999, -27.4005584], [-58.9699044, -27.4007493], [-58.9685311, -27.4014435], [-58.9650835, -27.4048504], [-58.9646561, -27.4048584], [-58.9644559, -27.4054351], [-58.9642422, -27.4054391], [-58.9641241, -27.4049639], [-58.9636967, -27.4049718], [-58.9633695, -27.4046915], [-58.963247, -27.4040253], [-58.9628107, -27.4036515], [-58.9623833, -27.4036595], [-58.9614373, -27.4043457], [-58.9605826, -27.4043617], [-58.9603644, -27.4041747], [-58.9605647, -27.403598], [-58.9611968, -27.4032042], [-58.9664227, -27.3981406], [-58.9672819, -27.3983155], [-58.9698999, -27.4005584]]]}}, {"type": "Feature", "properties": {"id": 62, "codigo": 1, "categoria": "Zona Prohibida", "area_ha": 2.82}, "geometry": {"type": "Polygon", "coordinates": [[[-58.9446196, -27.4165019], [-58.9450604, -27.4170667], [-58.942759, -27.4192107], [-58.9425453, -27.4192147], [-58.9422136, -27.4187434], [-58.942523, -27.4182601], [-58.9446196, -27.4165019]]]}}, {"type": "Feature", "properties": {"id": 63, "codigo": 1, "categoria": "Zona Prohibida", "area_ha": 4.46}, "geometry": {"type": "Polygon", "coordinates": [[[-58.9671521, -27.3927791], [-58.9673658, -27.3927751], [-58.9687839, -27.3939901], [-58.9686882, -27.3944693], [-58.9679604, -27.3953424], [-58.9676421, -27.3954439], [-58.9671057, -27.3953584], [-58.9667605, -27.3943144], [-58.9663197, -27.3937497], [-58.9664154, -27.3932704], [-58.9671521, -27.3927791]]]}}, {"type": "Feature", "properties": {"id": 64, "codigo": 1, "categoria": "Zona Prohibida", "area_ha": 4.01}, "geometry": {"type": "Polygon", "coordinates": [[[-58.928425, -27.4278826], [-58.9286387, -27.4278786], [-58.9298386, -27.4289066], [-58.9298431, -27.4290975], [-58.930384, -27.4293739], [-58.9301838, -27.4299506], [-58.9295517, -27.4303444], [-58.9291243, -27.4303524], [-58.9284653, -27.4296008], [-58.9278153, -27.4292309], [-58.9276928, -27.4285648], [-58.9284295, -27.4280735], [-58.928425, -27.4278826]]]}}, {"type": "Feature", "properties": {"id": 65, "codigo": 1, "categoria": "Zona Prohibida", "area_ha": 7.4}, "geometry": {"type": "Polygon", "coordinates": [[[-58.9701157, -27.3824101], [-58.970966, -27.3822032], [-58.9731477, -27.3840723], [-58.9719014, -27.3856235], [-58.9693969, -27.383665], [-58.9696061, -27.3834701], [-58.9695927, -27.3828973], [-58.9701157, -27.3824101]]]}}, {"type": "Feature", "properties": {"id": 66, "codigo": 1, "categoria": "Zona Prohibida", "area_ha": 2.04}, "geometry": {"type": "Polygon", "coordinates": [[[-58.9685259, -27.378429], [-58.9688442, -27.3783275], [-58.9697124, -27.3788842], [-58.9702489, -27.3789697], [-58.9710125, -27.3796239], [-58.9710214, -27.3800057], [-58.9701666, -27.3800217], [-58.9696167, -27.3793635], [-58.9691894, -27.3793715], [-58.9685393, -27.3790017], [-58.9685259, -27.378429]]]}}, {"type": "Feature", "properties": {"id": 67, "codigo": 1, "categoria": "Zona Prohibida", "area_ha": 1658.31}, "geometry": {"type": "Polygon", "coordinates": [[[-58.8957937, -27.4539908], [-58.895985, -27.4530322], [-58.8954396, -27.452565], [-58.8954037, -27.4510377], [-58.8956174, -27.4510337], [-58.8958446, -27.4516024], [-58.8960582, -27.4515984], [-58.8993397, -27.4547839], [-58.8996759, -27.4554461], [-58.9006532, -27.4560963], [-58.9001301, -27.4565835], [-58.900157, -27.457729], [-58.9014347, -27.4575141], [-58.9015348, -27.4572257], [-58.9022805, -27.4571163], [-58.9032578, -27.4577665], [-58.905949, -27.4585756], [-58.9081307, -27.4604447], [-58.9081352, -27.4606356], [-58.9099851, -27.4620334], [-58.9102078, -27.4624112], [-58.9110581, -27.4622043], [-58.9113719, -27.4619119], [-58.9113629, -27.4615301], [-58.9077587, -27.4582552], [-58.9018307, -27.4561697], [-58.8989811, -27.4531672], [-58.8967994, -27.4512981], [-58.8965723, -27.4507293], [-58.8948225, -27.4490431], [-58.8947957, -27.4478977], [-58.8945775, -27.4477108], [-58.8944416, -27.4464719], [-58.8945327, -27.4458017], [-58.894201, -27.4453304], [-58.89382, -27.4427591], [-58.8954982, -27.4413908], [-58.8968671, -27.4405057], [-58.8981403, -27.4400999], [-58.9024007, -27.4394472], [-58.9073156, -27.4393552], [-58.9081793, -27.439721], [-58.9083018, -27.4403872], [-58.907042, -27.4413657], [-58.9061917, -27.4415727], [-58.9061962, -27.4417636], [-58.904923, -27.4421694], [-58.9014995, -27.4420424], [-58.8998811, -27.4414043], [-58.8992401, -27.4414163], [-58.8978802, -27.4426832], [-58.8978891, -27.443065], [-58.8983255, -27.4434388], [-58.9011348, -27.4447232], [-58.9025529, -27.4459381], [-58.9048123, -27.4465643], [-58.9052486, -27.4469381], [-58.9053711, -27.4476043], [-58.9065576, -27.4480596], [-58.9076574, -27.4493759], [-58.9094894, -27.4500101], [-58.9103576, -27.4505669], [-58.91369, -27.451364], [-58.9145626, -27.4521116], [-58.9150124, -27.4530581], [-58.9155444, -27.4529527], [-58.9157402, -27.4521851], [-58.9161541, -27.4516043], [-58.9176186, -27.45024], [-58.9189875, -27.4493549], [-58.9198422, -27.4493389], [-58.9200604, -27.4495258], [-58.9200783, -27.4502894], [-58.9190412, -27.4516458], [-58.9175767, -27.4530102], [-58.9173764, -27.4535869], [-58.9173943, -27.4543505], [-58.9179398, -27.4548178], [-58.918276, -27.45548], [-58.9187033, -27.455472], [-58.9185808, -27.4548058], [-58.9187766, -27.4540382], [-58.9195089, -27.453356], [-58.9208867, -27.4528527], [-58.9220418, -27.4519716], [-58.9220194, -27.4510171], [-58.9208973, -27.4487462], [-58.9205074, -27.4457931], [-58.9198394, -27.4446596], [-58.9200218, -27.4433193], [-58.9209722, -27.442824], [-58.9232316, -27.4434502], [-58.9246408, -27.4442833], [-58.9257182, -27.4446451], [-58.9263592, -27.4446331], [-58.9263458, -27.4440604], [-58.9261276, -27.4438735], [-58.9262188, -27.4432033], [-58.9275099, -27.4435611], [-58.9312517, -27.4435866], [-58.931461, -27.4433917], [-58.9315521, -27.4427215], [-58.9313295, -27.4423437], [-58.9294795, -27.4409459], [-58.929248, -27.4401862], [-58.9269617, -27.4384146], [-58.9267167, -27.4370822], [-58.92744, -27.4360182], [-58.9294588, -27.4355029], [-58.9334099, -27.4353335], [-58.9359518, -27.434331], [-58.937875, -27.434295], [-58.9391795, -27.4352255], [-58.9392019, -27.4361801], [-58.9382425, -27.4362935], [-58.9370426, -27.4352655], [-58.9366152, -27.4352735], [-58.936406, -27.4354684], [-58.9342781, -27.4358902], [-58.9331184, -27.4365804], [-58.9307633, -27.4364335], [-58.9287355, -27.4365669], [-58.9279988, -27.4370582], [-58.9279076, -27.4377284], [-58.9285666, -27.43848], [-58.9303897, -27.4387324], [-58.9328494, -27.4387819], [-58.9373324, -27.438507], [-58.9383141, -27.4393481], [-58.9399101, -27.4390317], [-58.9411609, -27.4376714], [-58.9437985, -27.4361896], [-58.9442259, -27.4361816], [-58.9453122, -27.4369252], [-58.9455349, -27.437303], [-58.9459623, -27.437295], [-58.9460445, -27.436243], [-58.9454946, -27.4355848], [-58.9452451, -27.4340616], [-58.9453273, -27.4330096], [-58.9458593, -27.4329041], [-58.9462956, -27.4332779], [-58.9468813, -27.4354634], [-58.9475358, -27.4360241], [-58.9496862, -27.4365569], [-58.9498864, -27.4359801], [-58.949214, -27.4346558], [-58.9492006, -27.434083], [-58.9487464, -27.4329456], [-58.9488241, -27.4317027], [-58.9494294, -27.4301634], [-58.9497477, -27.430062], [-58.9499524, -27.4296761], [-58.9510209, -27.4296561], [-58.9517845, -27.4303103], [-58.9525615, -27.4315372], [-58.9537435, -27.4318016], [-58.9537077, -27.4302743], [-58.9530353, -27.42895], [-58.9530039, -27.4276136], [-58.9533043, -27.4267485], [-58.9541412, -27.4259689], [-58.9561601, -27.4254536], [-58.9566786, -27.4247754], [-58.9566652, -27.4242027], [-58.9574976, -27.4232322], [-58.9597212, -27.4223311], [-58.9601396, -27.4219413], [-58.9611035, -27.4220187], [-58.9620807, -27.4226689], [-58.9632538, -27.4225515], [-58.9638859, -27.4221577], [-58.9647362, -27.4219508], [-58.9659137, -27.4220242], [-58.9669, -27.4230562], [-58.966731, -27.4249693], [-58.9659166, -27.4267035], [-58.9660435, -27.4275606], [-58.9663708, -27.4278409], [-58.9673346, -27.4279184], [-58.968176, -27.4273297], [-58.9680579, -27.4268544], [-58.968581, -27.4263671], [-58.9690682, -27.4243526], [-58.96901, -27.4218708], [-58.9681882, -27.4187348], [-58.967743, -27.4179791], [-58.9677161, -27.4168337], [-58.9690805, -27.4157577], [-58.9697215, -27.4157457], [-58.970799, -27.4161075], [-58.972504, -27.4158846], [-58.9731495, -27.4160635], [-58.9739131, -27.4167177], [-58.9738264, -27.4175788], [-58.9733034, -27.4180661], [-58.9724486, -27.4180821], [-58.971576, -27.4173344], [-58.9711486, -27.4173424], [-58.9700891, -27.4177442], [-58.9694659, -27.4185199], [-58.9697199, -27.4202341], [-58.9702743, -27.4210831], [-58.9704505, -27.4240402], [-58.970159, -27.4252871], [-58.970008, -27.4279639], [-58.9697032, -27.4286381], [-58.9697255, -27.4295926], [-58.970262, -27.4296781], [-58.9704712, -27.4294831], [-58.9707537, -27.4278544], [-58.9710675, -27.4275621], [-58.9727726, -27.4273392], [-58.973968, -27.4281763], [-58.9743132, -27.4292203], [-58.9753128, -27.430825], [-58.9753218, -27.4312068], [-58.9771717, -27.4326046], [-58.977617, -27.4333603], [-58.9780444, -27.4333523], [-58.9784807, -27.4337261], [-58.9783118, -27.4356392], [-58.9792756, -27.4357166], [-58.9811899, -27.4352988], [-58.9817085, -27.4346207], [-58.981577, -27.4335727], [-58.9803592, -27.431781], [-58.9799049, -27.4306436], [-58.9788096, -27.4295181], [-58.978451, -27.4279014], [-58.9787693, -27.4277999], [-58.9789741, -27.4274141], [-58.9795061, -27.4273086], [-58.9807703, -27.426521], [-58.9810931, -27.4266105], [-58.9814293, -27.4272727], [-58.9818567, -27.4272647], [-58.9820838, -27.4278334], [-58.9838246, -27.4291378], [-58.9840607, -27.4300883], [-58.9845927, -27.4299829], [-58.9852383, -27.4301618], [-58.987562, -27.4289723], [-58.9877623, -27.4283956], [-58.9860214, -27.4270912], [-58.985467, -27.4262421], [-58.9859811, -27.425373], [-58.9865042, -27.4248858], [-58.9872454, -27.4245854], [-58.9876593, -27.4240047], [-58.9881868, -27.4237083], [-58.988269, -27.4226563], [-58.9880419, -27.4220876], [-58.9873964, -27.4219087], [-58.9858692, -27.4206003], [-58.9858513, -27.4198367], [-58.98647, -27.4188701], [-58.987525, -27.4182774], [-58.9881706, -27.4184563], [-58.989366, -27.4192934], [-58.9917166, -27.4192494], [-58.9924578, -27.4189491], [-58.9924399, -27.4181854], [-58.99059, -27.4167876], [-58.9875804, -27.41608], [-58.9858351, -27.4145847], [-58.9854899, -27.4135407], [-58.985472, -27.412777], [-58.9857724, -27.411912], [-58.9861908, -27.4115221], [-58.9870456, -27.4115061], [-58.9879691, -27.4098654], [-58.9878332, -27.4086265], [-58.987506, -27.4083461], [-58.9874925, -27.4077734], [-58.9872744, -27.4075865], [-58.9872296, -27.4056774], [-58.9866752, -27.4048283], [-58.9867619, -27.4039672], [-58.9865438, -27.4037803], [-58.9865259, -27.4030167], [-58.9878858, -27.4017498], [-58.988086, -27.4011731], [-58.9879635, -27.4005069], [-58.9882728, -27.4000236], [-58.9887271, -27.4011611], [-58.9876944, -27.4027083], [-58.9871669, -27.4030047], [-58.98688, -27.4044425], [-58.9873118, -27.4046254], [-58.9873297, -27.4053891], [-58.9878886, -27.4064291], [-58.9881336, -27.4077614], [-58.9880469, -27.4086225], [-58.9884832, -27.4089963], [-58.9879512, -27.4091018], [-58.9882964, -27.4101458], [-58.9885101, -27.4101418], [-58.9882097, -27.4110069], [-58.9887462, -27.4110923], [-58.9898325, -27.411836], [-58.9913418, -27.4123807], [-58.9920008, -27.4131323], [-58.9935235, -27.4142498], [-58.993764, -27.4153913], [-58.9936862, -27.4166342], [-58.9943407, -27.4171949], [-58.9949818, -27.4171829], [-58.996137, -27.4163018], [-58.996669, -27.4161964], [-58.9970874, -27.4158066], [-58.9982515, -27.4153073], [-58.9979886, -27.4132113], [-58.9981978, -27.4130164], [-58.9993977, -27.4140444], [-58.9999655, -27.4154662], [-59.0011654, -27.4164942], [-59.0011699, -27.4166851], [-59.0016018, -27.416868], [-59.002047, -27.4176237], [-59.002065, -27.4183873], [-59.0013327, -27.4190695], [-58.9994095, -27.4191055], [-58.9994184, -27.4194873], [-59.0002866, -27.420044], [-59.0019005, -27.4204913], [-59.0029913, -27.4214259], [-59.0032229, -27.4221855], [-59.0030361, -27.4233349], [-59.0024085, -27.4239197], [-59.0024308, -27.4248742], [-59.0029718, -27.4251506], [-59.0024487, -27.4256378], [-59.0018077, -27.4256498], [-59.0013669, -27.4250851], [-59.0015537, -27.4239357], [-59.0019721, -27.4235458], [-59.0023771, -27.4225833], [-59.0023592, -27.4218197], [-59.0015956, -27.4211655], [-58.9982588, -27.4201775], [-58.9980272, -27.4194178], [-58.998341, -27.4191255], [-58.9983321, -27.4187436], [-58.9988551, -27.4182564], [-58.99981, -27.417952], [-58.9998011, -27.4175702], [-58.9994738, -27.4172898], [-58.9976552, -27.4172284], [-58.9942585, -27.4182469], [-58.9939447, -27.4185393], [-58.9937534, -27.4194978], [-58.9932348, -27.420176], [-58.9928119, -27.4203749], [-58.9902476, -27.4204229], [-58.9894153, -27.4213934], [-58.9888877, -27.4216898], [-58.9888967, -27.4220716], [-58.9892195, -27.4221611], [-58.9892329, -27.4227338], [-58.9888189, -27.4233145], [-58.9888279, -27.4236963], [-58.9894734, -27.4238752], [-58.9897828, -27.423392], [-58.9905285, -27.4232825], [-58.9914056, -27.4242211], [-58.9923784, -27.4246803], [-58.9932332, -27.4246643], [-58.9942837, -27.4238807], [-58.9945841, -27.4230156], [-58.9945617, -27.4220611], [-58.9940118, -27.4214029], [-58.9940163, -27.4215938], [-58.9944437, -27.4215858], [-58.9945438, -27.4212974], [-58.9950803, -27.4213829], [-58.9961308, -27.4205993], [-58.9961353, -27.4207902], [-58.9970035, -27.4213469], [-58.9971216, -27.4218222], [-58.9974488, -27.4221026], [-58.9978762, -27.4220946], [-58.9986129, -27.4216033], [-58.9990492, -27.4219771], [-58.9986442, -27.4229396], [-58.9978074, -27.4237193], [-58.9971708, -27.4239222], [-58.9967389, -27.4237393], [-58.9958842, -27.4237553], [-58.9955703, -27.4240476], [-58.9954792, -27.4247178], [-58.9950652, -27.4252985], [-58.9936007, -27.4266629], [-58.9926324, -27.4263945], [-58.9920825, -27.4257363], [-58.9902594, -27.425484], [-58.9897364, -27.4259712], [-58.9895361, -27.426548], [-58.9901173, -27.4285425], [-58.9895943, -27.4290298], [-58.9889532, -27.4290418], [-58.9880073, -27.429728], [-58.9875799, -27.429736], [-58.9866384, -27.430613], [-58.9864561, -27.4319534], [-58.9859509, -27.4332043], [-58.9847868, -27.4337036], [-58.983705, -27.4331508], [-58.983037, -27.4320174], [-58.9831193, -27.4309654], [-58.9828832, -27.4300148], [-58.9823333, -27.4293567], [-58.98177, -27.4281257], [-58.9814427, -27.4278454], [-58.9803787, -27.4280563], [-58.9802876, -27.4287265], [-58.9818684, -27.4323257], [-58.9836183, -27.4340119], [-58.9837542, -27.4352508], [-58.9839768, -27.4356287], [-58.9837766, -27.4362054], [-58.98249, -27.4360385], [-58.9820536, -27.4356647], [-58.9804532, -27.4357901], [-58.9799301, -27.4362774], [-58.9789752, -27.4365817], [-58.9779337, -27.4377472], [-58.9773972, -27.4376617], [-58.9770655, -27.4371904], [-58.9770476, -27.4364268], [-58.9775616, -27.4355577], [-58.9776304, -27.433933], [-58.9764216, -27.4325232], [-58.9747898, -27.4313123], [-58.9734629, -27.4294272], [-58.9727172, -27.4295366], [-58.9722988, -27.4299264], [-58.9726618, -27.4317341], [-58.9729846, -27.4318235], [-58.9733253, -27.4326766], [-58.9730338, -27.4339235], [-58.9716695, -27.4349995], [-58.9708102, -27.4348246], [-58.9706967, -27.4345402], [-58.971656, -27.4344268], [-58.9723883, -27.4337446], [-58.972475, -27.4328835], [-58.971816, -27.4321319], [-58.9710659, -27.4320504], [-58.9691561, -27.4326591], [-58.9671283, -27.4327926], [-58.9659597, -27.4331009], [-58.9659552, -27.43291], [-58.965205, -27.4328286], [-58.9643324, -27.4320809], [-58.963769, -27.43085], [-58.9641964, -27.430842], [-58.9642966, -27.4305537], [-58.9645147, -27.4307406], [-58.965906, -27.43081], [-58.9659104, -27.4310009], [-58.9663378, -27.4309929], [-58.9669923, -27.4315537], [-58.9679562, -27.4316311], [-58.9685883, -27.4312373], [-58.9685704, -27.4304737], [-58.967484, -27.42973], [-58.9661974, -27.4295631], [-58.964579, -27.4289249], [-58.9635106, -27.4289449], [-58.9618548, -27.4312678], [-58.9613899, -27.4342369], [-58.9587748, -27.4366733], [-58.9570054, -27.4387118], [-58.9571413, -27.4399507], [-58.9579094, -27.4407958], [-58.9578092, -27.4410842], [-58.9567632, -27.4420587], [-58.9560175, -27.4421682], [-58.9552629, -27.4418958], [-58.9542766, -27.4408638], [-58.9539136, -27.4390562], [-58.9535908, -27.4389667], [-58.9527405, -27.4391736], [-58.9521218, -27.4401401], [-58.9521397, -27.4409038], [-58.9563252, -27.4461733], [-58.9565523, -27.446742], [-58.9574205, -27.4472987], [-58.9579749, -27.4481478], [-58.9597157, -27.4494522], [-58.961107, -27.4495216], [-58.9614208, -27.4492293], [-58.9614118, -27.4488475], [-58.9607618, -27.4484776], [-58.9591524, -27.4482213], [-58.9580616, -27.4472867], [-58.9579167, -27.445666], [-58.958226, -27.4451827], [-58.9588581, -27.4447889], [-58.960877, -27.4442736], [-58.9612954, -27.4438838], [-58.9622682, -27.4443431], [-58.9632589, -27.445566], [-58.9614806, -27.4472227], [-58.9614941, -27.4477955], [-58.9622711, -27.4490224], [-58.9629256, -27.4495831], [-58.9627477, -27.4511144], [-58.9616927, -27.4517071], [-58.9610516, -27.4517191], [-58.9606197, -27.4515362], [-58.9606153, -27.4513453], [-58.9590059, -27.4510889], [-58.9581287, -27.4501504], [-58.9574608, -27.4490169], [-58.9548383, -27.4465831], [-58.9539522, -27.4452627], [-58.9535248, -27.4452707], [-58.9537698, -27.4466031], [-58.953465, -27.4472772], [-58.9528329, -27.4476711], [-58.9514416, -27.4476016], [-58.9512324, -27.4477965], [-58.9513728, -27.4492263], [-58.9520452, -27.4505507], [-58.9519496, -27.45103], [-58.9522768, -27.4513103], [-58.9519764, -27.4521754], [-58.9521527, -27.4551325], [-58.9534661, -27.4564449], [-58.9543254, -27.4566198], [-58.9544389, -27.4569042], [-58.9550845, -27.4570831], [-58.9555208, -27.4574569], [-58.9564847, -27.4575343], [-58.9569031, -27.4571445], [-58.9571901, -27.4557067], [-58.9580269, -27.4549271], [-58.9594003, -27.4542329], [-58.9601504, -27.4543144], [-58.960264, -27.4545987], [-58.9605867, -27.4546882], [-58.9607048, -27.4551635], [-58.9614505, -27.455054], [-58.9619959, -27.4555213], [-58.9626369, -27.4555093], [-58.9628596, -27.4558871], [-58.9619136, -27.4565733], [-58.9608362, -27.4562115], [-58.9599815, -27.4562275], [-58.9595586, -27.4564264], [-58.9593538, -27.4568122], [-58.9593717, -27.4575758], [-58.959826, -27.4587133], [-58.9595256, -27.4595784], [-58.959548, -27.4605329], [-58.957665, -27.4622871], [-58.9567012, -27.4622096], [-58.9563874, -27.462502], [-58.95596, -27.46251], [-58.9559555, -27.4623191], [-58.9553055, -27.4619492], [-58.953587, -27.4615994], [-58.9531641, -27.4617983], [-58.9524363, -27.4626714], [-58.9519955, -27.4621067], [-58.9525185, -27.4616194], [-58.952396, -27.4609532], [-58.9514277, -27.4606849], [-58.9512051, -27.460307], [-58.950564, -27.460319], [-58.949914, -27.4599492], [-58.9479908, -27.4599852], [-58.9467176, -27.460391], [-58.9454309, -27.4602241], [-58.942121, -27.4603815], [-58.9419118, -27.4605765], [-58.9419252, -27.4611492], [-58.9422569, -27.4616205], [-58.9423929, -27.4628594], [-58.9430474, -27.4634201], [-58.9443295, -27.4633961], [-58.9441158, -27.4634001], [-58.9440202, -27.4638794], [-58.9427649, -27.4650488], [-58.9421283, -27.4652517], [-58.9421327, -27.4654426], [-58.9404277, -27.4656655], [-58.9393816, -27.4666401], [-58.938999, -27.4685572], [-58.9380575, -27.4694343], [-58.9373163, -27.4697346], [-58.9373208, -27.4699255], [-58.9370847, -27.468975], [-58.9372626, -27.4674437], [-58.9374763, -27.4674397], [-58.9372492, -27.466871], [-58.9374405, -27.4659124], [-58.9366769, -27.4652582], [-58.9357086, -27.4649899], [-58.933754, -27.4636895], [-58.9327857, -27.4634211], [-58.9313721, -27.4623971], [-58.9298584, -27.4616615], [-58.9284313, -27.4600648], [-58.928004, -27.4600728], [-58.9282579, -27.4617869], [-58.9288212, -27.4630178], [-58.9292531, -27.4632008], [-58.9294758, -27.4635786], [-58.9314034, -27.4637335], [-58.9325989, -27.4645706], [-58.93519, -27.4656681], [-58.9354127, -27.4660459], [-58.9347895, -27.4668215], [-58.9347162, -27.4682553], [-58.9344114, -27.4689295], [-58.9330291, -27.4692419], [-58.9320787, -27.4697371], [-58.9315422, -27.4696517], [-58.931333, -27.4698466], [-58.9307876, -27.4693793], [-58.9302511, -27.4692939], [-58.9289332, -27.4677906], [-58.9278513, -27.4672378], [-58.923446, -27.4662698], [-58.9224687, -27.4656196], [-58.9219367, -27.4657251], [-58.9216095, -27.4654447], [-58.9207547, -27.4654607], [-58.9189495, -27.465972], [-58.9178811, -27.465992], [-58.9176719, -27.4661869], [-58.9156815, -27.4633592], [-58.9155545, -27.4625021], [-58.9152317, -27.4624127], [-58.9140587, -27.4625301], [-58.9140766, -27.4632938], [-58.9145129, -27.4636676], [-58.9147445, -27.4644272], [-58.9144217, -27.4643378], [-58.9122356, -27.4622778], [-58.9118082, -27.4622858], [-58.9103303, -27.4630774], [-58.9092618, -27.4630974], [-58.907648, -27.4626501], [-58.9071025, -27.4621828], [-58.90698, -27.4615167], [-58.90633, -27.4611468], [-58.9048431, -27.4615566], [-58.903688, -27.4624377], [-58.9033876, -27.4633028], [-58.9030648, -27.4632134], [-58.9015152, -27.4609504], [-58.9007561, -27.4604872], [-58.9004155, -27.4596341], [-58.8988883, -27.4583257], [-58.8988749, -27.457753], [-58.8967933, -27.4555955], [-58.8967844, -27.4552137], [-58.8957937, -27.4539908]], [[-58.9874086, -27.4133138], [-58.9876581, -27.4148371], [-58.9884217, -27.4154912], [-58.9897128, -27.4158491], [-58.9905676, -27.4158331], [-58.9909905, -27.4156342], [-58.9910817, -27.414964], [-58.9907544, -27.4146836], [-58.9897906, -27.4146062], [-58.9894633, -27.4143258], [-58.9893453, -27.4138505], [-58.9898773, -27.4137451], [-58.9898728, -27.4135542], [-58.9914822, -27.4138105], [-58.9914732, -27.4134287], [-58.991146, -27.4131483], [-58.9902823, -27.4127825], [-58.9883546, -27.4126276], [-58.9874086, -27.4133138]], [[-58.9348303, -27.4548837], [-58.9348392, -27.4552655], [-58.9359077, -27.4552455], [-58.9372855, -27.4547423], [-58.9370808, -27.4551281], [-58.9370763, -27.4549372], [-58.9366489, -27.4549452], [-58.9366623, -27.4555179], [-58.9362439, -27.4559077], [-58.9363664, -27.4565739], [-58.937012, -27.4567528], [-58.940271, -27.4589837], [-58.9469956, -27.4585714], [-58.9469866, -27.4581896], [-58.9464367, -27.4575314], [-58.9442551, -27.4556623], [-58.9414502, -27.4545688], [-58.9390683, -27.4532764], [-58.9372497, -27.453215], [-58.9366131, -27.4534179], [-58.9353488, -27.4542055], [-58.9348303, -27.4548837]], [[-58.9642803, -27.4253017], [-58.9634255, -27.4253177], [-58.9627934, -27.4257115], [-58.9626424, -27.4283882], [-58.9634927, -27.4281813], [-58.9642937, -27.4258744], [-58.9642803, -27.4253017]], [[-58.929083, -27.4559462], [-58.9292055, -27.4566124], [-58.9327426, -27.4570237], [-58.9335974, -27.4570077], [-58.9339112, -27.4567153], [-58.9338978, -27.4561426], [-58.933457, -27.4555779], [-58.9305788, -27.4559182], [-58.9298197, -27.4554549], [-58.9293924, -27.4554629], [-58.929083, -27.4559462]], [[-58.9379657, -27.4472808], [-58.9377744, -27.4482393], [-58.9384289, -27.4488001], [-58.9404836, -27.4498121], [-58.9412292, -27.4497026], [-58.9412113, -27.448939], [-58.9419436, -27.4482568], [-58.942371, -27.4482488], [-58.9428118, -27.4488136], [-58.9428386, -27.449959], [-58.9424381, -27.4511125], [-58.9424515, -27.4516852], [-58.9427877, -27.4523474], [-58.9430014, -27.4523434], [-58.9500919, -27.4584179], [-58.9513874, -27.4589667], [-58.9516101, -27.4593445], [-58.9522467, -27.4591416], [-58.9539562, -27.4591096], [-58.9539472, -27.4587278], [-58.9536245, -27.4586383], [-58.9534018, -27.4582605], [-58.9526561, -27.45837], [-58.9510378, -27.4577318], [-58.950056, -27.4568907], [-58.9488337, -27.4549081], [-58.9485977, -27.4539576], [-58.9487979, -27.4533809], [-58.9484573, -27.4525278], [-58.9476847, -27.4514918], [-58.9463802, -27.4505612], [-58.9462622, -27.4500859], [-58.9452715, -27.448863], [-58.9450264, -27.4475307], [-58.9443719, -27.4469699], [-58.9437264, -27.446791], [-58.9423396, -27.4469125], [-58.9411889, -27.4479845], [-58.9403387, -27.4481914], [-58.939584, -27.447919], [-58.9388204, -27.4472648], [-58.9379657, -27.4472808]], [[-58.9461071, -27.4389158], [-58.9461653, -27.4413976], [-58.945856, -27.4418808], [-58.9458694, -27.4424536], [-58.9464104, -27.4427299], [-58.9480511, -27.4443227], [-58.948196, -27.4459434], [-58.9486323, -27.4463172], [-58.949378, -27.4462078], [-58.9495872, -27.4460129], [-58.9495111, -27.4427674], [-58.949039, -27.4408663], [-58.9488163, -27.4404885], [-58.9465345, -27.4389078], [-58.9461071, -27.4389158]], [[-58.9437386, -27.4381961], [-58.9428839, -27.4382121], [-58.9425701, -27.4385045], [-58.942588, -27.4392681], [-58.9430377, -27.4402146], [-58.9424504, -27.4425176], [-58.9426775, -27.4430863], [-58.9431049, -27.4430783], [-58.9434187, -27.4427859], [-58.944547, -27.4407594], [-58.944293, -27.4390452], [-58.9437386, -27.4381961]], [[-58.9574109, -27.4240933], [-58.9569969, -27.424674], [-58.9570103, -27.4252467], [-58.9581057, -27.4263722], [-58.9583462, -27.4275136], [-58.9579412, -27.4284762], [-58.957209, -27.4291584], [-58.9571222, -27.4300194], [-58.958095, -27.4304787], [-58.9595909, -27.4304507], [-58.960755, -27.4299515], [-58.9609553, -27.4293747], [-58.9609194, -27.4278475], [-58.9597106, -27.4264376], [-58.9585884, -27.4241667], [-58.9574109, -27.4240933]], [[-58.9188214, -27.4559473], [-58.9188303, -27.4563291], [-58.9192667, -27.4567029], [-58.9214304, -27.4578084], [-58.921544, -27.4580927], [-58.9225213, -27.4587429], [-58.9240216, -27.4589058], [-58.9243354, -27.4586135], [-58.9242084, -27.4577564], [-58.922472, -27.4566429], [-58.9203262, -27.4563011], [-58.9197852, -27.4560247], [-58.9195626, -27.4556469], [-58.9191352, -27.4556549], [-58.9191397, -27.4558458], [-58.9188214, -27.4559473]]]}}, {"type": "Feature", "properties": {"id": 1, "codigo": 2, "categoria": "Zona de Restricción Severa", "area_ha": 21.39}, "geometry": {"type": "Polygon", "coordinates": [[[-59.0426649, -27.4950751], [-59.0434151, -27.4951566], [-59.0440696, -27.4957173], [-59.0440741, -27.4959082], [-59.0454921, -27.4971231], [-59.0463782, -27.4984435], [-59.0464006, -27.499398], [-59.0453501, -27.5001817], [-59.0452544, -27.5006609], [-59.0449406, -27.5009533], [-59.0444086, -27.5010588], [-59.0439947, -27.5016395], [-59.0434627, -27.5017449], [-59.043367, -27.5022242], [-59.0429396, -27.5022322], [-59.0430129, -27.5007984], [-59.0421134, -27.4989053], [-59.0418505, -27.4968093], [-59.0419372, -27.4959482], [-59.0426649, -27.4950751]]]}}, {"type": "Feature", "properties": {"id": 2, "codigo": 2, "categoria": "Zona de Restricción Severa", "area_ha": 26.26}, "geometry": {"type": "Polygon", "coordinates": [[[-59.0740337, -27.4652662], [-59.0770774, -27.4719895], [-59.0758132, -27.4727771], [-59.0745579, -27.4739465], [-59.0745624, -27.4741375], [-59.0737166, -27.4745353], [-59.0727482, -27.4742669], [-59.0727393, -27.4738851], [-59.0721939, -27.4734178], [-59.072176, -27.4726542], [-59.0727857, -27.4713058], [-59.0731101, -27.4669069], [-59.0737333, -27.4661313], [-59.07382, -27.4652702], [-59.0740337, -27.4652662]]]}}, {"type": "Feature", "properties": {"id": 3, "codigo": 2, "categoria": "Zona de Restricción Severa", "area_ha": 55.49}, "geometry": {"type": "Polygon", "coordinates": [[[-59.046386, -27.4896577], [-59.0469958, -27.4883093], [-59.0480418, -27.4873348], [-59.0494152, -27.4866406], [-59.051325, -27.4860319], [-59.0521797, -27.4860159], [-59.0532571, -27.4863777], [-59.0544615, -27.4875966], [-59.0556346, -27.4874792], [-59.0559394, -27.486805], [-59.0565805, -27.486793], [-59.0570213, -27.4873577], [-59.0586218, -27.4872323], [-59.0596678, -27.4862577], [-59.0601775, -27.4851977], [-59.0612146, -27.4838414], [-59.0614104, -27.4830737], [-59.0610831, -27.4827934], [-59.0600147, -27.4828134], [-59.0598144, -27.4833901], [-59.0588729, -27.4842672], [-59.0582319, -27.4842792], [-59.0580137, -27.4840923], [-59.0581093, -27.483613], [-59.0590508, -27.4827359], [-59.0611743, -27.4821232], [-59.0616973, -27.4816359], [-59.0623071, -27.4802876], [-59.0625208, -27.4802836], [-59.0629616, -27.4808483], [-59.0633889, -27.4808403], [-59.0628972, -27.4826639], [-59.0635473, -27.4830338], [-59.0634516, -27.483513], [-59.0630287, -27.4837119], [-59.0629331, -27.4841912], [-59.0617779, -27.4850723], [-59.0616867, -27.4857425], [-59.060941, -27.4858519], [-59.0606272, -27.4861443], [-59.0605316, -27.4866236], [-59.0599996, -27.486729], [-59.0592718, -27.4876021], [-59.0586352, -27.487805], [-59.0585395, -27.4882843], [-59.0582213, -27.4883857], [-59.057075, -27.4896486], [-59.0563338, -27.489949], [-59.0561291, -27.4903348], [-59.054838, -27.489977], [-59.0534557, -27.4902893], [-59.0531419, -27.4905817], [-59.0528505, -27.4918286], [-59.0535094, -27.4925803], [-59.0534138, -27.4930595], [-59.0526681, -27.493169], [-59.0528639, -27.4924013], [-59.0524276, -27.4920275], [-59.0524141, -27.4914548], [-59.0517552, -27.4907032], [-59.0519375, -27.4893628], [-59.0529791, -27.4881973], [-59.0526474, -27.4877261], [-59.0521154, -27.4878315], [-59.0509692, -27.4890944], [-59.050887, -27.4901464], [-59.0506778, -27.4903413], [-59.0500367, -27.4903533], [-59.0487635, -27.4907591], [-59.047695, -27.4907791], [-59.0468179, -27.4898406], [-59.046386, -27.4896577]]]}}, {"type": "Feature", "properties": {"id": 4, "codigo": 2, "categoria": "Zona de Restricción Severa", "area_ha": 6.68}, "geometry": {"type": "Polygon", "coordinates": [[[-59.0263097, -27.485927], [-59.0270554, -27.4858176], [-59.0297869, -27.4883449], [-59.0296913, -27.4888241], [-59.0293775, -27.4891165], [-59.0289501, -27.4891245], [-59.0286228, -27.4888441], [-59.0285048, -27.4883689], [-59.0278503, -27.4878081], [-59.0258269, -27.4881325], [-59.0253951, -27.4879496], [-59.0260183, -27.4871739], [-59.0260004, -27.4864103], [-59.026214, -27.4864063], [-59.0263097, -27.485927]]]}}, {"type": "Feature", "properties": {"id": 5, "codigo": 2, "categoria": "Zona de Restricción Severa", "area_ha": 18.26}, "geometry": {"type": "Polygon", "coordinates": [[[-58.9877006, -27.5215057], [-58.9888692, -27.5211974], [-58.9898152, -27.5205112], [-58.9904518, -27.5203083], [-58.9917429, -27.5206661], [-58.9919745, -27.5214258], [-58.9924063, -27.5216087], [-58.9918922, -27.5224778], [-58.9920282, -27.5237167], [-58.9908775, -27.5247887], [-58.989168, -27.5248207], [-58.9883087, -27.5246457], [-58.9873538, -27.5249501], [-58.9872313, -27.5242839], [-58.9879501, -27.523029], [-58.9877006, -27.5215057]]]}}, {"type": "Feature", "properties": {"id": 6, "codigo": 2, "categoria": "Zona de Restricción Severa", "area_ha": 2.67}, "geometry": {"type": "Polygon", "coordinates": [[[-58.9972065, -27.5120647], [-58.9985932, -27.5119433], [-58.9990654, -27.5138443], [-58.9984243, -27.5138563], [-58.997338, -27.5131127], [-58.9972065, -27.5120647]]]}}, {"type": "Feature", "properties": {"id": 7, "codigo": 2, "categoria": "Zona de Restricción Severa", "area_ha": 35.0}, "geometry": {"type": "Polygon", "coordinates": [[[-59.001374, -27.5165705], [-59.0014921, -27.5170458], [-59.000969, -27.5175331], [-58.9993686, -27.5176585], [-58.9982, -27.5179669], [-58.9975679, -27.5183607], [-58.9970493, -27.5190389], [-58.9969537, -27.5195182], [-58.9958986, -27.5201109], [-58.9943072, -27.5206181], [-58.9930295, -27.520833], [-58.9927979, -27.5200734], [-58.9923616, -27.5196996], [-58.9916114, -27.5196181], [-58.990416, -27.518781], [-58.9905116, -27.5183018], [-58.9912618, -27.5183832], [-58.9921076, -27.5179854], [-58.993962, -27.5195741], [-58.9950215, -27.5191723], [-58.9951082, -27.5183112], [-58.9940174, -27.5173767], [-58.9937858, -27.5166171], [-58.9938546, -27.5149923], [-58.9947781, -27.5133516], [-58.9960648, -27.5135185], [-58.9965011, -27.5138923], [-58.9964189, -27.5149443], [-58.9968731, -27.5160818], [-58.997305, -27.5162647], [-58.997837, -27.5161593], [-58.9981508, -27.5158669], [-58.9982375, -27.5150058], [-58.9993015, -27.5147949], [-58.9999515, -27.5151647], [-59.001374, -27.5165705]]]}}, {"type": "Feature", "properties": {"id": 8, "codigo": 2, "categoria": "Zona de Restricción Severa", "area_ha": 43.13}, "geometry": {"type": "Polygon", "coordinates": [[[-59.0390628, -27.4736558], [-59.0399176, -27.4736398], [-59.0407813, -27.4740057], [-59.0413133, -27.4739002], [-59.0414134, -27.4736118], [-59.0418408, -27.4736038], [-59.0420679, -27.4741726], [-59.0417631, -27.4748467], [-59.0419812, -27.4750337], [-59.0421127, -27.4760817], [-59.0426536, -27.476358], [-59.0427717, -27.4768333], [-59.0424758, -27.4778893], [-59.0415388, -27.4789573], [-59.0407931, -27.4790667], [-59.0403791, -27.4796475], [-59.0403881, -27.4800293], [-59.0411472, -27.4804926], [-59.0406465, -27.4819344], [-59.0414146, -27.4827795], [-59.0411097, -27.4834537], [-59.0411276, -27.4842173], [-59.0415774, -27.4851638], [-59.0413816, -27.4859315], [-59.0409542, -27.4859395], [-59.0402863, -27.484806], [-59.0394181, -27.4842493], [-59.0391955, -27.4838715], [-59.0377863, -27.4830384], [-59.0376638, -27.4823722], [-59.0372275, -27.4819984], [-59.0373142, -27.4811373], [-59.03686, -27.4799998], [-59.0370513, -27.4790413], [-59.0369332, -27.478566], [-59.037138, -27.4781802], [-59.0380839, -27.477494], [-59.0407662, -27.4779213], [-59.0410845, -27.4778198], [-59.0414985, -27.4772391], [-59.0409486, -27.4765809], [-59.0395484, -27.4761296], [-59.0391121, -27.4757558], [-59.0377119, -27.4753045], [-59.0371799, -27.47541], [-59.0368661, -27.4757024], [-59.0362205, -27.4755234], [-59.0359979, -27.4751456], [-59.0359845, -27.4745729], [-59.0361937, -27.474378], [-59.0390628, -27.4736558]]]}}, {"type": "Feature", "properties": {"id": 9, "codigo": 2, "categoria": "Zona de Restricción Severa", "area_ha": 0.56}, "geometry": {"type": "Polygon", "coordinates": [[[-58.9746935, -27.5320628], [-58.9745979, -27.532542], [-58.9738611, -27.5330333], [-58.9737431, -27.532558], [-58.974166, -27.5323591], [-58.9742617, -27.5318799], [-58.9746935, -27.5320628]]]}}, {"type": "Feature", "properties": {"id": 10, "codigo": 2, "categoria": "Zona de Restricción Severa", "area_ha": 1.55}, "geometry": {"type": "Polygon", "coordinates": [[[-58.9878248, -27.5176836], [-58.9884659, -27.5176716], [-58.9892205, -27.5179439], [-58.9890203, -27.5185207], [-58.9891428, -27.5191868], [-58.9880609, -27.5186341], [-58.9877292, -27.5181628], [-58.9878248, -27.5176836]]]}}, {"type": "Feature", "properties": {"id": 11, "codigo": 2, "categoria": "Zona de Restricción Severa", "area_ha": 1259.59}, "geometry": {"type": "Polygon", "coordinates": [[[-59.0407596, -27.4958747], [-59.0404503, -27.496358], [-59.0394909, -27.4964715], [-59.0391816, -27.4969547], [-59.0394087, -27.4975235], [-59.0394445, -27.4990507], [-59.0414259, -27.5014966], [-59.0414438, -27.5022602], [-59.0407384, -27.5040878], [-59.0403155, -27.5042867], [-59.0402377, -27.5055296], [-59.0399194, -27.5056311], [-59.0349028, -27.5104998], [-59.0326971, -27.5121645], [-59.0326104, -27.5130256], [-59.0312236, -27.513147], [-59.0281917, -27.5114849], [-59.0274236, -27.5106398], [-59.0269917, -27.5104568], [-59.0264597, -27.5105623], [-59.0252598, -27.5095343], [-59.0244006, -27.5093594], [-59.0235324, -27.5088026], [-59.022455, -27.5084408], [-59.0214911, -27.5083634], [-59.0185174, -27.509183], [-59.0182215, -27.510239], [-59.0200804, -27.5120186], [-59.021485, -27.5126608], [-59.0222352, -27.5127423], [-59.0232947, -27.5123405], [-59.0242361, -27.5114634], [-59.0254092, -27.5113459], [-59.0264866, -27.5117078], [-59.027573, -27.5124514], [-59.0289731, -27.5129027], [-59.0304958, -27.5140201], [-59.0305182, -27.5149747], [-59.0302044, -27.515267], [-59.0291359, -27.515287], [-59.0282722, -27.5149212], [-59.0275265, -27.5150307], [-59.0275713, -27.5169398], [-59.0267344, -27.5177194], [-59.0267524, -27.518483], [-59.0259065, -27.5188808], [-59.0242418, -27.5208219], [-59.0226592, -27.521711], [-59.0225636, -27.5221903], [-59.0219404, -27.5229659], [-59.0216221, -27.5230674], [-59.0215265, -27.5235466], [-59.0207853, -27.523847], [-59.0201576, -27.5244317], [-59.0196256, -27.5245372], [-59.0196301, -27.5247281], [-59.0193118, -27.5248295], [-59.0192162, -27.5253088], [-59.0184794, -27.5258001], [-59.0183838, -27.5262793], [-59.0177516, -27.5266732], [-59.0174423, -27.5271564], [-59.016601, -27.5277452], [-59.0158553, -27.5278546], [-59.0153367, -27.5285328], [-59.0152411, -27.5290121], [-59.0147136, -27.5293084], [-59.0146179, -27.5297877], [-59.0139903, -27.5303724], [-59.0132446, -27.5304819], [-59.0128396, -27.5314444], [-59.0120939, -27.5315539], [-59.0119982, -27.5320331], [-59.0100062, -27.5336938], [-59.0097058, -27.5345589], [-59.009392, -27.5348513], [-59.0086463, -27.5349608], [-59.0085507, -27.53544], [-59.0080321, -27.5361182], [-59.0069681, -27.5363291], [-59.006986, -27.5370927], [-59.0062493, -27.537584], [-59.0057308, -27.5382622], [-59.0051988, -27.5383676], [-59.0050986, -27.538656], [-59.004462, -27.5388589], [-59.0035206, -27.539736], [-59.0027749, -27.5398454], [-59.0027794, -27.5400364], [-59.0022519, -27.5403327], [-59.0006514, -27.5404582], [-58.9993782, -27.540864], [-58.9992781, -27.5411523], [-58.9981006, -27.5410789], [-58.9977733, -27.5407985], [-58.9972413, -27.540904], [-58.9972458, -27.5410949], [-58.996391, -27.5411109], [-58.9959681, -27.5413098], [-58.9916898, -27.5411989], [-58.9912669, -27.5413978], [-58.9894528, -27.5415272], [-58.9881617, -27.5411694], [-58.9878434, -27.5412708], [-58.9877477, -27.5417501], [-58.9869976, -27.5416686], [-58.9866703, -27.5413883], [-58.9868527, -27.5400479], [-58.9866032, -27.5385246], [-58.986385, -27.5383377], [-58.9865853, -27.537761], [-58.9865405, -27.5358519], [-58.9872773, -27.5353606], [-58.9882366, -27.5352472], [-58.9885639, -27.5355276], [-58.9893543, -27.5373272], [-58.9893901, -27.5388545], [-58.9896083, -27.5390414], [-58.9901403, -27.5389359], [-58.9905498, -27.5381643], [-58.9902091, -27.5373112], [-58.9901867, -27.5363567], [-58.9905738, -27.5346305], [-58.9903332, -27.533489], [-58.9905246, -27.5325305], [-58.9909475, -27.5323316], [-58.991466, -27.5316534], [-58.9934715, -27.5305654], [-58.9946624, -27.5312116], [-58.9951944, -27.5311061], [-58.9952901, -27.5306269], [-58.9950674, -27.5302491], [-58.9939811, -27.5295054], [-58.9937495, -27.5287458], [-58.994159, -27.5279741], [-58.9953096, -27.5269021], [-58.9954053, -27.5264229], [-58.9948599, -27.5259556], [-58.9949555, -27.5254763], [-58.9965291, -27.5242054], [-58.9970611, -27.5241], [-58.9972658, -27.5237142], [-58.9970432, -27.5233363], [-58.9961884, -27.5233523], [-58.9951021, -27.5226087], [-58.9949751, -27.5217516], [-58.9958164, -27.5211629], [-58.9960301, -27.5211589], [-58.9962528, -27.5215367], [-58.9974213, -27.5212283], [-58.9977486, -27.5215087], [-58.9975707, -27.52304], [-58.9986481, -27.5234018], [-59.000135, -27.522992], [-59.00054, -27.5220294], [-59.000422, -27.5215542], [-59.0008449, -27.5213553], [-59.0011542, -27.520872], [-59.0008225, -27.5204007], [-59.0010228, -27.519824], [-59.0020957, -27.5199949], [-59.0037275, -27.5212058], [-59.0042594, -27.5211004], [-59.0052009, -27.5202233], [-59.0056283, -27.5202153], [-59.0082194, -27.5213128], [-59.0089651, -27.5212033], [-59.0090473, -27.5201513], [-59.0076293, -27.5189364], [-59.0076069, -27.5179818], [-59.0072796, -27.5177015], [-59.0051427, -27.5177415], [-59.0046152, -27.5180378], [-59.0044149, -27.5186146], [-59.0029102, -27.5182607], [-59.0025784, -27.5177895], [-59.0026607, -27.5167375], [-59.0035109, -27.5165306], [-59.0038248, -27.5162382], [-59.0039204, -27.5157589], [-59.003375, -27.5152916], [-59.0027339, -27.5153036], [-59.002193, -27.5150273], [-59.0022842, -27.5143571], [-59.0015251, -27.5138938], [-59.0017029, -27.5123625], [-59.0031048, -27.5083255], [-59.0035232, -27.5079356], [-59.0041643, -27.5079236], [-59.004496, -27.5083949], [-59.005028, -27.5082895], [-59.0053418, -27.5079971], [-59.005433, -27.5073269], [-59.0050923, -27.5064738], [-59.005711, -27.5055073], [-59.0074205, -27.5054753], [-59.0097068, -27.5072469], [-59.0104525, -27.5071375], [-59.0108888, -27.5075113], [-59.0123802, -27.5072924], [-59.0124758, -27.5068131], [-59.0121441, -27.5063419], [-59.0114941, -27.505972], [-59.010853, -27.505984], [-59.0100984, -27.5057117], [-59.0069305, -27.5028106], [-59.0057485, -27.5025462], [-59.0052031, -27.5020789], [-59.0051896, -27.5015062], [-59.0056036, -27.5009255], [-59.0056948, -27.5002553], [-59.0059085, -27.5002513], [-59.0063224, -27.4996706], [-59.0070681, -27.4995611], [-59.0082591, -27.5002073], [-59.0091138, -27.5001913], [-59.0095367, -27.4999924], [-59.0096279, -27.4993222], [-59.0091781, -27.4983757], [-59.0097789, -27.4966455], [-59.0102018, -27.4964466], [-59.010293, -27.4957764], [-59.0095473, -27.4958859], [-59.0094472, -27.4961742], [-59.0089152, -27.4962797], [-59.0089107, -27.4960888], [-59.0173839, -27.488195], [-59.0175976, -27.488191], [-59.017502, -27.4886703], [-59.0181699, -27.4898037], [-59.0182969, -27.4906608], [-59.0177828, -27.4915299], [-59.0181369, -27.4929557], [-59.0185732, -27.4933295], [-59.0191052, -27.4932241], [-59.0195192, -27.4926434], [-59.0196014, -27.4915914], [-59.0200019, -27.4904379], [-59.0199482, -27.488147], [-59.0211213, -27.4880296], [-59.0211258, -27.4882205], [-59.0224348, -27.4893419], [-59.0230026, -27.4907637], [-59.0227889, -27.4907677], [-59.0225976, -27.4917263], [-59.0222837, -27.4920186], [-59.0219833, -27.4928837], [-59.0212556, -27.4937568], [-59.0209373, -27.4938583], [-59.0208506, -27.4947194], [-59.0211778, -27.4949997], [-59.0210956, -27.4960517], [-59.0218592, -27.4967059], [-59.0224225, -27.4979368], [-59.0234042, -27.4987779], [-59.024377, -27.4992372], [-59.0256681, -27.499595], [-59.0275914, -27.499559], [-59.0280277, -27.4999329], [-59.0285597, -27.4998274], [-59.0287644, -27.4994416], [-59.0287555, -27.4990598], [-59.0270146, -27.4977554], [-59.0263467, -27.4966219], [-59.0265425, -27.4958543], [-59.0265067, -27.494327], [-59.0261704, -27.4936648], [-59.0261436, -27.4925194], [-59.0263528, -27.4923245], [-59.0306266, -27.4922445], [-59.0312632, -27.4920416], [-59.0323451, -27.4925943], [-59.0337319, -27.4924729], [-59.0346045, -27.4932205], [-59.0339814, -27.4939962], [-59.0327082, -27.494402], [-59.0317443, -27.4943245], [-59.0311077, -27.4945274], [-59.0310165, -27.4951976], [-59.0320072, -27.4964205], [-59.0320162, -27.4968023], [-59.0325571, -27.4970787], [-59.0327932, -27.4980292], [-59.0335568, -27.4986834], [-59.0342337, -27.5001987], [-59.033742, -27.5020223], [-59.0334326, -27.5025056], [-59.0332189, -27.5025096], [-59.0330187, -27.5030863], [-59.0331412, -27.5037525], [-59.0326092, -27.503858], [-59.0325091, -27.5041463], [-59.032654, -27.5057671], [-59.0333085, -27.5063278], [-59.0345951, -27.5064947], [-59.0352317, -27.5062918], [-59.0354364, -27.505906], [-59.0353139, -27.5052398], [-59.0356188, -27.5045656], [-59.0355919, -27.5034202], [-59.0361972, -27.5018809], [-59.0361658, -27.5005445], [-59.0357071, -27.4992162], [-59.0367353, -27.497478], [-59.0366905, -27.4955689], [-59.0380683, -27.4950656], [-59.0401051, -27.495314], [-59.0407596, -27.4958747]], [[-58.9964436, -27.5342341], [-58.9959116, -27.5343396], [-58.9958204, -27.5350098], [-58.9960386, -27.5351967], [-58.9965706, -27.5350912], [-58.9966617, -27.5344211], [-58.9964436, -27.5342341]], [[-58.9984266, -27.5321916], [-58.9978947, -27.5322971], [-58.9976899, -27.5326829], [-58.9978303, -27.5341127], [-58.9980485, -27.5342996], [-58.9985805, -27.5341942], [-58.9987807, -27.5336174], [-58.9987584, -27.5326629], [-58.9984266, -27.5321916]], [[-58.995967, -27.5321421], [-58.995435, -27.5322476], [-58.9953438, -27.5329178], [-58.995562, -27.5331047], [-58.9961986, -27.5329018], [-58.9962942, -27.5324225], [-58.995967, -27.5321421]], [[-59.0033314, -27.5225502], [-59.0032358, -27.5230295], [-59.0038858, -27.5233993], [-59.0046315, -27.5232898], [-59.0047271, -27.5228106], [-59.0042908, -27.5224367], [-59.0033314, -27.5225502]], [[-59.0116663, -27.4950822], [-59.0114482, -27.4948953], [-59.0105979, -27.4951022], [-59.0102975, -27.4959673], [-59.0114661, -27.495659], [-59.0116663, -27.4950822]]]}}, {"type": "Feature", "properties": {"id": 12, "codigo": 2, "categoria": "Zona de Restricción Severa", "area_ha": 50.02}, "geometry": {"type": "Polygon", "coordinates": [[[-58.9735803, -27.5301737], [-58.973549, -27.5288373], [-58.9739764, -27.5288293], [-58.9751718, -27.5296664], [-58.976031, -27.5298413], [-58.9767767, -27.5297319], [-58.9771907, -27.5291511], [-58.9770726, -27.5286759], [-58.9764181, -27.5281151], [-58.9765004, -27.5270631], [-58.9768052, -27.526389], [-58.9771235, -27.5262875], [-58.9775554, -27.5264704], [-58.9779783, -27.5262715], [-58.9789421, -27.526349], [-58.9795787, -27.5261461], [-58.9799927, -27.5255653], [-58.9800749, -27.5245133], [-58.9806114, -27.5245988], [-58.9821386, -27.5259072], [-58.9838436, -27.5256843], [-58.9857892, -27.5266028], [-58.9869667, -27.5266763], [-58.9868711, -27.5271556], [-58.9870937, -27.5275334], [-58.986889, -27.5279192], [-58.9852108, -27.5292876], [-58.9823282, -27.529437], [-58.9811417, -27.5289817], [-58.9806097, -27.5290872], [-58.9795905, -27.5312072], [-58.9784354, -27.5320882], [-58.9777943, -27.5321002], [-58.9771443, -27.5317304], [-58.9760803, -27.5319413], [-58.9755259, -27.5310922], [-58.9747623, -27.530438], [-58.9737985, -27.5303606], [-58.9735803, -27.5301737]]]}}, {"type": "Feature", "properties": {"id": 13, "codigo": 2, "categoria": "Zona de Restricción Severa", "area_ha": 9.12}, "geometry": {"type": "Polygon", "coordinates": [[[-59.0280539, -27.4782547], [-59.0285724, -27.4775765], [-59.0296364, -27.4773656], [-59.0299681, -27.4778369], [-59.0299816, -27.4784096], [-59.0304134, -27.4785925], [-59.0311546, -27.4782921], [-59.0312458, -27.477622], [-59.0314595, -27.477618], [-59.0318958, -27.4779918], [-59.0323232, -27.4779838], [-59.0327774, -27.4791212], [-59.0324592, -27.4792227], [-59.0313129, -27.4804856], [-59.030781, -27.4805911], [-59.0295945, -27.4801358], [-59.029472, -27.4794696], [-59.0290401, -27.4792867], [-59.0280539, -27.4782547]]]}}, {"type": "Feature", "properties": {"id": 14, "codigo": 2, "categoria": "Zona de Restricción Severa", "area_ha": 93.84}, "geometry": {"type": "Polygon", "coordinates": [[[-59.0565384, -27.4530836], [-59.0563426, -27.4538512], [-59.0559197, -27.4540501], [-59.0556193, -27.4549152], [-59.0555416, -27.4561581], [-59.0553368, -27.4565439], [-59.0555684, -27.4573035], [-59.0545268, -27.458469], [-59.0537811, -27.4585784], [-59.0535809, -27.4591552], [-59.053926, -27.4601992], [-59.054703, -27.4614261], [-59.054712, -27.4618079], [-59.0539663, -27.4619174], [-59.0531295, -27.462697], [-59.0522792, -27.4629039], [-59.0489407, -27.4664042], [-59.0475495, -27.4663348], [-59.0470219, -27.4666311], [-59.0471042, -27.4655791], [-59.0465588, -27.4651119], [-59.0460268, -27.4652173], [-59.045822, -27.4656031], [-59.0453902, -27.4654202], [-59.0448582, -27.4655257], [-59.0433892, -27.4666991], [-59.0432935, -27.4671784], [-59.042243, -27.467962], [-59.0420472, -27.4687297], [-59.0424835, -27.4691035], [-59.042497, -27.4696762], [-59.0429333, -27.47005], [-59.043679, -27.4699406], [-59.0437657, -27.4690795], [-59.0441707, -27.4681169], [-59.0448028, -27.4677231], [-59.0456621, -27.467898], [-59.0460117, -27.469133], [-59.0453796, -27.4695268], [-59.0446563, -27.4705908], [-59.0435056, -27.4716628], [-59.0428645, -27.4716748], [-59.0418783, -27.4706427], [-59.0417423, -27.4694038], [-59.0406247, -27.4673238], [-59.0406023, -27.4663693], [-59.0437405, -27.4634457], [-59.0444862, -27.4633362], [-59.0448, -27.4630439], [-59.0447821, -27.4622802], [-59.0451004, -27.4621788], [-59.0453051, -27.4617929], [-59.0455188, -27.461789], [-59.0455143, -27.461598], [-59.051477, -27.4560432], [-59.0520089, -27.4559377], [-59.0525678, -27.4569777], [-59.052895, -27.4572581], [-59.053427, -27.4571526], [-59.0537319, -27.4564784], [-59.0536094, -27.4558123], [-59.0538052, -27.4550446], [-59.0543372, -27.4549392], [-59.0545419, -27.4545534], [-59.0553832, -27.4539646], [-59.0554744, -27.4532945], [-59.0565384, -27.4530836]]]}}, {"type": "Feature", "properties": {"id": 15, "codigo": 2, "categoria": "Zona de Restricción Severa", "area_ha": 0.61}, "geometry": {"type": "Polygon", "coordinates": [[[-58.9751091, -27.5269937], [-58.9753228, -27.5269897], [-58.9752496, -27.5284235], [-58.9750359, -27.5284275], [-58.9747041, -27.5279562], [-58.9751091, -27.5269937]]]}}, {"type": "Feature", "properties": {"id": 16, "codigo": 2, "categoria": "Zona de Restricción Severa", "area_ha": 3.91}, "geometry": {"type": "Polygon", "coordinates": [[[-58.996863, -27.5065323], [-58.9970767, -27.5065283], [-58.996981, -27.5070076], [-58.9975264, -27.5074749], [-58.9986995, -27.5073574], [-58.9990268, -27.5076378], [-58.9989356, -27.508308], [-58.998417, -27.5089862], [-58.9976579, -27.5085229], [-58.9966985, -27.5086363], [-58.9967942, -27.5081571], [-58.9960261, -27.507312], [-58.996863, -27.5065323]]]}}, {"type": "Feature", "properties": {"id": 17, "codigo": 2, "categoria": "Zona de Restricción Severa", "area_ha": 1.19}, "geometry": {"type": "Polygon", "coordinates": [[[-58.9721622, -27.5289588], [-58.9723759, -27.5289548], [-58.9724117, -27.530482], [-58.973398, -27.531514], [-58.9727569, -27.531526], [-58.9721069, -27.5311562], [-58.9721622, -27.5289588]]]}}, {"type": "Feature", "properties": {"id": 18, "codigo": 2, "categoria": "Zona de Restricción Severa", "area_ha": 0.48}, "geometry": {"type": "Polygon", "coordinates": [[[-59.0503772, -27.4547268], [-59.0507089, -27.4551981], [-59.0498676, -27.4557868], [-59.0500589, -27.4548282], [-59.0503772, -27.4547268]]]}}, {"type": "Feature", "properties": {"id": 19, "codigo": 2, "categoria": "Zona de Restricción Severa", "area_ha": 0.55}, "geometry": {"type": "Polygon", "coordinates": [[[-58.9943988, -27.506292], [-58.9945169, -27.5067672], [-58.9943211, -27.5075349], [-58.993689, -27.5079287], [-58.9940984, -27.5071571], [-58.9941851, -27.506296], [-58.9943988, -27.506292]]]}}, {"type": "Feature", "properties": {"id": 20, "codigo": 2, "categoria": "Zona de Restricción Severa", "area_ha": 1.93}, "geometry": {"type": "Polygon", "coordinates": [[[-59.0419174, -27.4631933], [-59.0419219, -27.4633842], [-59.0404574, -27.4647486], [-59.0401346, -27.4646591], [-59.0400121, -27.4639929], [-59.0405262, -27.4631238], [-59.0419174, -27.4631933]]]}}, {"type": "Feature", "properties": {"id": 21, "codigo": 2, "categoria": "Zona de Restricción Severa", "area_ha": 0.79}, "geometry": {"type": "Polygon", "coordinates": [[[-58.9995531, -27.4981738], [-58.9994574, -27.4986531], [-58.9989389, -27.4993313], [-58.9986206, -27.4994327], [-58.9985025, -27.4989574], [-58.998921, -27.4985676], [-58.9991212, -27.4979909], [-58.9995531, -27.4981738]]]}}, {"type": "Feature", "properties": {"id": 22, "codigo": 2, "categoria": "Zona de Restricción Severa", "area_ha": 9.15}, "geometry": {"type": "Polygon", "coordinates": [[[-58.9974699, -27.5005047], [-58.9974968, -27.5016502], [-58.9963729, -27.5038676], [-58.9955406, -27.5048382], [-58.9954494, -27.5055083], [-58.9957766, -27.5057887], [-58.9957811, -27.5059796], [-58.9955674, -27.5059836], [-58.9952357, -27.5055123], [-58.9934993, -27.5043989], [-58.9927312, -27.5035538], [-58.9934635, -27.5028716], [-58.9943183, -27.5028556], [-58.9952866, -27.503124], [-58.9963506, -27.5029131], [-58.9966554, -27.5022389], [-58.9966375, -27.5014753], [-58.9958695, -27.5006302], [-58.9974699, -27.5005047]]]}}, {"type": "Feature", "properties": {"id": 23, "codigo": 2, "categoria": "Zona de Restricción Severa", "area_ha": 270.71}, "geometry": {"type": "Polygon", "coordinates": [[[-59.0622532, -27.441517], [-59.0631124, -27.441692], [-59.0646888, -27.4451003], [-59.0646978, -27.4454821], [-59.0651386, -27.4460469], [-59.0660471, -27.4483218], [-59.0670512, -27.4501174], [-59.0670601, -27.4504992], [-59.0676145, -27.4513483], [-59.0676235, -27.4517302], [-59.0686276, -27.4535258], [-59.0687501, -27.454192], [-59.0691909, -27.4547567], [-59.0700994, -27.4570316], [-59.0732477, -27.4636574], [-59.0711153, -27.4638883], [-59.070147, -27.46362], [-59.0690875, -27.4640218], [-59.0671687, -27.4642487], [-59.0663319, -27.4650283], [-59.0654038, -27.4664781], [-59.0643533, -27.4672618], [-59.0642576, -27.467741], [-59.0649211, -27.4686836], [-59.0638241, -27.4720465], [-59.0640557, -27.4728061], [-59.0649329, -27.4737447], [-59.0650554, -27.4744109], [-59.0654962, -27.4749756], [-59.0664779, -27.4758167], [-59.0669098, -27.4759996], [-59.0682965, -27.4758781], [-59.0689421, -27.4760571], [-59.0696011, -27.4768087], [-59.0695054, -27.477288], [-59.0697236, -27.4774749], [-59.0694187, -27.4781491], [-59.0680364, -27.4784614], [-59.0673042, -27.4791436], [-59.0650671, -27.4794719], [-59.0644171, -27.4791021], [-59.063667, -27.4790207], [-59.0634443, -27.4786428], [-59.0629123, -27.4787483], [-59.0618349, -27.4783865], [-59.0619261, -27.4777163], [-59.0630813, -27.4768352], [-59.0631769, -27.4763559], [-59.0629587, -27.476169], [-59.0620039, -27.4764734], [-59.0613583, -27.4762945], [-59.0611357, -27.4759167], [-59.0611178, -27.475153], [-59.0605544, -27.4739221], [-59.0606322, -27.4726792], [-59.0616783, -27.4717047], [-59.0617739, -27.4712254], [-59.0622969, -27.4707381], [-59.0624972, -27.4701614], [-59.0624838, -27.4695887], [-59.0621565, -27.4693083], [-59.0621476, -27.4689265], [-59.0627797, -27.4685327], [-59.0632983, -27.4678545], [-59.0640439, -27.467745], [-59.0641396, -27.4672658], [-59.0639214, -27.4670789], [-59.0631757, -27.4671883], [-59.0629531, -27.4668105], [-59.0615708, -27.4671228], [-59.0612436, -27.4668425], [-59.0603843, -27.4666676], [-59.0596118, -27.4656316], [-59.0588661, -27.465741], [-59.0585523, -27.4660334], [-59.0573703, -27.465769], [-59.0566246, -27.4658785], [-59.0561838, -27.4653137], [-59.0548882, -27.464765], [-59.0546477, -27.4636235], [-59.0551618, -27.4627545], [-59.0554801, -27.462653], [-59.0557805, -27.4617879], [-59.0577725, -27.4601272], [-59.0590546, -27.4601032], [-59.0594909, -27.460477], [-59.0593998, -27.4611472], [-59.0596179, -27.4613341], [-59.0601499, -27.4612287], [-59.0603726, -27.4616065], [-59.0607999, -27.4615985], [-59.060918, -27.4620738], [-59.0620043, -27.4628174], [-59.0621313, -27.4636745], [-59.0625677, -27.4640483], [-59.0630997, -27.4639429], [-59.0631998, -27.4636545], [-59.0618371, -27.4602421], [-59.0618102, -27.4590967], [-59.0623332, -27.4586094], [-59.0632479, -27.4565869], [-59.0630163, -27.4558272], [-59.0633944, -27.4537192], [-59.06219, -27.4525003], [-59.0622857, -27.452021], [-59.0617447, -27.4517447], [-59.0618359, -27.4510745], [-59.0610723, -27.4504203], [-59.0605, -27.4488076], [-59.0595183, -27.4479665], [-59.0591687, -27.4467316], [-59.0577595, -27.4458985], [-59.0575235, -27.4449479], [-59.0577058, -27.4436076], [-59.0580062, -27.4427425], [-59.05832, -27.4424501], [-59.0608888, -27.442593], [-59.0613117, -27.4423941], [-59.0615075, -27.4416265], [-59.0622532, -27.441517]]]}}, {"type": "Feature", "properties": {"id": 24, "codigo": 2, "categoria": "Zona de Restricción Severa", "area_ha": 4.03}, "geometry": {"type": "Polygon", "coordinates": [[[-58.9905121, -27.5046458], [-58.9913534, -27.504057], [-58.9925489, -27.5048941], [-58.9933169, -27.5057392], [-58.9937443, -27.5057312], [-58.9938579, -27.5060156], [-58.9936442, -27.5060196], [-58.9935306, -27.5057352], [-58.9920438, -27.506145], [-58.9912936, -27.5060636], [-58.9905345, -27.5056003], [-58.9905121, -27.5046458]]]}}, {"type": "Feature", "properties": {"id": 25, "codigo": 2, "categoria": "Zona de Restricción Severa", "area_ha": 21.78}, "geometry": {"type": "Polygon", "coordinates": [[[-58.9648654, -27.5277584], [-58.9653974, -27.5276529], [-58.966811, -27.5286769], [-58.9674521, -27.5286649], [-58.9685116, -27.5282631], [-58.9692752, -27.5289173], [-58.9697563, -27.5312002], [-58.9699744, -27.5313871], [-58.9697831, -27.5323457], [-58.9688148, -27.5320773], [-58.9682828, -27.5321827], [-58.9681827, -27.5324711], [-58.967969, -27.5324751], [-58.9678823, -27.5333362], [-58.9676686, -27.5333402], [-58.9665733, -27.5322147], [-58.9652867, -27.5320478], [-58.9644229, -27.531682], [-58.9648654, -27.5277584]]]}}, {"type": "Feature", "properties": {"id": 26, "codigo": 2, "categoria": "Zona de Restricción Severa", "area_ha": 4.07}, "geometry": {"type": "Polygon", "coordinates": [[[-58.9916404, -27.5026192], [-58.9917361, -27.50214], [-58.9923592, -27.5013643], [-58.9925729, -27.5013603], [-58.9937236, -27.5002883], [-58.9945784, -27.5002723], [-58.9945963, -27.501036], [-58.9948189, -27.5014138], [-58.9953599, -27.5016902], [-58.9952597, -27.5019785], [-58.993332, -27.5018236], [-58.9926954, -27.5020265], [-58.9920678, -27.5026112], [-58.9916404, -27.5026192]]]}}, {"type": "Feature", "properties": {"id": 27, "codigo": 2, "categoria": "Zona de Restricción Severa", "area_ha": 103.23}, "geometry": {"type": "Polygon", "coordinates": [[[-59.0029856, -27.4986826], [-59.0046145, -27.4952142], [-59.0043785, -27.4942637], [-59.0032787, -27.4929473], [-59.0031517, -27.4920902], [-59.0037749, -27.4913146], [-59.0043068, -27.4912091], [-59.0047253, -27.4908193], [-59.0050033, -27.4889997], [-59.0054083, -27.4880371], [-59.0057221, -27.4877448], [-59.0066815, -27.4876313], [-59.0077634, -27.488184], [-59.0079905, -27.4887528], [-59.0084223, -27.4889357], [-59.0087406, -27.4888342], [-59.0089319, -27.4878757], [-59.0100916, -27.4871855], [-59.0109463, -27.4871695], [-59.0126648, -27.4875193], [-59.0146882, -27.487195], [-59.0168849, -27.4851484], [-59.017272, -27.4834223], [-59.0180043, -27.4827401], [-59.0184137, -27.4819685], [-59.0190101, -27.4800474], [-59.0183511, -27.4792957], [-59.0183287, -27.4783412], [-59.0193927, -27.4781303], [-59.0226294, -27.4794067], [-59.0232704, -27.4793947], [-59.024043, -27.4804307], [-59.0224739, -27.4818925], [-59.0222602, -27.4818965], [-59.0221601, -27.4821848], [-59.0214144, -27.4822943], [-59.0183852, -27.4853114], [-59.0182896, -27.4857906], [-59.0175529, -27.4862819], [-59.0169297, -27.4870575], [-59.0163977, -27.487163], [-59.0159793, -27.4875528], [-59.0158836, -27.4880321], [-59.0065736, -27.4967055], [-59.0063599, -27.4967095], [-59.0038493, -27.4990484], [-59.0038538, -27.4992393], [-59.0029856, -27.4986826]], [[-59.0086405, -27.4891226], [-59.0083222, -27.489224], [-59.0082579, -27.4910397], [-59.009017, -27.4915029], [-59.0093353, -27.4914015], [-59.0095266, -27.490443], [-59.0090724, -27.4893055], [-59.0086405, -27.4891226]]]}}, {"type": "Feature", "properties": {"id": 28, "codigo": 2, "categoria": "Zona de Restricción Severa", "area_ha": 1.63}, "geometry": {"type": "Polygon", "coordinates": [[[-59.0503805, -27.4457501], [-59.0509169, -27.4458355], [-59.0512442, -27.4461159], [-59.0508481, -27.4474603], [-59.0502071, -27.4474723], [-59.0500711, -27.4462333], [-59.0503805, -27.4457501]]]}}, {"type": "Feature", "properties": {"id": 29, "codigo": 2, "categoria": "Zona de Restricción Severa", "area_ha": 5.57}, "geometry": {"type": "Polygon", "coordinates": [[[-58.9940973, -27.4979894], [-58.9946293, -27.497884], [-58.994834, -27.4974982], [-58.9954751, -27.4974862], [-58.9967662, -27.497844], [-58.9968842, -27.4983193], [-58.9974251, -27.4985956], [-58.9973384, -27.4994567], [-58.9957335, -27.4993912], [-58.9948832, -27.4995982], [-58.9942243, -27.4988465], [-58.9940973, -27.4979894]]]}}, {"type": "Feature", "properties": {"id": 30, "codigo": 2, "categoria": "Zona de Restricción Severa", "area_ha": 1.28}, "geometry": {"type": "Polygon", "coordinates": [[[-59.0453235, -27.4489006], [-59.0456418, -27.4487991], [-59.0460782, -27.449173], [-59.0466101, -27.4490675], [-59.0466191, -27.4494493], [-59.0470509, -27.4496322], [-59.0477189, -27.4507657], [-59.045328, -27.4490915], [-59.0453235, -27.4489006]]]}}, {"type": "Feature", "properties": {"id": 31, "codigo": 2, "categoria": "Zona de Restricción Severa", "area_ha": 4.6}, "geometry": {"type": "Polygon", "coordinates": [[[-59.0540104, -27.4410028], [-59.0541105, -27.4407145], [-59.0545334, -27.4405155], [-59.0555018, -27.4407839], [-59.0563565, -27.4407679], [-59.0566883, -27.4412392], [-59.0576431, -27.4409348], [-59.0579704, -27.4412152], [-59.0583978, -27.4412072], [-59.058193, -27.441593], [-59.0573383, -27.441609], [-59.0569064, -27.4414261], [-59.0565881, -27.4415276], [-59.0562788, -27.4420108], [-59.0550056, -27.4424166], [-59.0541329, -27.441669], [-59.0540104, -27.4410028]]]}}, {"type": "Feature", "properties": {"id": 32, "codigo": 2, "categoria": "Zona de Restricción Severa", "area_ha": 3.0}, "geometry": {"type": "Polygon", "coordinates": [[[-59.031088, -27.4617725], [-59.0318337, -27.4616631], [-59.0320518, -27.46185], [-59.0319562, -27.4623292], [-59.0322834, -27.4626096], [-59.0327108, -27.4626016], [-59.0328288, -27.4630769], [-59.0331561, -27.4633573], [-59.0337972, -27.4633453], [-59.0337015, -27.4638245], [-59.0340287, -27.4641049], [-59.0340422, -27.4646776], [-59.0338285, -27.4646816], [-59.0333877, -27.4641169], [-59.0329603, -27.4641249], [-59.0329558, -27.463934], [-59.0319785, -27.4632838], [-59.0315377, -27.4627191], [-59.031324, -27.4627231], [-59.031088, -27.4617725]]]}}, {"type": "Feature", "properties": {"id": 33, "codigo": 2, "categoria": "Zona de Restricción Severa", "area_ha": 35.3}, "geometry": {"type": "Polygon", "coordinates": [[[-58.9762558, -27.5120748], [-58.9766787, -27.5118759], [-58.9773243, -27.5120548], [-58.9786467, -27.513749], [-58.979101, -27.5148864], [-58.9799781, -27.515825], [-58.9798539, -27.5196472], [-58.9801857, -27.5201184], [-58.9804307, -27.5214508], [-58.980867, -27.5218246], [-58.9807758, -27.5224948], [-58.9811031, -27.5227752], [-58.9820625, -27.5226617], [-58.9821626, -27.5223734], [-58.9826946, -27.5222679], [-58.9828948, -27.5216912], [-58.9834224, -27.5213948], [-58.9842771, -27.5213788], [-58.9850318, -27.5216512], [-58.9855951, -27.5228821], [-58.9859223, -27.5231625], [-58.9864543, -27.523057], [-58.9859447, -27.524117], [-58.9861897, -27.5254494], [-58.9850077, -27.525185], [-58.9841395, -27.5246283], [-58.9822163, -27.5246643], [-58.9805845, -27.5234533], [-58.9794115, -27.5235708], [-58.9787838, -27.5241555], [-58.978597, -27.525305], [-58.9777422, -27.525321], [-58.9775196, -27.5249432], [-58.9783609, -27.5243544], [-58.9784566, -27.5238752], [-58.9789796, -27.5233879], [-58.9790753, -27.5229086], [-58.9794937, -27.5225188], [-58.979685, -27.5215603], [-58.9793398, -27.5205163], [-58.9785763, -27.5198621], [-58.9787497, -27.5181399], [-58.9782087, -27.5178635], [-58.9778904, -27.517965], [-58.9775811, -27.5184482], [-58.97694, -27.5184602], [-58.9767218, -27.5182733], [-58.9768175, -27.5177941], [-58.9772404, -27.5175952], [-58.9779637, -27.5165312], [-58.9783598, -27.5151868], [-58.9767145, -27.5134032], [-58.9767011, -27.5128304], [-58.9761557, -27.5123631], [-58.9762558, -27.5120748]]]}}, {"type": "Feature", "properties": {"id": 34, "codigo": 2, "categoria": "Zona de Restricción Severa", "area_ha": 36.49}, "geometry": {"type": "Polygon", "coordinates": [[[-59.0261759, -27.4665438], [-59.0283083, -27.4663129], [-59.0289539, -27.4664918], [-59.0305543, -27.4663663], [-59.0303541, -27.4669431], [-59.0292034, -27.4680151], [-59.0289897, -27.4680191], [-59.0283665, -27.4687947], [-59.0275207, -27.4691925], [-59.0265613, -27.4693059], [-59.0265837, -27.4702605], [-59.02637, -27.4702645], [-59.0261653, -27.4706503], [-59.0261742, -27.4710321], [-59.0274788, -27.4719627], [-59.0286697, -27.4726089], [-59.0302836, -27.4730561], [-59.0303972, -27.4733405], [-59.0310472, -27.4737103], [-59.0310517, -27.4739012], [-59.0294826, -27.4753631], [-59.0292689, -27.4753671], [-59.0289595, -27.4758503], [-59.0287458, -27.4758543], [-59.0271006, -27.4740707], [-59.0254689, -27.4728598], [-59.0246784, -27.4710601], [-59.0237056, -27.4706008], [-59.023483, -27.470223], [-59.0227283, -27.4699507], [-59.022815, -27.4690896], [-59.023229, -27.4685088], [-59.0239657, -27.4680176], [-59.0240614, -27.4675383], [-59.025221, -27.4668481], [-59.0261804, -27.4667347], [-59.0261759, -27.4665438]]]}}, {"type": "Feature", "properties": {"id": 35, "codigo": 2, "categoria": "Zona de Restricción Severa", "area_ha": 2.25}, "geometry": {"type": "Polygon", "coordinates": [[[-58.9956815, -27.492612], [-58.9962314, -27.4932702], [-58.9950807, -27.4943422], [-58.9942304, -27.4945491], [-58.9946354, -27.4935865], [-58.9947221, -27.4927254], [-58.9956815, -27.492612]]]}}, {"type": "Feature", "properties": {"id": 36, "codigo": 2, "categoria": "Zona de Restricción Severa", "area_ha": 0.59}, "geometry": {"type": "Polygon", "coordinates": [[[-58.9608159, -27.5237278], [-58.9612433, -27.5237198], [-58.9616796, -27.5240936], [-58.9615884, -27.5247638], [-58.9611566, -27.5245809], [-58.9608159, -27.5237278]]]}}, {"type": "Feature", "properties": {"id": 37, "codigo": 2, "categoria": "Zona de Restricción Severa", "area_ha": 2.67}, "geometry": {"type": "Polygon", "coordinates": [[[-58.9886325, -27.4974232], [-58.9890509, -27.4970334], [-58.9906558, -27.4970989], [-58.9912057, -27.497757], [-58.9911056, -27.4980454], [-58.9901552, -27.4985407], [-58.9896098, -27.4980734], [-58.9889642, -27.4978945], [-58.9886325, -27.4974232]]]}}, {"type": "Feature", "properties": {"id": 38, "codigo": 2, "categoria": "Zona de Restricción Severa", "area_ha": 6.21}, "geometry": {"type": "Polygon", "coordinates": [[[-59.0371479, -27.45125], [-59.0376844, -27.4513355], [-59.0382298, -27.4518027], [-59.038566, -27.4524649], [-59.0382701, -27.4535209], [-59.038929, -27.4542726], [-59.0387154, -27.4542766], [-59.0385106, -27.4546624], [-59.0379786, -27.4547678], [-59.0379831, -27.4549587], [-59.0377694, -27.4549627], [-59.0374377, -27.4544915], [-59.0363513, -27.4537478], [-59.0367474, -27.4524035], [-59.0367295, -27.4516398], [-59.0371479, -27.45125]]]}}, {"type": "Feature", "properties": {"id": 39, "codigo": 2, "categoria": "Zona de Restricción Severa", "area_ha": 75.46}, "geometry": {"type": "Polygon", "coordinates": [[[-59.0413367, -27.4475428], [-59.0422049, -27.4480995], [-59.0422272, -27.449054], [-59.0426681, -27.4496188], [-59.0438366, -27.4493104], [-59.0480864, -27.4527642], [-59.0476859, -27.4539177], [-59.0478039, -27.454393], [-59.0468535, -27.4548882], [-59.046453, -27.4560417], [-59.0453068, -27.4573046], [-59.0455563, -27.4588279], [-59.0460016, -27.4595835], [-59.0431772, -27.4622148], [-59.0429635, -27.4622188], [-59.0425227, -27.461654], [-59.0431548, -27.4612602], [-59.0432504, -27.4607809], [-59.0416142, -27.4593791], [-59.0414917, -27.4587129], [-59.0417054, -27.4587089], [-59.041801, -27.4582297], [-59.0448391, -27.4555944], [-59.0449303, -27.4549242], [-59.0447121, -27.4547373], [-59.0441801, -27.4548428], [-59.0431296, -27.4556264], [-59.0409328, -27.4576729], [-59.0409552, -27.4586275], [-59.0404232, -27.4587329], [-59.0399047, -27.4594111], [-59.039691, -27.4594151], [-59.0378366, -27.4578264], [-59.0378276, -27.4574446], [-59.0380413, -27.4574406], [-59.0392966, -27.4562711], [-59.0394789, -27.4549307], [-59.0402246, -27.4548213], [-59.0411616, -27.4537533], [-59.0411527, -27.4533715], [-59.04093, -27.4529937], [-59.0404982, -27.4528107], [-59.0402666, -27.4520511], [-59.0393984, -27.4514944], [-59.0393939, -27.4513035], [-59.0396076, -27.4512995], [-59.0403085, -27.4492809], [-59.040186, -27.4486147], [-59.0404953, -27.4481315], [-59.0413367, -27.4475428]]]}}, {"type": "Feature", "properties": {"id": 40, "codigo": 2, "categoria": "Zona de Restricción Severa", "area_ha": 3.22}, "geometry": {"type": "Polygon", "coordinates": [[[-59.0178822, -27.4684179], [-59.0187504, -27.4689746], [-59.0187594, -27.4693565], [-59.0195275, -27.4702016], [-59.0190134, -27.4710706], [-59.018586, -27.4710786], [-59.0181497, -27.4707048], [-59.0182453, -27.4702255], [-59.0174862, -27.4697623], [-59.0175684, -27.4687103], [-59.0178822, -27.4684179]]]}}, {"type": "Feature", "properties": {"id": 41, "codigo": 2, "categoria": "Zona de Restricción Severa", "area_ha": 6.23}, "geometry": {"type": "Polygon", "coordinates": [[[-58.9973703, -27.4871371], [-58.9977976, -27.4871291], [-58.9982385, -27.4876938], [-58.9986658, -27.4876858], [-58.9986837, -27.4884494], [-58.9981518, -27.4885549], [-58.997947, -27.4889407], [-58.9980874, -27.4903705], [-58.9977691, -27.490472], [-58.9972282, -27.4901956], [-58.9966962, -27.4903011], [-58.9961463, -27.4896429], [-58.9955008, -27.489464], [-58.995701, -27.4888872], [-58.9963376, -27.4886843], [-58.9965334, -27.4879167], [-58.9972746, -27.4876163], [-58.9973703, -27.4871371]]]}}, {"type": "Feature", "properties": {"id": 42, "codigo": 2, "categoria": "Zona de Restricción Severa", "area_ha": 2.82}, "geometry": {"type": "Polygon", "coordinates": [[[-59.0244188, -27.4599874], [-59.024637, -27.4601743], [-59.0245458, -27.4608445], [-59.0240183, -27.4611408], [-59.0231859, -27.4621114], [-59.0221219, -27.4623223], [-59.0220039, -27.461847], [-59.0229409, -27.460779], [-59.0234729, -27.4606736], [-59.0244188, -27.4599874]]]}}, {"type": "Feature", "properties": {"id": 43, "codigo": 2, "categoria": "Zona de Restricción Severa", "area_ha": 1.82}, "geometry": {"type": "Polygon", "coordinates": [[[-58.9931099, -27.4877898], [-58.9940871, -27.48844], [-58.994114, -27.4895854], [-58.9932548, -27.4894105], [-58.9931367, -27.4889352], [-58.9924912, -27.4887563], [-58.9931099, -27.4877898]]]}}, {"type": "Feature", "properties": {"id": 44, "codigo": 2, "categoria": "Zona de Restricción Severa", "area_ha": 79.66}, "geometry": {"type": "Polygon", "coordinates": [[[-58.9742761, -27.5051406], [-58.9749082, -27.5047468], [-58.9759722, -27.5045359], [-58.9771676, -27.505373], [-58.9773947, -27.5059417], [-58.9768807, -27.5068108], [-58.9767895, -27.507481], [-58.9769075, -27.5079562], [-58.9778848, -27.5086064], [-58.9788442, -27.508493], [-58.9789443, -27.5082046], [-58.9802264, -27.5081806], [-58.9805537, -27.508461], [-58.981404, -27.5082541], [-58.9837098, -27.506301], [-58.9842463, -27.5063865], [-58.9850966, -27.5061796], [-58.9857421, -27.5063585], [-58.9872648, -27.5074759], [-58.9873828, -27.5079512], [-58.9866685, -27.509397], [-58.9858361, -27.5103676], [-58.984681, -27.5112486], [-58.9846032, -27.5124916], [-58.9853713, -27.5133366], [-58.9851755, -27.5141043], [-58.9853338, -27.5162977], [-58.9849288, -27.5172603], [-58.9849422, -27.517833], [-58.9854966, -27.5186821], [-58.9865651, -27.5186621], [-58.9867832, -27.518849], [-58.986692, -27.5195192], [-58.9854099, -27.5195432], [-58.9840321, -27.5200465], [-58.9834956, -27.519961], [-58.9833821, -27.5196766], [-58.9828411, -27.5194003], [-58.983146, -27.5187261], [-58.9831326, -27.5181534], [-58.9823466, -27.5165446], [-58.9823841, -27.5135835], [-58.9821659, -27.5133966], [-58.9820389, -27.5125395], [-58.9811662, -27.5117919], [-58.9809391, -27.5112232], [-58.9805028, -27.5108494], [-58.9797526, -27.5107679], [-58.9786976, -27.5113606], [-58.9782702, -27.5113686], [-58.9778294, -27.5108039], [-58.9771839, -27.510625], [-58.9767475, -27.5102512], [-58.9765159, -27.5094915], [-58.9760796, -27.5091177], [-58.9749065, -27.5092351], [-58.9746017, -27.5099093], [-58.9731014, -27.5097464], [-58.9728698, -27.5089868], [-58.9722242, -27.5088079], [-58.9721062, -27.5083326], [-58.9737066, -27.5082071], [-58.9738023, -27.5077279], [-58.9741161, -27.5074355], [-58.974657, -27.5077119], [-58.975189, -27.5076064], [-58.9754162, -27.5081751], [-58.9759481, -27.5080697], [-58.9760438, -27.5075904], [-58.9756119, -27.5074075], [-58.975603, -27.5070257], [-58.9741894, -27.5060017], [-58.9742761, -27.5051406]]]}}, {"type": "Feature", "properties": {"id": 45, "codigo": 2, "categoria": "Zona de Restricción Severa", "area_ha": 13.79}, "geometry": {"type": "Polygon", "coordinates": [[[-58.9785784, -27.5017177], [-58.9793107, -27.5010355], [-58.9796111, -27.5001704], [-58.9801341, -27.4996832], [-58.9808798, -27.4995737], [-58.9810979, -27.4997606], [-58.9811114, -27.5003334], [-58.9816568, -27.5008006], [-58.9830391, -27.5004883], [-58.9836846, -27.5006672], [-58.9844482, -27.5013214], [-58.985303, -27.5013054], [-58.9859575, -27.5018661], [-58.9861935, -27.5028167], [-58.9855569, -27.5030196], [-58.9850115, -27.5025523], [-58.9844795, -27.5026577], [-58.9840745, -27.5036203], [-58.9832242, -27.5038272], [-58.9836248, -27.5026737], [-58.9834021, -27.5022959], [-58.9828701, -27.5024014], [-58.9816881, -27.502137], [-58.9812473, -27.5015723], [-58.980397, -27.5017792], [-58.9801923, -27.502165], [-58.9785874, -27.5020995], [-58.9785784, -27.5017177]]]}}, {"type": "Feature", "properties": {"id": 46, "codigo": 2, "categoria": "Zona de Restricción Severa", "area_ha": 3.43}, "geometry": {"type": "Polygon", "coordinates": [[[-59.046355, -27.4381857], [-59.0465597, -27.4377999], [-59.0487923, -27.4372806], [-59.0491195, -27.437561], [-59.0491375, -27.4383246], [-59.0493601, -27.4387024], [-59.0479733, -27.4388239], [-59.0472187, -27.4385515], [-59.0466867, -27.438657], [-59.046355, -27.4381857]]]}}, {"type": "Feature", "properties": {"id": 47, "codigo": 2, "categoria": "Zona de Restricción Severa", "area_ha": 98.85}, "geometry": {"type": "Polygon", "coordinates": [[[-58.9669312, -27.5110078], [-58.9678995, -27.5112762], [-58.9683403, -27.5118409], [-58.9688723, -27.5117355], [-58.9688857, -27.5123082], [-58.9691039, -27.5124951], [-58.9690038, -27.5127835], [-58.9672987, -27.5130064], [-58.9670028, -27.5140624], [-58.9672254, -27.5144402], [-58.9668115, -27.5150209], [-58.9669474, -27.5162598], [-58.9671656, -27.5164467], [-58.9678067, -27.5164347], [-58.9677155, -27.5171049], [-58.9679426, -27.5176737], [-58.9671192, -27.519026], [-58.9674643, -27.52007], [-58.9676825, -27.5202569], [-58.96886, -27.5203304], [-58.9709192, -27.5215333], [-58.9723194, -27.5219846], [-58.9727647, -27.5227402], [-58.9736329, -27.523297], [-58.9739646, -27.5237682], [-58.9720727, -27.5251406], [-58.9700046, -27.5235558], [-58.9698821, -27.5228897], [-58.9701914, -27.5224064], [-58.9699688, -27.5220286], [-58.9683549, -27.5215813], [-58.9676092, -27.5216907], [-58.9672999, -27.522174], [-58.9673133, -27.5227467], [-58.9680948, -27.5241646], [-58.9683309, -27.5251151], [-58.9682531, -27.526358], [-58.967739, -27.5272271], [-58.9668798, -27.5270522], [-58.966321, -27.5260122], [-58.9648386, -27.5266129], [-58.9645292, -27.5270962], [-58.9643155, -27.5271002], [-58.9638792, -27.5267264], [-58.9625881, -27.5263685], [-58.963298, -27.5247318], [-58.9631531, -27.5231111], [-58.9637852, -27.5227173], [-58.9638808, -27.522238], [-58.9633354, -27.5217707], [-58.9628034, -27.5218762], [-58.9622804, -27.5223634], [-58.9617439, -27.522278], [-58.9610894, -27.5217173], [-58.9597072, -27.5220296], [-58.9597116, -27.5222205], [-58.9594979, -27.5222245], [-58.9593844, -27.5219402], [-58.9600165, -27.5215463], [-58.9604992, -27.5193409], [-58.96045, -27.5172409], [-58.9618099, -27.515974], [-58.9618054, -27.5157831], [-58.9634059, -27.5156576], [-58.963506, -27.5153693], [-58.9641426, -27.5151664], [-58.9647613, -27.5141998], [-58.9647479, -27.5136271], [-58.9645297, -27.5134402], [-58.96473, -27.5128635], [-58.9669312, -27.5110078]]]}}, {"type": "Feature", "properties": {"id": 48, "codigo": 2, "categoria": "Zona de Restricción Severa", "area_ha": 16.72}, "geometry": {"type": "Polygon", "coordinates": [[[-58.985892, -27.4945141], [-58.9871965, -27.4954447], [-58.987319, -27.4961108], [-58.9840717, -27.498941], [-58.983326, -27.4990505], [-58.9815807, -27.4975552], [-58.9815762, -27.4973643], [-58.9818945, -27.4972628], [-58.9819902, -27.4967835], [-58.9845007, -27.4944446], [-58.9851373, -27.4942417], [-58.985892, -27.4945141]]]}}, {"type": "Feature", "properties": {"id": 49, "codigo": 2, "categoria": "Zona de Restricción Severa", "area_ha": 305.94}, "geometry": {"type": "Polygon", "coordinates": [[[-58.9485158, -27.5279688], [-58.9509218, -27.5257274], [-58.9515673, -27.5259063], [-58.9526313, -27.5256954], [-58.9527225, -27.5250252], [-58.9522817, -27.5244605], [-58.9531141, -27.5234899], [-58.9540734, -27.5233765], [-58.9558741, -27.5226743], [-58.9586566, -27.5228132], [-58.9594202, -27.5234674], [-58.9591153, -27.5241416], [-58.9591377, -27.5250962], [-58.9594649, -27.5253765], [-58.9598146, -27.5266114], [-58.9606872, -27.5273591], [-58.9622877, -27.5272336], [-58.9635877, -27.5279733], [-58.9637147, -27.5288304], [-58.9633142, -27.5299838], [-58.9632588, -27.5321813], [-58.9640224, -27.5328354], [-58.9659546, -27.5331813], [-58.9687952, -27.535802], [-58.9693317, -27.5358875], [-58.9702821, -27.5353922], [-58.9703778, -27.5349129], [-58.9700326, -27.5338689], [-58.9707738, -27.5335686], [-58.9709562, -27.5322282], [-58.9720246, -27.5322082], [-58.972461, -27.532582], [-58.9724878, -27.5337275], [-58.9730377, -27.5343857], [-58.9736788, -27.5343737], [-58.9741241, -27.5351293], [-58.9735009, -27.5359049], [-58.9724369, -27.5361159], [-58.9723413, -27.5365951], [-58.9730003, -27.5373468], [-58.9731317, -27.5383948], [-58.9738953, -27.5390489], [-58.974599, -27.5417097], [-58.9743898, -27.5419046], [-58.9727849, -27.5418391], [-58.9719346, -27.542046], [-58.9705434, -27.5419766], [-58.968411, -27.5422075], [-58.966697, -27.5420485], [-58.9654193, -27.5422635], [-58.965092, -27.5419831], [-58.9643464, -27.5420925], [-58.9643508, -27.5422834], [-58.9629596, -27.542214], [-58.9606135, -27.5424489], [-58.9602862, -27.5421685], [-58.9602773, -27.5417867], [-58.9597319, -27.5413194], [-58.9593045, -27.5413274], [-58.9577773, -27.5400191], [-58.9575636, -27.5400231], [-58.957341, -27.5396452], [-58.9541776, -27.536935], [-58.9539639, -27.536939], [-58.9530867, -27.5360005], [-58.9527639, -27.535911], [-58.9525368, -27.5353423], [-58.9521094, -27.5353503], [-58.9513459, -27.5346961], [-58.9509185, -27.5347041], [-58.9506869, -27.5339445], [-58.9500324, -27.5333837], [-58.949605, -27.5333917], [-58.9492688, -27.5327296], [-58.9485097, -27.5322663], [-58.9484963, -27.5316936], [-58.9490283, -27.5315881], [-58.9491239, -27.5311088], [-58.9486921, -27.5309259], [-58.9481645, -27.5312223], [-58.9477148, -27.5302757], [-58.9484605, -27.5301663], [-58.9485516, -27.5294961], [-58.9480107, -27.5292197], [-58.9480062, -27.5290288], [-58.9484246, -27.528639], [-58.9485158, -27.5279688]], [[-58.9606917, -27.52755], [-58.9600551, -27.5277529], [-58.9599595, -27.5282322], [-58.9601776, -27.5284191], [-58.9608142, -27.5282162], [-58.9609099, -27.5277369], [-58.9606917, -27.52755]]]}}, {"type": "Feature", "properties": {"id": 50, "codigo": 2, "categoria": "Zona de Restricción Severa", "area_ha": 12.59}, "geometry": {"type": "Polygon", "coordinates": [[[-59.0239332, -27.4575136], [-59.024138, -27.4571278], [-59.0249793, -27.456539], [-59.0260433, -27.4563281], [-59.0272208, -27.4564016], [-59.0279889, -27.4572467], [-59.0284163, -27.4572387], [-59.0286389, -27.4576165], [-59.0299434, -27.4585471], [-59.0299479, -27.458738], [-59.0295295, -27.4591278], [-59.0285611, -27.4588594], [-59.0277109, -27.4590663], [-59.0274149, -27.4601223], [-59.0264511, -27.4600449], [-59.0260192, -27.4598619], [-59.0254693, -27.4592038], [-59.0248283, -27.4592158], [-59.0251287, -27.4583507], [-59.0253424, -27.4583467], [-59.0253379, -27.4581558], [-59.0262972, -27.4580423], [-59.0263929, -27.457563], [-59.0259566, -27.4571892], [-59.0244742, -27.4577899], [-59.0240468, -27.4577979], [-59.0239332, -27.4575136]]]}}, {"type": "Feature", "properties": {"id": 51, "codigo": 2, "categoria": "Zona de Restricción Severa", "area_ha": 0.86}, "geometry": {"type": "Polygon", "coordinates": [[[-58.9453418, -27.5293652], [-58.9456511, -27.5288819], [-58.9468197, -27.5285735], [-58.9464147, -27.5295361], [-58.9453418, -27.5293652]]]}}, {"type": "Feature", "properties": {"id": 52, "codigo": 2, "categoria": "Zona de Restricción Severa", "area_ha": 0.43}, "geometry": {"type": "Polygon", "coordinates": [[[-59.0535298, -27.4250639], [-59.05428, -27.4251454], [-59.0548209, -27.4254217], [-59.0548254, -27.4256126], [-59.0541798, -27.4254337], [-59.0536478, -27.4255392], [-59.0535298, -27.4250639]]]}}, {"type": "Feature", "properties": {"id": 53, "codigo": 2, "categoria": "Zona de Restricción Severa", "area_ha": 75.23}, "geometry": {"type": "Polygon", "coordinates": [[[-59.04669, -27.4296802], [-59.0474312, -27.4293799], [-59.047636, -27.4289941], [-59.0482815, -27.429173], [-59.0491229, -27.4285843], [-59.0494456, -27.4286737], [-59.05, -27.4295228], [-59.050532, -27.4294173], [-59.0507278, -27.4286497], [-59.0504005, -27.4283693], [-59.0503781, -27.4274148], [-59.0505829, -27.427029], [-59.0510058, -27.4268301], [-59.0514421, -27.4272039], [-59.0520787, -27.427001], [-59.0526152, -27.4270865], [-59.0526241, -27.4274683], [-59.0520966, -27.4277646], [-59.052001, -27.4282439], [-59.0522281, -27.4288126], [-59.0532054, -27.4294628], [-59.0532188, -27.4300355], [-59.0527959, -27.4302344], [-59.0526958, -27.4305228], [-59.0519546, -27.4308232], [-59.0516542, -27.4316883], [-59.0519859, -27.4321595], [-59.0529408, -27.4318552], [-59.0533592, -27.4314654], [-59.0544366, -27.4318272], [-59.054873, -27.432201], [-59.0549043, -27.4335374], [-59.054704, -27.4341141], [-59.0550313, -27.4343945], [-59.0551493, -27.4348697], [-59.0555812, -27.4350526], [-59.0558995, -27.4349512], [-59.0563134, -27.4343705], [-59.0568454, -27.434265], [-59.0569411, -27.4337857], [-59.0559638, -27.4331356], [-59.055928, -27.4316083], [-59.0556964, -27.4308486], [-59.0561148, -27.4304588], [-59.0566468, -27.4303534], [-59.0568471, -27.4297767], [-59.0555425, -27.4288461], [-59.0556292, -27.427985], [-59.056475, -27.4275872], [-59.0571564, -27.4292934], [-59.0582696, -27.4311825], [-59.0582875, -27.4319461], [-59.0588329, -27.4324134], [-59.059069, -27.4333639], [-59.0576823, -27.4334854], [-59.0575821, -27.4337737], [-59.0584682, -27.4350941], [-59.0586998, -27.4358537], [-59.0586042, -27.436333], [-59.0574356, -27.4366414], [-59.0573399, -27.4371207], [-59.057576, -27.4380712], [-59.0573757, -27.4386479], [-59.0575939, -27.4388348], [-59.058235, -27.4388228], [-59.0595082, -27.438417], [-59.0601627, -27.4389778], [-59.0602897, -27.4398348], [-59.0598668, -27.4400338], [-59.0585846, -27.4400577], [-59.0581528, -27.4398748], [-59.057298, -27.4398908], [-59.0565389, -27.4394276], [-59.0567347, -27.4386599], [-59.0562804, -27.4375225], [-59.0557395, -27.4372461], [-59.0558351, -27.4367668], [-59.055608, -27.4361981], [-59.0559129, -27.4355239], [-59.0555856, -27.4352436], [-59.0550537, -27.435349], [-59.0545396, -27.4362181], [-59.054553, -27.4367908], [-59.0548847, -27.4372621], [-59.0555303, -27.437441], [-59.0550341, -27.4390737], [-59.0537609, -27.4394795], [-59.0533246, -27.4391057], [-59.0528569, -27.4373955], [-59.052307, -27.4367374], [-59.0521755, -27.4356894], [-59.0512984, -27.4347508], [-59.0509353, -27.4329432], [-59.0499536, -27.4321021], [-59.0490675, -27.4307817], [-59.0485355, -27.4308872], [-59.0483352, -27.4314639], [-59.0484667, -27.4325119], [-59.0496621, -27.433349], [-59.0497802, -27.4338243], [-59.049571, -27.4340192], [-59.049039, -27.4341246], [-59.0486071, -27.4339417], [-59.0476164, -27.4327188], [-59.0468663, -27.4326373], [-59.0468573, -27.4322555], [-59.0465301, -27.4319751], [-59.0467258, -27.4312075], [-59.0466033, -27.4305413], [-59.0468081, -27.4301555], [-59.04669, -27.4296802]]]}}, {"type": "Feature", "properties": {"id": 54, "codigo": 2, "categoria": "Zona de Restricción Severa", "area_ha": 3.0}, "geometry": {"type": "Polygon", "coordinates": [[[-58.965597, -27.5042526], [-58.9655058, -27.5049227], [-58.9658331, -27.5052031], [-58.9659511, -27.5056784], [-58.9657374, -27.5056824], [-58.964905, -27.5066529], [-58.9643641, -27.5063765], [-58.9630864, -27.5065915], [-58.9630819, -27.5064005], [-58.9637185, -27.5061976], [-58.9647556, -27.5048413], [-58.965597, -27.5042526]]]}}, {"type": "Feature", "properties": {"id": 55, "codigo": 2, "categoria": "Zona de Restricción Severa", "area_ha": 2.27}, "geometry": {"type": "Polygon", "coordinates": [[[-59.0518801, -27.4230894], [-59.0533849, -27.4234432], [-59.0545848, -27.4244712], [-59.0545893, -27.4246621], [-59.0543756, -27.4246661], [-59.0543801, -27.424857], [-59.0540573, -27.4247675], [-59.0528529, -27.4235486], [-59.0524255, -27.4235566], [-59.0529799, -27.4244057], [-59.0528842, -27.424885], [-59.0526706, -27.424889], [-59.0523433, -27.4246086], [-59.0522208, -27.4239424], [-59.0517889, -27.4237595], [-59.0518801, -27.4230894]]]}}, {"type": "Feature", "properties": {"id": 56, "codigo": 2, "categoria": "Zona de Restricción Severa", "area_ha": 3.87}, "geometry": {"type": "Polygon", "coordinates": [[[-59.0597212, -27.4155894], [-59.0607852, -27.4153785], [-59.0614352, -27.4157483], [-59.0624214, -27.4167803], [-59.0615801, -27.417369], [-59.0611482, -27.4171861], [-59.0606162, -27.4172916], [-59.0596345, -27.4164505], [-59.0597212, -27.4155894]]]}}, {"type": "Feature", "properties": {"id": 57, "codigo": 2, "categoria": "Zona de Restricción Severa", "area_ha": 9.77}, "geometry": {"type": "Polygon", "coordinates": [[[-59.0529172, -27.421733], [-59.0531309, -27.421729], [-59.054177, -27.4207545], [-59.055241, -27.4205436], [-59.0561869, -27.4198574], [-59.0573868, -27.4208854], [-59.0574003, -27.4214581], [-59.0566635, -27.4219494], [-59.0564588, -27.4223352], [-59.0573404, -27.4234647], [-59.0573494, -27.4238465], [-59.0571402, -27.4240414], [-59.0564991, -27.4240534], [-59.0558446, -27.4234926], [-59.0560404, -27.422725], [-59.055604, -27.4223512], [-59.053899, -27.4225741], [-59.0534627, -27.4222003], [-59.0528216, -27.4222123], [-59.0529172, -27.421733]]]}}, {"type": "Feature", "properties": {"id": 58, "codigo": 2, "categoria": "Zona de Restricción Severa", "area_ha": 4.27}, "geometry": {"type": "Polygon", "coordinates": [[[-59.0256058, -27.4467867], [-59.0269013, -27.4473354], [-59.0273422, -27.4479001], [-59.028424, -27.4484529], [-59.0287602, -27.4491151], [-59.0288917, -27.4501631], [-59.028678, -27.4501671], [-59.0252964, -27.4472699], [-59.0256058, -27.4467867]]]}}, {"type": "Feature", "properties": {"id": 59, "codigo": 2, "categoria": "Zona de Restricción Severa", "area_ha": 1.25}, "geometry": {"type": "Polygon", "coordinates": [[[-59.0457771, -27.4272144], [-59.0457726, -27.4270235], [-59.0475778, -27.4265122], [-59.0475912, -27.427085], [-59.0469591, -27.4274788], [-59.0464271, -27.4275842], [-59.0457771, -27.4272144]]]}}, {"type": "Feature", "properties": {"id": 60, "codigo": 2, "categoria": "Zona de Restricción Severa", "area_ha": 5.16}, "geometry": {"type": "Polygon", "coordinates": [[[-59.0232731, -27.4475943], [-59.0238051, -27.4474889], [-59.0268549, -27.4499147], [-59.0277321, -27.4508532], [-59.0277455, -27.451426], [-59.0273271, -27.4518158], [-59.0261406, -27.4513605], [-59.0257775, -27.4495529], [-59.0253412, -27.449179], [-59.0244864, -27.449195], [-59.0232731, -27.4475943]]]}}, {"type": "Feature", "properties": {"id": 61, "codigo": 2, "categoria": "Zona de Restricción Severa", "area_ha": 36.8}, "geometry": {"type": "Polygon", "coordinates": [[[-59.0277337, -27.4463649], [-59.027934, -27.4457881], [-59.0277981, -27.4445492], [-59.0280028, -27.4441634], [-59.0291624, -27.4434732], [-59.0294718, -27.44299], [-59.0303221, -27.4427831], [-59.0303042, -27.4420194], [-59.0296586, -27.4418405], [-59.0296541, -27.4416496], [-59.0307181, -27.4414387], [-59.0312635, -27.441906], [-59.0320092, -27.4417965], [-59.0345914, -27.4425122], [-59.0351458, -27.4433613], [-59.0363144, -27.4430529], [-59.0388233, -27.4452024], [-59.0388277, -27.4453933], [-59.0377593, -27.4454133], [-59.0374231, -27.4447511], [-59.0368911, -27.4448566], [-59.0364592, -27.4446736], [-59.0360363, -27.4448725], [-59.0359496, -27.4457336], [-59.0352129, -27.4462249], [-59.0344538, -27.4457616], [-59.0327577, -27.4463663], [-59.0317804, -27.4457162], [-59.0303981, -27.4460285], [-59.0298796, -27.4467067], [-59.0299976, -27.447182], [-59.0303249, -27.4474623], [-59.0301291, -27.44823], [-59.0299154, -27.448234], [-59.0296928, -27.4478562], [-59.0277337, -27.4463649]]]}}, {"type": "Feature", "properties": {"id": 62, "codigo": 2, "categoria": "Zona de Restricción Severa", "area_ha": 111.02}, "geometry": {"type": "Polygon", "coordinates": [[[-59.0322559, -27.4386405], [-59.0328925, -27.4384376], [-59.0330972, -27.4380518], [-59.0352341, -27.4380118], [-59.0354523, -27.4381987], [-59.0371663, -27.4383576], [-59.0377072, -27.438634], [-59.0386666, -27.4385206], [-59.0440268, -27.4391842], [-59.0451042, -27.439546], [-59.0458499, -27.4394366], [-59.0502462, -27.4400228], [-59.0504912, -27.4413552], [-59.051591, -27.4426715], [-59.0514954, -27.4431508], [-59.0520452, -27.443809], [-59.0520542, -27.4441908], [-59.0515222, -27.4442963], [-59.0504358, -27.4435526], [-59.0497769, -27.442801], [-59.0492404, -27.4427155], [-59.0488041, -27.4423417], [-59.0484634, -27.4414886], [-59.0479225, -27.4412122], [-59.0469631, -27.4413257], [-59.0462532, -27.4429624], [-59.0458348, -27.4433522], [-59.0457436, -27.4440224], [-59.0460753, -27.4444937], [-59.0468344, -27.444957], [-59.0470705, -27.4459075], [-59.0466566, -27.4464882], [-59.0468837, -27.447057], [-59.046788, -27.4475362], [-59.0471153, -27.4478166], [-59.0476473, -27.4477111], [-59.0488024, -27.4468301], [-59.0490295, -27.4473988], [-59.0485065, -27.4478861], [-59.0484108, -27.4483653], [-59.04917, -27.4488286], [-59.0500247, -27.4488126], [-59.0508884, -27.4491784], [-59.0510109, -27.4498446], [-59.0507061, -27.4505188], [-59.0515743, -27.4510755], [-59.0523155, -27.4507752], [-59.0524066, -27.450105], [-59.053366, -27.4499915], [-59.0535708, -27.4496057], [-59.0535529, -27.4488421], [-59.0530074, -27.4483748], [-59.0529985, -27.447993], [-59.0525666, -27.4478101], [-59.0527579, -27.4468515], [-59.0536082, -27.4466446], [-59.0543673, -27.4471079], [-59.0557256, -27.4503294], [-59.0555253, -27.4509061], [-59.0546795, -27.4513039], [-59.0539607, -27.4525588], [-59.0541833, -27.4529366], [-59.0540877, -27.4534159], [-59.053874, -27.4534199], [-59.0532508, -27.4541955], [-59.0527188, -27.454301], [-59.0527099, -27.4539192], [-59.0515144, -27.4530821], [-59.0512783, -27.4521315], [-59.0500784, -27.4511035], [-59.0501741, -27.4506242], [-59.0499559, -27.4504373], [-59.0493148, -27.4504493], [-59.0493104, -27.4502584], [-59.0488785, -27.4500755], [-59.0476741, -27.4488566], [-59.047033, -27.4488686], [-59.0471242, -27.4481984], [-59.0465788, -27.4477311], [-59.0463651, -27.4477351], [-59.0452743, -27.4468006], [-59.0447423, -27.446906], [-59.0446556, -27.4477671], [-59.0448827, -27.4483359], [-59.0445644, -27.4484373], [-59.0370376, -27.4419889], [-59.036824, -27.4419929], [-59.0373425, -27.4413147], [-59.0370108, -27.4408435], [-59.0338921, -27.4400424], [-59.0333467, -27.4395751], [-59.0322693, -27.4392133], [-59.0322559, -27.4386405]], [[-59.0391656, -27.4415671], [-59.0390699, -27.4420464], [-59.0395018, -27.4422293], [-59.0414698, -27.4441024], [-59.0420018, -27.4439969], [-59.042202, -27.4434202], [-59.042734, -27.4433148], [-59.0428207, -27.4424537], [-59.042371, -27.4415071], [-59.0391656, -27.4415671]], [[-59.0380882, -27.4412053], [-59.0379925, -27.4416846], [-59.0382107, -27.4418715], [-59.0389564, -27.441762], [-59.039052, -27.4412827], [-59.0388339, -27.4410958], [-59.0380882, -27.4412053]]]}}, {"type": "Feature", "properties": {"id": 63, "codigo": 2, "categoria": "Zona de Restricción Severa", "area_ha": 9.74}, "geometry": {"type": "Polygon", "coordinates": [[[-58.9603862, -27.5054005], [-58.9609405, -27.5062496], [-58.9600813, -27.5060747], [-58.959763, -27.5061762], [-58.9596629, -27.5064645], [-58.9605445, -27.507594], [-58.9603666, -27.5091253], [-58.9586884, -27.5104936], [-58.958261, -27.5105016], [-58.9577156, -27.5100343], [-58.9576753, -27.5083162], [-58.958303, -27.5077314], [-58.9584943, -27.5067729], [-58.9603862, -27.5054005]]]}}, {"type": "Feature", "properties": {"id": 64, "codigo": 2, "categoria": "Zona de Restricción Severa", "area_ha": 0.74}, "geometry": {"type": "Polygon", "coordinates": [[[-58.9610093, -27.5046249], [-58.9613187, -27.5041416], [-58.9623871, -27.5041216], [-58.9616594, -27.5049947], [-58.9610093, -27.5046249]]]}}, {"type": "Feature", "properties": {"id": 65, "codigo": 2, "categoria": "Zona de Restricción Severa", "area_ha": 29.27}, "geometry": {"type": "Polygon", "coordinates": [[[-59.0329568, -27.436622], [-59.034517, -27.4347784], [-59.0351625, -27.4349573], [-59.0361219, -27.4348438], [-59.0368452, -27.4337798], [-59.0369364, -27.4331096], [-59.0367137, -27.4327318], [-59.0373503, -27.4325289], [-59.0378912, -27.4328053], [-59.0385502, -27.4335569], [-59.0389776, -27.4335489], [-59.0386906, -27.4349867], [-59.0389222, -27.4357464], [-59.0395767, -27.4363071], [-59.0406452, -27.4362871], [-59.0420498, -27.4369293], [-59.0425818, -27.4368239], [-59.0429958, -27.4362431], [-59.0436369, -27.4362311], [-59.0442914, -27.4367919], [-59.0443272, -27.4383191], [-59.0404718, -27.4380093], [-59.0391807, -27.4376515], [-59.0382213, -27.4377649], [-59.0360755, -27.4374231], [-59.0353298, -27.4375325], [-59.0351116, -27.4373456], [-59.0332885, -27.4370933], [-59.0329568, -27.436622]]]}}, {"type": "Feature", "properties": {"id": 66, "codigo": 2, "categoria": "Zona de Restricción Severa", "area_ha": 0.55}, "geometry": {"type": "Polygon", "coordinates": [[[-59.0508357, -27.4195755], [-59.0513722, -27.419661], [-59.0515948, -27.4200388], [-59.0514991, -27.4205181], [-59.05074, -27.4200548], [-59.0508357, -27.4195755]]]}}, {"type": "Feature", "properties": {"id": 67, "codigo": 2, "categoria": "Zona de Restricción Severa", "area_ha": 2.4}, "geometry": {"type": "Polygon", "coordinates": [[[-58.9620151, -27.5019322], [-58.9631882, -27.5018147], [-58.963629, -27.5023795], [-58.964161, -27.502274], [-58.9641655, -27.5024649], [-58.9630148, -27.5035369], [-58.9628011, -27.5035409], [-58.9627966, -27.50335], [-58.9622557, -27.5030736], [-58.9620151, -27.5019322]]]}}, {"type": "Feature", "properties": {"id": 68, "codigo": 2, "categoria": "Zona de Restricción Severa", "area_ha": 5.92}, "geometry": {"type": "Polygon", "coordinates": [[[-59.0535286, -27.4158963], [-59.0542609, -27.4152141], [-59.0557478, -27.4148043], [-59.0561841, -27.4151781], [-59.0561975, -27.4157508], [-59.0566383, -27.4163156], [-59.0567653, -27.4171727], [-59.056447, -27.4172741], [-59.0554742, -27.4168148], [-59.0548332, -27.4168268], [-59.054092, -27.4171272], [-59.0533328, -27.4166639], [-59.0535286, -27.4158963]]]}}, {"type": "Feature", "properties": {"id": 69, "codigo": 2, "categoria": "Zona de Restricción Severa", "area_ha": 1.71}, "geometry": {"type": "Polygon", "coordinates": [[[-58.9666089, -27.4972624], [-58.9662129, -27.4986067], [-58.965258, -27.4989111], [-58.964717, -27.4986347], [-58.9655494, -27.4976642], [-58.9666089, -27.4972624]]]}}, {"type": "Feature", "properties": {"id": 70, "codigo": 2, "categoria": "Zona de Restricción Severa", "area_ha": 2.73}, "geometry": {"type": "Polygon", "coordinates": [[[-59.021728, -27.4455223], [-59.0226096, -27.4466518], [-59.0214545, -27.4475328], [-59.0208134, -27.4475448], [-59.0205952, -27.4473579], [-59.0206819, -27.4464968], [-59.0209913, -27.4460136], [-59.021728, -27.4455223]]]}}, {"type": "Feature", "properties": {"id": 71, "codigo": 2, "categoria": "Zona de Restricción Severa", "area_ha": 2.07}, "geometry": {"type": "Polygon", "coordinates": [[[-59.0438001, -27.4249595], [-59.0437134, -27.4258206], [-59.0439316, -27.4260075], [-59.0444636, -27.425902], [-59.0444681, -27.426093], [-59.0427765, -27.4268886], [-59.0426405, -27.4256497], [-59.0432637, -27.424874], [-59.0438001, -27.4249595]]]}}, {"type": "Feature", "properties": {"id": 72, "codigo": 2, "categoria": "Zona de Restricción Severa", "area_ha": 36.67}, "geometry": {"type": "Polygon", "coordinates": [[[-58.9248482, -27.535192], [-58.9246211, -27.5346233], [-58.9248213, -27.5340465], [-58.9262036, -27.5337342], [-58.9265174, -27.5334418], [-58.927686, -27.5331335], [-58.9281268, -27.5336982], [-58.9288725, -27.5335887], [-58.9290638, -27.5326302], [-58.9285229, -27.5323538], [-58.9284049, -27.5318786], [-58.9287097, -27.5312044], [-58.9291282, -27.5308146], [-58.9306106, -27.5302138], [-58.9314474, -27.5294342], [-58.9315431, -27.5289549], [-58.9333124, -27.5269164], [-58.9340492, -27.5264251], [-58.9340447, -27.5262342], [-58.9367645, -27.5237004], [-58.9374011, -27.5234975], [-58.9380601, -27.5242491], [-58.9387101, -27.524619], [-58.9385098, -27.5251957], [-58.9341163, -27.5292888], [-58.9339026, -27.5292928], [-58.9334887, -27.5298735], [-58.933275, -27.5298775], [-58.9321243, -27.5309495], [-58.9321288, -27.5311404], [-58.9299275, -27.532996], [-58.9298274, -27.5332844], [-58.9290862, -27.5335847], [-58.9289861, -27.5338731], [-58.9285632, -27.534072], [-58.9282583, -27.5347462], [-58.9268984, -27.5360131], [-58.9257164, -27.5357487], [-58.9248482, -27.535192]]]}}, {"type": "Feature", "properties": {"id": 73, "codigo": 2, "categoria": "Zona de Restricción Severa", "area_ha": 6.3}, "geometry": {"type": "Polygon", "coordinates": [[[-58.9385294, -27.521471], [-58.938625, -27.5209917], [-58.9390435, -27.5206019], [-58.9410668, -27.5202775], [-58.9416033, -27.520363], [-58.9421532, -27.5210212], [-58.9420575, -27.5215004], [-58.941539, -27.5221786], [-58.9410114, -27.522475], [-58.9410159, -27.5226659], [-58.9405885, -27.5226739], [-58.9393931, -27.5218368], [-58.9386429, -27.5217553], [-58.9385294, -27.521471]]]}}, {"type": "Feature", "properties": {"id": 74, "codigo": 2, "categoria": "Zona de Restricción Severa", "area_ha": 1.39}, "geometry": {"type": "Polygon", "coordinates": [[[-59.0212559, -27.4436212], [-59.022015, -27.4440845], [-59.023188, -27.443967], [-59.0232149, -27.4451125], [-59.0228966, -27.4452139], [-59.0212603, -27.4438121], [-59.0212559, -27.4436212]]]}}, {"type": "Feature", "properties": {"id": 75, "codigo": 2, "categoria": "Zona de Restricción Severa", "area_ha": 1.36}, "geometry": {"type": "Polygon", "coordinates": [[[-58.9453065, -27.5141819], [-58.9465886, -27.5141579], [-58.9472476, -27.5149096], [-58.9457562, -27.5151285], [-58.9453065, -27.5141819]]]}}, {"type": "Feature", "properties": {"id": 76, "codigo": 2, "categoria": "Zona de Restricción Severa", "area_ha": 0.75}, "geometry": {"type": "Polygon", "coordinates": [[[-59.0341091, -27.4310616], [-59.0348638, -27.431334], [-59.0349818, -27.4318093], [-59.0347726, -27.4320042], [-59.0343407, -27.4318213], [-59.0338087, -27.4319267], [-59.0341091, -27.4310616]]]}}, {"type": "Feature", "properties": {"id": 77, "codigo": 2, "categoria": "Zona de Restricción Severa", "area_ha": 6.83}, "geometry": {"type": "Polygon", "coordinates": [[[-59.0292418, -27.437742], [-59.0293867, -27.4393627], [-59.0280044, -27.4396751], [-59.027586, -27.4400649], [-59.0264085, -27.4399914], [-59.0257764, -27.4403852], [-59.0253445, -27.4402023], [-59.0253311, -27.4396296], [-59.0258631, -27.4395241], [-59.0259542, -27.438854], [-59.0269091, -27.4385496], [-59.027223, -27.4382572], [-59.0273052, -27.4372052], [-59.0277326, -27.4371972], [-59.0286008, -27.437754], [-59.0292418, -27.437742]], [[-59.0288189, -27.4379409], [-59.0281823, -27.4381438], [-59.0280867, -27.4386231], [-59.0283048, -27.43881], [-59.0289414, -27.4386071], [-59.0290371, -27.4381278], [-59.0288189, -27.4379409]]]}}, {"type": "Feature", "properties": {"id": 78, "codigo": 2, "categoria": "Zona de Restricción Severa", "area_ha": 10.06}, "geometry": {"type": "Polygon", "coordinates": [[[-59.052124, -27.4152541], [-59.0519371, -27.4164035], [-59.0523824, -27.4171592], [-59.0523959, -27.4177319], [-59.0518683, -27.4180283], [-59.0514365, -27.4178454], [-59.0509045, -27.4179508], [-59.04798, -27.4208704], [-59.0473434, -27.4210733], [-59.0472209, -27.4204072], [-59.0477484, -27.4201108], [-59.0478395, -27.4194406], [-59.0485673, -27.4185675], [-59.0506639, -27.4168094], [-59.0508597, -27.4160417], [-59.0502008, -27.4152901], [-59.0507283, -27.4149937], [-59.052124, -27.4152541]]]}}, {"type": "Feature", "properties": {"id": 79, "codigo": 2, "categoria": "Zona de Restricción Severa", "area_ha": 1.55}, "geometry": {"type": "Polygon", "coordinates": [[[-58.9571914, -27.501354], [-58.9574051, -27.50135], [-58.9582957, -27.5028612], [-58.9582, -27.5033405], [-58.9575769, -27.5041162], [-58.9573632, -27.5041202], [-58.9576546, -27.5028732], [-58.9572049, -27.5019267], [-58.9571914, -27.501354]]]}}, {"type": "Feature", "properties": {"id": 80, "codigo": 2, "categoria": "Zona de Restricción Severa", "area_ha": 0.94}, "geometry": {"type": "Polygon", "coordinates": [[[-58.9463078, -27.5112983], [-58.9468443, -27.5113837], [-58.9476078, -27.5120379], [-58.9477303, -27.5127041], [-58.9470893, -27.5127161], [-58.9468577, -27.5119565], [-58.9463078, -27.5112983]]]}}, {"type": "Feature", "properties": {"id": 81, "codigo": 2, "categoria": "Zona de Restricción Severa", "area_ha": 4.35}, "geometry": {"type": "Polygon", "coordinates": [[[-59.097165, -27.3713423], [-59.0976058, -27.371907], [-59.0974055, -27.3724838], [-59.0975235, -27.372959], [-59.0966867, -27.3737387], [-59.0957318, -27.374043], [-59.0953777, -27.3726172], [-59.0955824, -27.3722314], [-59.096633, -27.3714478], [-59.0966285, -27.3712569], [-59.097165, -27.3713423]]]}}, {"type": "Feature", "properties": {"id": 82, "codigo": 2, "categoria": "Zona de Restricción Severa", "area_ha": 7.6}, "geometry": {"type": "Polygon", "coordinates": [[[-58.918155, -27.5369407], [-58.9181505, -27.5367498], [-58.9192145, -27.5365389], [-58.9196329, -27.5361491], [-58.9205923, -27.5360356], [-58.9221793, -27.5353374], [-58.9225021, -27.5354269], [-58.922511, -27.5358087], [-58.9229474, -27.5361825], [-58.9229518, -27.5363734], [-58.922106, -27.5367712], [-58.9212736, -27.5377418], [-58.9204323, -27.5383305], [-58.9192458, -27.5378752], [-58.9192413, -27.5376843], [-58.918155, -27.5369407]]]}}, {"type": "Feature", "properties": {"id": 83, "codigo": 2, "categoria": "Zona de Restricción Severa", "area_ha": 4.45}, "geometry": {"type": "Polygon", "coordinates": [[[-59.0261053, -27.4361772], [-59.0261008, -27.4359863], [-59.0266283, -27.43569], [-59.0275877, -27.4355765], [-59.0275698, -27.4348129], [-59.0283199, -27.4348943], [-59.0292015, -27.4360238], [-59.03027, -27.4360038], [-59.0304882, -27.4361907], [-59.0310202, -27.4360853], [-59.0313205, -27.4352202], [-59.031739, -27.4348303], [-59.0323845, -27.4350093], [-59.0318704, -27.4358783], [-59.0309245, -27.4365645], [-59.0304926, -27.4363816], [-59.0292105, -27.4364056], [-59.0283378, -27.435658], [-59.0277012, -27.4358609], [-59.0276101, -27.4365311], [-59.0264325, -27.4364576], [-59.0261053, -27.4361772]]]}}, {"type": "Feature", "properties": {"id": 84, "codigo": 2, "categoria": "Zona de Restricción Severa", "area_ha": 5.51}, "geometry": {"type": "Polygon", "coordinates": [[[-59.0361476, -27.4268216], [-59.0362477, -27.4265333], [-59.0369934, -27.4264238], [-59.038153, -27.4257337], [-59.038685, -27.4256282], [-59.0391034, -27.4252384], [-59.0398536, -27.4253198], [-59.0402899, -27.4256937], [-59.0403123, -27.4266482], [-59.0396623, -27.4262784], [-59.0391303, -27.4263838], [-59.0390436, -27.4272449], [-59.0387342, -27.4277282], [-59.0379841, -27.4276467], [-59.036684, -27.4269071], [-59.0361476, -27.4268216]]]}}, {"type": "Feature", "properties": {"id": 85, "codigo": 2, "categoria": "Zona de Restricción Severa", "area_ha": 2.46}, "geometry": {"type": "Polygon", "coordinates": [[[-59.0297531, -27.4321936], [-59.0309262, -27.4320762], [-59.0309441, -27.4328398], [-59.0311622, -27.4330267], [-59.0324399, -27.4328118], [-59.0327671, -27.4330922], [-59.032785, -27.4338558], [-59.0325758, -27.4340507], [-59.0319348, -27.4340627], [-59.0318212, -27.4337783], [-59.0311667, -27.4332176], [-59.0306302, -27.4331322], [-59.0297531, -27.4321936]]]}}, {"type": "Feature", "properties": {"id": 86, "codigo": 2, "categoria": "Zona de Restricción Severa", "area_ha": 1.76}, "geometry": {"type": "Polygon", "coordinates": [[[-59.0615448, -27.4021858], [-59.0625041, -27.4020723], [-59.0629405, -27.4024461], [-59.0628493, -27.4031163], [-59.0621036, -27.4032258], [-59.0620035, -27.4035141], [-59.0614715, -27.4036196], [-59.0615448, -27.4021858]]]}}, {"type": "Feature", "properties": {"id": 87, "codigo": 2, "categoria": "Zona de Restricción Severa", "area_ha": 14.4}, "geometry": {"type": "Polygon", "coordinates": [[[-59.0890235, -27.3797074], [-59.0888965, -27.3788503], [-59.0890968, -27.3782735], [-59.0901563, -27.3778717], [-59.0904522, -27.3768157], [-59.0903342, -27.3763405], [-59.0900069, -27.3760601], [-59.0892612, -27.3761696], [-59.0892567, -27.3759786], [-59.0898933, -27.3757757], [-59.0907257, -27.3748052], [-59.091576, -27.3745983], [-59.0918898, -27.3743059], [-59.0925309, -27.3742939], [-59.0931854, -27.3748547], [-59.0936128, -27.3748467], [-59.0941627, -27.3755048], [-59.0940715, -27.376175], [-59.093544, -27.3764714], [-59.0930254, -27.3771496], [-59.0924934, -27.377255], [-59.0918658, -27.3778397], [-59.0913338, -27.3779452], [-59.0913383, -27.3781361], [-59.0903923, -27.3788223], [-59.0900875, -27.3794965], [-59.08956, -27.3797928], [-59.0890235, -27.3797074]]]}}, {"type": "Feature", "properties": {"id": 88, "codigo": 2, "categoria": "Zona de Restricción Severa", "area_ha": 7.23}, "geometry": {"type": "Polygon", "coordinates": [[[-59.0425974, -27.4192522], [-59.0426886, -27.418582], [-59.0431115, -27.4183831], [-59.0433162, -27.4179973], [-59.0441755, -27.4181722], [-59.0451259, -27.417677], [-59.0455533, -27.417669], [-59.0469535, -27.4181202], [-59.0469624, -27.4185021], [-59.0465485, -27.4190828], [-59.0458117, -27.4195741], [-59.044957, -27.4195901], [-59.0438975, -27.4199919], [-59.0425974, -27.4192522]]]}}, {"type": "Feature", "properties": {"id": 89, "codigo": 2, "categoria": "Zona de Restricción Severa", "area_ha": 2.5}, "geometry": {"type": "Polygon", "coordinates": [[[-59.0206164, -27.4391448], [-59.0209258, -27.4386616], [-59.022317, -27.438731], [-59.0236948, -27.4382278], [-59.0243404, -27.4384067], [-59.0243448, -27.4385976], [-59.0238129, -27.438703], [-59.0238173, -27.4388939], [-59.0232853, -27.4389994], [-59.0229715, -27.4392918], [-59.0221168, -27.4393078], [-59.0218029, -27.4396001], [-59.0206164, -27.4391448]]]}}, {"type": "Feature", "properties": {"id": 90, "codigo": 2, "categoria": "Zona de Restricción Severa", "area_ha": 11.99}, "geometry": {"type": "Polygon", "coordinates": [[[-59.0364345, -27.4253838], [-59.0363898, -27.4234747], [-59.0368171, -27.4234667], [-59.0371444, -27.4237471], [-59.0376764, -27.4236417], [-59.0376719, -27.4234507], [-59.0382129, -27.4237271], [-59.0387448, -27.4236217], [-59.0394771, -27.4229395], [-59.0399778, -27.4214977], [-59.040837, -27.4216726], [-59.0418143, -27.4223228], [-59.0421326, -27.4222213], [-59.0423373, -27.4218355], [-59.0419966, -27.4209824], [-59.0426332, -27.4207795], [-59.042956, -27.420869], [-59.0430875, -27.421917], [-59.0428872, -27.4224937], [-59.0426735, -27.4224977], [-59.0425734, -27.422786], [-59.0417231, -27.4229929], [-59.0409953, -27.423866], [-59.0411178, -27.4245322], [-59.0415542, -27.424906], [-59.0414585, -27.4253853], [-59.0412448, -27.4253893], [-59.0411313, -27.4251049], [-59.0398267, -27.4241744], [-59.0386537, -27.4242918], [-59.0369665, -27.4252784], [-59.0364345, -27.4253838]]]}}, {"type": "Feature", "properties": {"id": 91, "codigo": 2, "categoria": "Zona de Restricción Severa", "area_ha": 6.11}, "geometry": {"type": "Polygon", "coordinates": [[[-58.9393097, -27.5137212], [-58.9420922, -27.5138601], [-58.9428557, -27.5145143], [-58.9438151, -27.5144008], [-58.9439287, -27.5146852], [-58.9436238, -27.5153594], [-58.9437418, -27.5158346], [-58.9432099, -27.5159401], [-58.9431097, -27.5162284], [-58.9425733, -27.516143], [-58.9420278, -27.5156757], [-58.9420189, -27.5152939], [-58.9411462, -27.5145463], [-58.9401868, -27.5146597], [-58.9400867, -27.5149481], [-58.9396593, -27.5149561], [-58.9394412, -27.5147692], [-58.9393097, -27.5137212]]]}}, {"type": "Feature", "properties": {"id": 92, "codigo": 2, "categoria": "Zona de Restricción Severa", "area_ha": 15.65}, "geometry": {"type": "Polygon", "coordinates": [[[-58.9643109, -27.4904296], [-58.9647427, -27.4906126], [-58.9648652, -27.4912787], [-58.9653016, -27.4916526], [-58.9658335, -27.4915471], [-58.9669154, -27.4920998], [-58.9672337, -27.4919984], [-58.9677523, -27.4913202], [-58.9681797, -27.4913122], [-58.9682932, -27.4915966], [-58.9693796, -27.4923402], [-58.9693885, -27.492722], [-58.9686473, -27.4930224], [-58.9685248, -27.4923562], [-58.9680885, -27.4919824], [-58.9672382, -27.4921893], [-58.9671425, -27.4926686], [-58.9681198, -27.4933188], [-58.9676147, -27.4945697], [-58.9662503, -27.4956457], [-58.9651819, -27.4956656], [-58.9635411, -27.4940729], [-58.9635322, -27.4936911], [-58.9646963, -27.4931918], [-58.964901, -27.492806], [-58.9648921, -27.4924242], [-58.9639148, -27.491774], [-58.9643109, -27.4904296]]]}}, {"type": "Feature", "properties": {"id": 93, "codigo": 2, "categoria": "Zona de Restricción Severa", "area_ha": 3.87}, "geometry": {"type": "Polygon", "coordinates": [[[-59.0773556, -27.3835546], [-59.0776738, -27.3834531], [-59.0781057, -27.383636], [-59.0806146, -27.3857855], [-59.0806191, -27.3859764], [-59.0798779, -27.3862768], [-59.0785778, -27.3855371], [-59.0785689, -27.3851553], [-59.0772644, -27.3842248], [-59.0773556, -27.3835546]]]}}, {"type": "Feature", "properties": {"id": 94, "codigo": 2, "categoria": "Zona de Restricción Severa", "area_ha": 12.22}, "geometry": {"type": "Polygon", "coordinates": [[[-59.0352122, -27.4234013], [-59.0353392, -27.4242584], [-59.0351524, -27.4254078], [-59.0352794, -27.4262649], [-59.0358203, -27.4265413], [-59.0350925, -27.4274144], [-59.0348923, -27.4279911], [-59.0355513, -27.4287427], [-59.0353465, -27.4291285], [-59.0342646, -27.4285758], [-59.0329556, -27.4274544], [-59.0326239, -27.4269831], [-59.0328197, -27.4262154], [-59.032479, -27.4253624], [-59.0325791, -27.425074], [-59.0332157, -27.4248711], [-59.0335117, -27.4238151], [-59.0352122, -27.4234013]]]}}, {"type": "Feature", "properties": {"id": 95, "codigo": 2, "categoria": "Zona de Restricción Severa", "area_ha": 50.16}, "geometry": {"type": "Polygon", "coordinates": [[[-59.0631871, -27.3992901], [-59.0632604, -27.3978563], [-59.0629287, -27.3973851], [-59.0627928, -27.3961461], [-59.0631021, -27.3956629], [-59.0632889, -27.3945134], [-59.0637029, -27.3939327], [-59.0641258, -27.3937338], [-59.0644575, -27.3942051], [-59.0649895, -27.3940996], [-59.064994, -27.3942905], [-59.0645711, -27.3944894], [-59.0638567, -27.3959352], [-59.0638657, -27.3963171], [-59.0641929, -27.3965974], [-59.0649476, -27.3968698], [-59.0654796, -27.3967643], [-59.066025, -27.3972316], [-59.0676165, -27.3967243], [-59.0689719, -27.3952665], [-59.0690675, -27.3947873], [-59.0682038, -27.3944214], [-59.0672534, -27.3949167], [-59.0671398, -27.3946323], [-59.0674581, -27.3945309], [-59.0675583, -27.3942425], [-59.0662582, -27.3935029], [-59.0663404, -27.3924509], [-59.0666587, -27.3923494], [-59.0668859, -27.3929182], [-59.0673222, -27.393292], [-59.0680724, -27.3933734], [-59.068709, -27.3931705], [-59.0694412, -27.3924884], [-59.0695369, -27.3920091], [-59.0688913, -27.3918302], [-59.068455, -27.3914564], [-59.0685462, -27.3907862], [-59.0687598, -27.3907822], [-59.0690916, -27.3912534], [-59.0697326, -27.3912415], [-59.0702602, -27.3909451], [-59.0708011, -27.3912215], [-59.0708056, -27.3914124], [-59.0699642, -27.3920011], [-59.0694546, -27.3930611], [-59.069882, -27.3930531], [-59.0715692, -27.3920666], [-59.0719965, -27.3920586], [-59.0721968, -27.3914818], [-59.0719697, -27.3909131], [-59.0725017, -27.3908076], [-59.0726018, -27.3905193], [-59.072034, -27.3890975], [-59.0733894, -27.3876397], [-59.0736898, -27.3867746], [-59.0735584, -27.3857266], [-59.073772, -27.3857226], [-59.0742129, -27.3862873], [-59.0742442, -27.3876237], [-59.0740305, -27.3876277], [-59.0739483, -27.3886797], [-59.0742755, -27.38896], [-59.0747298, -27.3900975], [-59.0751661, -27.3904713], [-59.0760209, -27.3904553], [-59.0761165, -27.389976], [-59.0756712, -27.3892204], [-59.0758804, -27.3890255], [-59.0765215, -27.3890135], [-59.0769534, -27.3891964], [-59.0769578, -27.3893873], [-59.0782668, -27.3905088], [-59.0781757, -27.3911789], [-59.0773254, -27.3913859], [-59.0768068, -27.392064], [-59.076611, -27.3928317], [-59.0756651, -27.3935178], [-59.0751465, -27.394196], [-59.072255, -27.3939636], [-59.0725599, -27.3932895], [-59.0733055, -27.39318], [-59.0737374, -27.3933629], [-59.0749015, -27.3928637], [-59.0750973, -27.392096], [-59.0747656, -27.3916247], [-59.0736926, -27.3914538], [-59.0717829, -27.3920626], [-59.0705365, -27.3936138], [-59.0695906, -27.3943], [-59.0695128, -27.3955429], [-59.0699447, -27.3957258], [-59.0699492, -27.3959167], [-59.0694261, -27.396404], [-59.0688941, -27.3965094], [-59.0688986, -27.3967004], [-59.0678436, -27.3972931], [-59.0670067, -27.3980727], [-59.0655198, -27.3984825], [-59.0647831, -27.3989738], [-59.0646875, -27.3994531], [-59.0653375, -27.3998229], [-59.0660832, -27.3997134], [-59.0668199, -27.3992222], [-59.0677837, -27.3992996], [-59.0677927, -27.3996814], [-59.0674744, -27.3997829], [-59.0672697, -27.4001687], [-59.0662102, -27.4005705], [-59.064928, -27.4005945], [-59.0631871, -27.3992901]]]}}, {"type": "Feature", "properties": {"id": 96, "codigo": 2, "categoria": "Zona de Restricción Severa", "area_ha": 26.0}, "geometry": {"type": "Polygon", "coordinates": [[[-58.9451783, -27.5041572], [-58.9456057, -27.5041492], [-58.9474556, -27.505547], [-58.9475826, -27.5064041], [-58.9481325, -27.5070623], [-58.9489828, -27.5068554], [-58.9497464, -27.5075096], [-58.9496597, -27.5083707], [-58.9503097, -27.5087405], [-58.9510778, -27.5095856], [-58.9519281, -27.5093787], [-58.9519325, -27.5095696], [-58.949422, -27.5119085], [-58.9492083, -27.5119125], [-58.9488766, -27.5114412], [-58.9450631, -27.5083612], [-58.9450094, -27.5060703], [-58.9454189, -27.5052986], [-58.9450782, -27.5044455], [-58.9451783, -27.5041572]]]}}, {"type": "Feature", "properties": {"id": 97, "codigo": 2, "categoria": "Zona de Restricción Severa", "area_ha": 6.82}, "geometry": {"type": "Polygon", "coordinates": [[[-59.0199726, -27.4344776], [-59.0202908, -27.4343761], [-59.0222544, -27.4360583], [-59.0237412, -27.4356485], [-59.0239684, -27.4362172], [-59.0247319, -27.4368714], [-59.0255912, -27.4370463], [-59.0261411, -27.4377045], [-59.0253954, -27.437814], [-59.0240998, -27.4372652], [-59.0232451, -27.4372812], [-59.0222902, -27.4375856], [-59.0222812, -27.4372038], [-59.0217403, -27.4369274], [-59.0210813, -27.4361758], [-59.0199726, -27.4344776]]]}}, {"type": "Feature", "properties": {"id": 98, "codigo": 2, "categoria": "Zona de Restricción Severa", "area_ha": 0.91}, "geometry": {"type": "Polygon", "coordinates": [[[-59.0728351, -27.3867906], [-59.0726214, -27.3867946], [-59.0722941, -27.3865142], [-59.0715484, -27.3866236], [-59.0713437, -27.3870095], [-59.0708117, -27.3871149], [-59.0708072, -27.386924], [-59.071544, -27.3864327], [-59.0716396, -27.3859535], [-59.0724989, -27.3861284], [-59.0728351, -27.3867906]]]}}, {"type": "Feature", "properties": {"id": 99, "codigo": 2, "categoria": "Zona de Restricción Severa", "area_ha": 24.17}, "geometry": {"type": "Polygon", "coordinates": [[[-59.0584725, -27.3988054], [-59.0606542, -27.4006745], [-59.0606676, -27.4012472], [-59.0608858, -27.4014341], [-59.0607946, -27.4021043], [-59.0597441, -27.4028879], [-59.0596484, -27.4033672], [-59.060412, -27.4040214], [-59.0612757, -27.4043872], [-59.0609708, -27.4050614], [-59.0610889, -27.4055367], [-59.0604523, -27.4057396], [-59.0600338, -27.4061294], [-59.0587562, -27.4063443], [-59.0582331, -27.4068316], [-59.0573784, -27.4068476], [-59.0568643, -27.4077167], [-59.0561141, -27.4076352], [-59.0553729, -27.4079356], [-59.055355, -27.4071719], [-59.0567239, -27.4062868], [-59.0568195, -27.4058076], [-59.0564833, -27.4051454], [-59.0565745, -27.4044752], [-59.0587025, -27.4040534], [-59.0589072, -27.4036676], [-59.0588848, -27.402713], [-59.058453, -27.4025301], [-59.057794, -27.4017785], [-59.0574085, -27.3990163], [-59.0584725, -27.3988054]]]}}, {"type": "Feature", "properties": {"id": 100, "codigo": 2, "categoria": "Zona de Restricción Severa", "area_ha": 0.79}, "geometry": {"type": "Polygon", "coordinates": [[[-59.0487994, -27.4056712], [-59.0496676, -27.4062279], [-59.049149, -27.4069061], [-59.0486081, -27.4066297], [-59.0487994, -27.4056712]]]}}, {"type": "Feature", "properties": {"id": 101, "codigo": 2, "categoria": "Zona de Restricción Severa", "area_ha": 0.84}, "geometry": {"type": "Polygon", "coordinates": [[[-59.0782942, -27.3779982], [-59.0788262, -27.3778928], [-59.0788217, -27.3777019], [-59.07914, -27.3776004], [-59.0798946, -27.3778728], [-59.0796899, -27.3782586], [-59.0791534, -27.3781731], [-59.0788351, -27.3782746], [-59.078735, -27.378563], [-59.0785213, -27.378567], [-59.0782942, -27.3779982]]]}}, {"type": "Feature", "properties": {"id": 102, "codigo": 2, "categoria": "Zona de Restricción Severa", "area_ha": 0.5}, "geometry": {"type": "Polygon", "coordinates": [[[-59.0879136, -27.3688415], [-59.0880137, -27.3685532], [-59.0885457, -27.3684477], [-59.0886458, -27.3681594], [-59.0889641, -27.3680579], [-59.0889776, -27.3686306], [-59.0887684, -27.3688256], [-59.0879136, -27.3688415]]]}}, {"type": "Feature", "properties": {"id": 103, "codigo": 2, "categoria": "Zona de Restricción Severa", "area_ha": 0.66}, "geometry": {"type": "Polygon", "coordinates": [[[-58.9409403, -27.5057644], [-58.9410315, -27.5050943], [-58.9419909, -27.5049808], [-58.941686, -27.505655], [-58.9412631, -27.5058539], [-58.9409403, -27.5057644]]]}}, {"type": "Feature", "properties": {"id": 104, "codigo": 2, "categoria": "Zona de Restricción Severa", "area_ha": 0.85}, "geometry": {"type": "Polygon", "coordinates": [[[-59.0784676, -27.376276], [-59.0789996, -27.3761706], [-59.0789951, -27.3759797], [-59.0801727, -27.3760531], [-59.0806135, -27.3766179], [-59.0800815, -27.3767233], [-59.0797587, -27.3766339], [-59.0795361, -27.376256], [-59.0784721, -27.376467], [-59.0784676, -27.376276]]]}}, {"type": "Feature", "properties": {"id": 105, "codigo": 2, "categoria": "Zona de Restricción Severa", "area_ha": 0.99}, "geometry": {"type": "Polygon", "coordinates": [[[-59.0447796, -27.4074653], [-59.0457389, -27.4073519], [-59.0458659, -27.408209], [-59.0455521, -27.4085013], [-59.044793, -27.4080381], [-59.0447796, -27.4074653]]]}}, {"type": "Feature", "properties": {"id": 106, "codigo": 2, "categoria": "Zona de Restricción Severa", "area_ha": 0.53}, "geometry": {"type": "Polygon", "coordinates": [[[-59.086095, -27.3687801], [-59.086627, -27.3686746], [-59.0875953, -27.368943], [-59.0875998, -27.3691339], [-59.0870678, -27.3692394], [-59.0868496, -27.3690524], [-59.0862085, -27.3690644], [-59.086095, -27.3687801]]]}}, {"type": "Feature", "properties": {"id": 107, "codigo": 2, "categoria": "Zona de Restricción Severa", "area_ha": 2.43}, "geometry": {"type": "Polygon", "coordinates": [[[-59.0597295, -27.3931476], [-59.0603795, -27.3935174], [-59.0602883, -27.3941876], [-59.0591376, -27.3952596], [-59.0589239, -27.3952636], [-59.0585743, -27.3940287], [-59.0597295, -27.3931476]]]}}, {"type": "Feature", "properties": {"id": 108, "codigo": 2, "categoria": "Zona de Restricción Severa", "area_ha": 0.42}, "geometry": {"type": "Polygon", "coordinates": [[[-59.0503059, -27.4015366], [-59.0518106, -27.4018905], [-59.0519242, -27.4021748], [-59.0504194, -27.401821], [-59.0503059, -27.4015366]]]}}, {"type": "Feature", "properties": {"id": 109, "codigo": 2, "categoria": "Zona de Restricción Severa", "area_ha": 4.08}, "geometry": {"type": "Polygon", "coordinates": [[[-59.0172499, -27.4323321], [-59.0173501, -27.4320437], [-59.0184096, -27.4316419], [-59.018701, -27.430395], [-59.0190148, -27.4301027], [-59.0203059, -27.4304605], [-59.0208558, -27.4311187], [-59.0213878, -27.4310132], [-59.0218241, -27.431387], [-59.0224652, -27.431375], [-59.0224697, -27.4315659], [-59.0218376, -27.4319598], [-59.0212877, -27.4313016], [-59.0201146, -27.431419], [-59.0192509, -27.4310532], [-59.0189326, -27.4311547], [-59.0185366, -27.432499], [-59.0176863, -27.4327059], [-59.0172499, -27.4323321]]]}}, {"type": "Feature", "properties": {"id": 110, "codigo": 2, "categoria": "Zona de Restricción Severa", "area_ha": 0.49}, "geometry": {"type": "Polygon", "coordinates": [[[-59.087842, -27.365787], [-59.0887102, -27.3663437], [-59.0887236, -27.3669165], [-59.0880736, -27.3665466], [-59.087842, -27.365787]]]}}, {"type": "Feature", "properties": {"id": 111, "codigo": 2, "categoria": "Zona de Restricción Severa", "area_ha": 3.25}, "geometry": {"type": "Polygon", "coordinates": [[[-58.9373076, -27.5058324], [-58.9380622, -27.5061048], [-58.9381892, -27.5069619], [-58.9384074, -27.5071488], [-58.9386524, -27.5084812], [-58.9382474, -27.5094437], [-58.93782, -27.5094517], [-58.9379112, -27.5087815], [-58.9375795, -27.5083102], [-58.9376572, -27.5070673], [-58.9368936, -27.5064131], [-58.9368847, -27.5060313], [-58.9373076, -27.5058324]]]}}, {"type": "Feature", "properties": {"id": 112, "codigo": 2, "categoria": "Zona de Restricción Severa", "area_ha": 3.29}, "geometry": {"type": "Polygon", "coordinates": [[[-58.9562146, -27.4870478], [-58.9571651, -27.4865525], [-58.9580377, -27.4873002], [-58.9579465, -27.4879703], [-58.9584964, -27.4886285], [-58.9581826, -27.4889209], [-58.9576506, -27.4890263], [-58.9565598, -27.4880918], [-58.9565464, -27.4875191], [-58.9562146, -27.4870478]]]}}, {"type": "Feature", "properties": {"id": 113, "codigo": 2, "categoria": "Zona de Restricción Severa", "area_ha": 1.18}, "geometry": {"type": "Polygon", "coordinates": [[[-59.0117835, -27.4362543], [-59.0112649, -27.4369324], [-59.0097781, -27.4373422], [-59.0097736, -27.4371513], [-59.0103011, -27.436855], [-59.0108197, -27.4361768], [-59.0115653, -27.4360673], [-59.0117835, -27.4362543]]]}}, {"type": "Feature", "properties": {"id": 114, "codigo": 2, "categoria": "Zona de Restricción Severa", "area_ha": 3.71}, "geometry": {"type": "Polygon", "coordinates": [[[-59.059885, -27.3906618], [-59.0600987, -27.3906578], [-59.0601943, -27.3901785], [-59.0613584, -27.3896792], [-59.062122, -27.3903334], [-59.061708, -27.3909141], [-59.0616169, -27.3915843], [-59.0626808, -27.3913734], [-59.062781, -27.3910851], [-59.0629947, -27.3910811], [-59.0631127, -27.3915563], [-59.062376, -27.3920476], [-59.061962, -27.3926283], [-59.0617483, -27.3926323], [-59.0616124, -27.3913934], [-59.0610759, -27.391308], [-59.0607487, -27.3910276], [-59.0598984, -27.3912345], [-59.059885, -27.3906618]]]}}, {"type": "Feature", "properties": {"id": 115, "codigo": 2, "categoria": "Zona de Restricción Severa", "area_ha": 3.13}, "geometry": {"type": "Polygon", "coordinates": [[[-58.9589344, -27.484514], [-58.9592572, -27.4846034], [-58.9598116, -27.4854525], [-58.9598295, -27.4862162], [-58.960484, -27.4867769], [-58.9604974, -27.4873496], [-58.9599744, -27.4878369], [-58.9597607, -27.4878409], [-58.9589926, -27.4869958], [-58.9594021, -27.4862242], [-58.9592841, -27.4857489], [-58.9585205, -27.4850947], [-58.9585115, -27.4847129], [-58.9589344, -27.484514]]]}}, {"type": "Feature", "properties": {"id": 116, "codigo": 2, "categoria": "Zona de Restricción Severa", "area_ha": 7.17}, "geometry": {"type": "Polygon", "coordinates": [[[-59.0671806, -27.3826945], [-59.0678172, -27.3824916], [-59.0679173, -27.3822033], [-59.0682356, -27.3821018], [-59.0693265, -27.3830364], [-59.0693354, -27.3834182], [-59.0697762, -27.3839829], [-59.0713677, -27.3834756], [-59.0731086, -27.38478], [-59.0733402, -27.3855397], [-59.0729128, -27.3855477], [-59.0721537, -27.3850844], [-59.0711854, -27.384816], [-59.0704397, -27.3849255], [-59.0701124, -27.3846451], [-59.0689349, -27.3845716], [-59.0690261, -27.3839015], [-59.0688079, -27.3837145], [-59.0678441, -27.3836371], [-59.0671806, -27.3826945]]]}}, {"type": "Feature", "properties": {"id": 117, "codigo": 2, "categoria": "Zona de Restricción Severa", "area_ha": 8.35}, "geometry": {"type": "Polygon", "coordinates": [[[-58.9382222, -27.5038099], [-58.9384001, -27.5022786], [-58.9392369, -27.501499], [-58.9413604, -27.5008863], [-58.9423242, -27.5009637], [-58.9425424, -27.5011506], [-58.9426649, -27.5018168], [-58.9424512, -27.5018208], [-58.9420597, -27.5033561], [-58.9415232, -27.5032706], [-58.9415187, -27.5030797], [-58.9419416, -27.5028808], [-58.9420373, -27.5024015], [-58.9411736, -27.5020357], [-58.9402142, -27.5021492], [-58.9400095, -27.502535], [-58.9403501, -27.5033881], [-58.9400408, -27.5038713], [-58.9385539, -27.5042812], [-58.9382222, -27.5038099]]]}}, {"type": "Feature", "properties": {"id": 118, "codigo": 2, "categoria": "Zona de Restricción Severa", "area_ha": 1.78}, "geometry": {"type": "Polygon", "coordinates": [[[-59.0126623, -27.4327044], [-59.0131031, -27.4332692], [-59.0131165, -27.4338419], [-59.012066, -27.4346255], [-59.012057, -27.4342437], [-59.0115161, -27.4339673], [-59.0115116, -27.4337764], [-59.0118299, -27.433675], [-59.012344, -27.4328059], [-59.0126623, -27.4327044]]]}}, {"type": "Feature", "properties": {"id": 119, "codigo": 2, "categoria": "Zona de Restricción Severa", "area_ha": 0.55}, "geometry": {"type": "Polygon", "coordinates": [[[-59.0534592, -27.3946974], [-59.0534547, -27.3945065], [-59.0540868, -27.3941126], [-59.0548414, -27.394385], [-59.0548459, -27.3945759], [-59.0534592, -27.3946974]]]}}, {"type": "Feature", "properties": {"id": 120, "codigo": 2, "categoria": "Zona de Restricción Severa", "area_ha": 0.76}, "geometry": {"type": "Polygon", "coordinates": [[[-59.0274986, -27.4181023], [-59.0275121, -27.4186751], [-59.0272984, -27.4186791], [-59.0273028, -27.41887], [-59.0266707, -27.4192638], [-59.0265751, -27.4197431], [-59.0263614, -27.4197471], [-59.0262478, -27.4194627], [-59.0270757, -27.4183012], [-59.0274986, -27.4181023]]]}}, {"type": "Feature", "properties": {"id": 121, "codigo": 2, "categoria": "Zona de Restricción Severa", "area_ha": 1.74}, "geometry": {"type": "Polygon", "coordinates": [[[-59.0579617, -27.3906978], [-59.0579349, -27.3895523], [-59.0587852, -27.3893454], [-59.0589899, -27.3889596], [-59.059631, -27.3889476], [-59.0594397, -27.3899061], [-59.0585894, -27.390113], [-59.0583891, -27.3906898], [-59.0579617, -27.3906978]]]}}, {"type": "Feature", "properties": {"id": 122, "codigo": 2, "categoria": "Zona de Restricción Severa", "area_ha": 1.63}, "geometry": {"type": "Polygon", "coordinates": [[[-59.0836683, -27.3655786], [-59.083882, -27.3655746], [-59.0842182, -27.3662368], [-59.0849773, -27.3667001], [-59.0855272, -27.3673583], [-59.0861727, -27.3675372], [-59.0862908, -27.3680124], [-59.0852134, -27.3676506], [-59.0842361, -27.3670004], [-59.0836683, -27.3655786]]]}}, {"type": "Feature", "properties": {"id": 123, "codigo": 2, "categoria": "Zona de Restricción Severa", "area_ha": 4.59}, "geometry": {"type": "Polygon", "coordinates": [[[-58.9558158, -27.4837129], [-58.956016, -27.4831362], [-58.9579124, -27.4819547], [-58.9581261, -27.4819507], [-58.9588941, -27.4827958], [-58.9581664, -27.4836689], [-58.9570023, -27.4841682], [-58.9567975, -27.484554], [-58.9565838, -27.484558], [-58.9558158, -27.4837129]]]}}, {"type": "Feature", "properties": {"id": 124, "codigo": 2, "categoria": "Zona de Restricción Severa", "area_ha": 0.86}, "geometry": {"type": "Polygon", "coordinates": [[[-59.0269487, -27.4174441], [-59.0270444, -27.4169649], [-59.0274763, -27.4171478], [-59.0284311, -27.4168434], [-59.0289676, -27.4169289], [-59.0289721, -27.4171198], [-59.0282264, -27.4172292], [-59.027808, -27.4176191], [-59.0269487, -27.4174441]]]}}, {"type": "Feature", "properties": {"id": 125, "codigo": 2, "categoria": "Zona de Restricción Severa", "area_ha": 2.01}, "geometry": {"type": "Polygon", "coordinates": [[[-59.037396, -27.407126], [-59.0377099, -27.4068337], [-59.03846, -27.4069151], [-59.0389008, -27.4074798], [-59.0391324, -27.4082395], [-59.0382821, -27.4084464], [-59.0376276, -27.4078857], [-59.037396, -27.407126]]]}}, {"type": "Feature", "properties": {"id": 126, "codigo": 2, "categoria": "Zona de Restricción Severa", "area_ha": 0.74}, "geometry": {"type": "Polygon", "coordinates": [[[-59.0624928, -27.3833552], [-59.0629202, -27.3833472], [-59.0634656, -27.3838145], [-59.0632654, -27.3843912], [-59.0630517, -27.3843952], [-59.0623927, -27.3836436], [-59.0624928, -27.3833552]]]}}, {"type": "Feature", "properties": {"id": 127, "codigo": 2, "categoria": "Zona de Restricción Severa", "area_ha": 0.97}, "geometry": {"type": "Polygon", "coordinates": [[[-59.0737994, -27.373212], [-59.0740998, -27.3723469], [-59.0746362, -27.3724324], [-59.0751817, -27.3728997], [-59.0749769, -27.3732855], [-59.0737994, -27.373212]]]}}, {"type": "Feature", "properties": {"id": 128, "codigo": 2, "categoria": "Zona de Restricción Severa", "area_ha": 15.25}, "geometry": {"type": "Polygon", "coordinates": [[[-59.0839194, -27.3626135], [-59.0854198, -27.3627764], [-59.0866929, -27.3623706], [-59.0866885, -27.3621797], [-59.0874342, -27.3620703], [-59.0880797, -27.3622492], [-59.0886072, -27.3619528], [-59.08893, -27.3620423], [-59.0886251, -27.3627165], [-59.089057, -27.3628994], [-59.0893753, -27.3627979], [-59.0894665, -27.3621277], [-59.0909668, -27.3622907], [-59.0917259, -27.3627539], [-59.0918663, -27.3641837], [-59.0916839, -27.3655241], [-59.0920201, -27.3661863], [-59.0903061, -27.3660274], [-59.0895605, -27.3661368], [-59.0896606, -27.3658485], [-59.0901926, -27.365743], [-59.0902882, -27.3652637], [-59.089311, -27.3646136], [-59.0887611, -27.3639554], [-59.0866062, -27.3632317], [-59.0842556, -27.3632757], [-59.0839284, -27.3629953], [-59.0839194, -27.3626135]]]}}, {"type": "Feature", "properties": {"id": 129, "codigo": 2, "categoria": "Zona de Restricción Severa", "area_ha": 2.57}, "geometry": {"type": "Polygon", "coordinates": [[[-59.0540062, -27.3906763], [-59.0546652, -27.3914279], [-59.0539285, -27.3919192], [-59.0538418, -27.3927803], [-59.0535235, -27.3928817], [-59.0526553, -27.392325], [-59.0525372, -27.3918497], [-59.0533786, -27.391261], [-59.0535788, -27.3906843], [-59.0540062, -27.3906763]]]}}, {"type": "Feature", "properties": {"id": 130, "codigo": 2, "categoria": "Zona de Restricción Severa", "area_ha": 0.71}, "geometry": {"type": "Polygon", "coordinates": [[[-59.0603738, -27.3841589], [-59.061133, -27.3846221], [-59.0610373, -27.3851014], [-59.061369, -27.3855727], [-59.0606144, -27.3853003], [-59.0606054, -27.3849185], [-59.0602782, -27.3846381], [-59.0603738, -27.3841589]]]}}, {"type": "Feature", "properties": {"id": 131, "codigo": 2, "categoria": "Zona de Restricción Severa", "area_ha": 1.32}, "geometry": {"type": "Polygon", "coordinates": [[[-59.0191541, -27.4223648], [-59.0195815, -27.4223568], [-59.0195994, -27.4231205], [-59.0201448, -27.4235878], [-59.0200491, -27.424067], [-59.019299, -27.4239856], [-59.0189717, -27.4237052], [-59.0191541, -27.4223648]]]}}, {"type": "Feature", "properties": {"id": 132, "codigo": 2, "categoria": "Zona de Restricción Severa", "area_ha": 2.41}, "geometry": {"type": "Polygon", "coordinates": [[[-59.0500177, -27.3938068], [-59.0502672, -27.3953301], [-59.0508261, -27.3963701], [-59.0510666, -27.3975115], [-59.0501072, -27.397625], [-59.0505033, -27.3962806], [-59.0496351, -27.3957239], [-59.0497218, -27.3948628], [-59.0493811, -27.3940097], [-59.0500177, -27.3938068]]]}}, {"type": "Feature", "properties": {"id": 133, "codigo": 2, "categoria": "Zona de Restricción Severa", "area_ha": 2.34}, "geometry": {"type": "Polygon", "coordinates": [[[-59.0152433, -27.4242525], [-59.015457, -27.4242485], [-59.0165523, -27.4253739], [-59.0170888, -27.4254594], [-59.0179346, -27.4250616], [-59.0188028, -27.4256183], [-59.0192302, -27.4256103], [-59.0192347, -27.4258012], [-59.0169976, -27.4261296], [-59.0163476, -27.4257597], [-59.0152433, -27.4242525]]]}}, {"type": "Feature", "properties": {"id": 134, "codigo": 2, "categoria": "Zona de Restricción Severa", "area_ha": 0.96}, "geometry": {"type": "Polygon", "coordinates": [[[-59.0401264, -27.4004857], [-59.0408856, -27.4009489], [-59.0408945, -27.4013308], [-59.0403759, -27.4020089], [-59.039835, -27.4017326], [-59.040249, -27.4011519], [-59.0400263, -27.400774], [-59.0401264, -27.4004857]]]}}, {"type": "Feature", "properties": {"id": 135, "codigo": 2, "categoria": "Zona de Restricción Severa", "area_ha": 0.59}, "geometry": {"type": "Polygon", "coordinates": [[[-59.0068658, -27.431667], [-59.0066655, -27.4322437], [-59.0058152, -27.4324506], [-59.0057285, -27.4333117], [-59.0054102, -27.4334131], [-59.0053968, -27.4328404], [-59.0058197, -27.4326415], [-59.0058108, -27.4322597], [-59.0068658, -27.431667]]]}}, {"type": "Feature", "properties": {"id": 136, "codigo": 2, "categoria": "Zona de Restricción Severa", "area_ha": 1.54}, "geometry": {"type": "Polygon", "coordinates": [[[-59.0798817, -27.3636441], [-59.0802089, -27.3639244], [-59.0800221, -27.3650739], [-59.07939, -27.3654677], [-59.0790359, -27.3640419], [-59.0792496, -27.3640379], [-59.0794543, -27.3636521], [-59.0798817, -27.3636441]]]}}, {"type": "Feature", "properties": {"id": 137, "codigo": 2, "categoria": "Zona de Restricción Severa", "area_ha": 2.32}, "geometry": {"type": "Polygon", "coordinates": [[[-59.0713861, -27.3705833], [-59.0721363, -27.3706647], [-59.0727684, -27.3702709], [-59.0738369, -27.3702509], [-59.0750323, -27.371088], [-59.0750412, -27.3714698], [-59.0739683, -27.3712989], [-59.0735275, -27.3707342], [-59.0727818, -27.3708437], [-59.0726817, -27.371132], [-59.0720406, -27.371144], [-59.0714997, -27.3708676], [-59.0713861, -27.3705833]]]}}, {"type": "Feature", "properties": {"id": 138, "codigo": 2, "categoria": "Zona de Restricción Severa", "area_ha": 6.74}, "geometry": {"type": "Polygon", "coordinates": [[[-59.0621762, -27.3789683], [-59.0635585, -27.378656], [-59.0637811, -27.3790338], [-59.0645268, -27.3789243], [-59.0647315, -27.3785385], [-59.0651589, -27.3785305], [-59.0654907, -27.3790018], [-59.065395, -27.3794811], [-59.0656132, -27.379668], [-59.0662542, -27.379656], [-59.0663678, -27.3799403], [-59.0661631, -27.3803262], [-59.0659494, -27.3803302], [-59.0657491, -27.3809069], [-59.0653217, -27.3809149], [-59.0653172, -27.380724], [-59.0645581, -27.3802607], [-59.0638125, -27.3803702], [-59.0637213, -27.3810403], [-59.0644849, -27.3816945], [-59.0644893, -27.3818854], [-59.064062, -27.3818934], [-59.063403, -27.3811418], [-59.0632805, -27.3804756], [-59.0628441, -27.3801018], [-59.0627261, -27.3796265], [-59.0622942, -27.3794436], [-59.0621762, -27.3789683]]]}}, {"type": "Feature", "properties": {"id": 139, "codigo": 2, "categoria": "Zona de Restricción Severa", "area_ha": 2.06}, "geometry": {"type": "Polygon", "coordinates": [[[-59.0406226, -27.3988529], [-59.0408363, -27.3988489], [-59.0419316, -27.3999744], [-59.042359, -27.3999664], [-59.0430135, -27.4005271], [-59.043145, -27.4015751], [-59.0429313, -27.4015791], [-59.0421677, -27.400925], [-59.0421587, -27.4005431], [-59.0415087, -27.4001733], [-59.0407407, -27.3993282], [-59.040527, -27.3993322], [-59.0406226, -27.3988529]]]}}, {"type": "Feature", "properties": {"id": 140, "codigo": 2, "categoria": "Zona de Restricción Severa", "area_ha": 1.48}, "geometry": {"type": "Polygon", "coordinates": [[[-59.0257773, -27.4130732], [-59.0258954, -27.4135485], [-59.025586, -27.4140318], [-59.0244309, -27.4149129], [-59.0246356, -27.414527], [-59.024404, -27.4137674], [-59.0252453, -27.4131787], [-59.0257773, -27.4130732]]]}}, {"type": "Feature", "properties": {"id": 141, "codigo": 2, "categoria": "Zona de Restricción Severa", "area_ha": 0.68}, "geometry": {"type": "Polygon", "coordinates": [[[-59.0210342, -27.4159314], [-59.0223253, -27.4162892], [-59.0224389, -27.4165736], [-59.0220159, -27.4167725], [-59.0213704, -27.4165936], [-59.0210342, -27.4159314]]]}}, {"type": "Feature", "properties": {"id": 142, "codigo": 2, "categoria": "Zona de Restricción Severa", "area_ha": 2.52}, "geometry": {"type": "Polygon", "coordinates": [[[-59.0127657, -27.4234394], [-59.0135114, -27.4233299], [-59.0146934, -27.4235943], [-59.014925, -27.4243539], [-59.0136608, -27.4251415], [-59.0127657, -27.4234394]]]}}, {"type": "Feature", "properties": {"id": 143, "codigo": 2, "categoria": "Zona de Restricción Severa", "area_ha": 1.37}, "geometry": {"type": "Polygon", "coordinates": [[[-59.0682076, -27.3717887], [-59.068635, -27.3717807], [-59.069285, -27.3721505], [-59.069294, -27.3725324], [-59.0697258, -27.3727153], [-59.0698394, -27.3729996], [-59.0695211, -27.3731011], [-59.0690892, -27.3729182], [-59.0685617, -27.3732145], [-59.0682076, -27.3717887]]]}}, {"type": "Feature", "properties": {"id": 144, "codigo": 2, "categoria": "Zona de Restricción Severa", "area_ha": 7.16}, "geometry": {"type": "Polygon", "coordinates": [[[-59.0346063, -27.4021169], [-59.0349201, -27.4018246], [-59.0362023, -27.4018006], [-59.0368568, -27.4023613], [-59.0378296, -27.4028206], [-59.0387067, -27.4037591], [-59.0387157, -27.4041409], [-59.0377563, -27.4042544], [-59.0372109, -27.4037871], [-59.0355058, -27.40401], [-59.0343059, -27.402982], [-59.0346063, -27.4021169]]]}}, {"type": "Feature", "properties": {"id": 145, "codigo": 2, "categoria": "Zona de Restricción Severa", "area_ha": 0.99}, "geometry": {"type": "Polygon", "coordinates": [[[-59.0630595, -27.3756094], [-59.0638052, -27.3755], [-59.0643551, -27.3761582], [-59.0638275, -27.3764545], [-59.0629683, -27.3762796], [-59.0630595, -27.3756094]]]}}, {"type": "Feature", "properties": {"id": 146, "codigo": 2, "categoria": "Zona de Restricción Severa", "area_ha": 4.37}, "geometry": {"type": "Polygon", "coordinates": [[[-59.0174417, -27.4177176], [-59.0174328, -27.4173357], [-59.0179648, -27.4172303], [-59.0188061, -27.4166416], [-59.0191155, -27.4161583], [-59.0199792, -27.4165241], [-59.0202152, -27.4174747], [-59.0198102, -27.4184372], [-59.0190646, -27.4185467], [-59.0174417, -27.4177176]]]}}, {"type": "Feature", "properties": {"id": 147, "codigo": 2, "categoria": "Zona de Restricción Severa", "area_ha": 7.42}, "geometry": {"type": "Polygon", "coordinates": [[[-59.0665026, -27.3720116], [-59.0670569, -27.3728607], [-59.066102, -27.3731651], [-59.0660109, -27.3738353], [-59.0662469, -27.3747858], [-59.0657194, -27.3750822], [-59.0656282, -27.3757523], [-59.0650963, -27.3758578], [-59.0651874, -27.3751876], [-59.0647556, -27.3750047], [-59.0638784, -27.3740662], [-59.0636513, -27.3734974], [-59.063738, -27.3726363], [-59.0654386, -27.3722225], [-59.0659751, -27.372308], [-59.0665026, -27.3720116]]]}}, {"type": "Feature", "properties": {"id": 148, "codigo": 2, "categoria": "Zona de Restricción Severa", "area_ha": 3.1}, "geometry": {"type": "Polygon", "coordinates": [[[-59.0371633, -27.3971987], [-59.0390865, -27.3971628], [-59.0390955, -27.3975446], [-59.0401818, -27.3982882], [-59.0401908, -27.39867], [-59.0398725, -27.3987715], [-59.0397768, -27.3992508], [-59.0387084, -27.3992708], [-59.0384812, -27.398702], [-59.0385679, -27.3978409], [-59.0381316, -27.3974671], [-59.0371678, -27.3973897], [-59.0371633, -27.3971987]]]}}, {"type": "Feature", "properties": {"id": 149, "codigo": 2, "categoria": "Zona de Restricción Severa", "area_ha": 114.81}, "geometry": {"type": "Polygon", "coordinates": [[[-58.9317146, -27.4952415], [-58.9330924, -27.4947382], [-58.933088, -27.4945473], [-58.9336155, -27.494251], [-58.9345525, -27.493183], [-58.9355029, -27.4926877], [-58.9357076, -27.4923019], [-58.9370854, -27.4917986], [-58.9382585, -27.4916812], [-58.9383586, -27.4913928], [-58.9387815, -27.4911939], [-58.9393225, -27.4914703], [-58.9400681, -27.4913608], [-58.9409363, -27.4919175], [-58.9405358, -27.493071], [-58.9411903, -27.4936317], [-58.9417223, -27.4935263], [-58.941927, -27.4931404], [-58.942873, -27.4924543], [-58.9429686, -27.491975], [-58.9432824, -27.4916826], [-58.9439235, -27.4916706], [-58.9440416, -27.4921459], [-58.9437322, -27.4926292], [-58.9439549, -27.493007], [-58.9438592, -27.4934863], [-58.9440863, -27.494055], [-58.9451727, -27.4947986], [-58.9459184, -27.4946892], [-58.9464414, -27.4942019], [-58.9464145, -27.4930565], [-58.9466238, -27.4928616], [-58.9477923, -27.4925532], [-58.9477012, -27.4932234], [-58.948133, -27.4934063], [-58.9483557, -27.4937841], [-58.9488876, -27.4936787], [-58.9492971, -27.492907], [-58.9497245, -27.492899], [-58.9501608, -27.4932728], [-58.9503924, -27.4940325], [-58.9498604, -27.4941379], [-58.9495556, -27.4948121], [-58.9485962, -27.4949256], [-58.947864, -27.4956077], [-58.9477683, -27.496087], [-58.9484228, -27.4966477], [-58.9498051, -27.4963354], [-58.9500053, -27.4957587], [-58.9497737, -27.494999], [-58.9507331, -27.4948856], [-58.9508512, -27.4953609], [-58.9505463, -27.496035], [-58.9505597, -27.4966078], [-58.9500277, -27.4967132], [-58.9499321, -27.4971925], [-58.9503639, -27.4973754], [-58.9506822, -27.4972739], [-58.950887, -27.4968881], [-58.9516282, -27.4965878], [-58.9523783, -27.4966692], [-58.9520735, -27.4973434], [-58.9524007, -27.4976238], [-58.9528281, -27.4976158], [-58.952837, -27.4979976], [-58.9533869, -27.4986558], [-58.952441, -27.4993419], [-58.9523453, -27.4998212], [-58.9530133, -27.5009547], [-58.9534496, -27.5013285], [-58.953877, -27.5013205], [-58.9539905, -27.5016049], [-58.9536258, -27.5042856], [-58.9533075, -27.504387], [-58.9532762, -27.5030507], [-58.9523901, -27.5017303], [-58.9499858, -27.4994834], [-58.9487036, -27.4995074], [-58.947553, -27.5005794], [-58.947012, -27.500303], [-58.9458345, -27.5002296], [-58.945821, -27.4996568], [-58.946235, -27.4990761], [-58.9462171, -27.4983125], [-58.9459989, -27.4981256], [-58.9460901, -27.4974554], [-58.9466221, -27.4973499], [-58.9471407, -27.4966717], [-58.9468089, -27.4962005], [-58.9460633, -27.4963099], [-58.9425111, -27.4998143], [-58.9413425, -27.5001226], [-58.9406969, -27.4999437], [-58.9392789, -27.4987288], [-58.9394746, -27.4979612], [-58.939252, -27.4975833], [-58.9393477, -27.4971041], [-58.9391295, -27.4969172], [-58.9381701, -27.4970306], [-58.9383659, -27.496263], [-58.9379296, -27.4958892], [-58.9368656, -27.4961001], [-58.9365607, -27.4967742], [-58.9366788, -27.4972495], [-58.9360422, -27.4974524], [-58.9354235, -27.498419], [-58.9345732, -27.4986259], [-58.9344507, -27.4979597], [-58.9346465, -27.497192], [-58.9344238, -27.4968142], [-58.9335556, -27.4962575], [-58.9319418, -27.4958102], [-58.9317146, -27.4952415]]]}}, {"type": "Feature", "properties": {"id": 150, "codigo": 2, "categoria": "Zona de Restricción Severa", "area_ha": 1.03}, "geometry": {"type": "Polygon", "coordinates": [[[-59.0099385, -27.4213913], [-59.010475, -27.4214768], [-59.0110249, -27.422135], [-59.0109292, -27.4226143], [-59.0101701, -27.422151], [-59.0096337, -27.4220655], [-59.0096247, -27.4216837], [-59.0099385, -27.4213913]]]}}, {"type": "Feature", "properties": {"id": 151, "codigo": 2, "categoria": "Zona de Restricción Severa", "area_ha": 1.49}, "geometry": {"type": "Polygon", "coordinates": [[[-59.0222822, -27.4098918], [-59.0232505, -27.4101601], [-59.0230637, -27.4113096], [-59.0217815, -27.4113336], [-59.0217771, -27.4111427], [-59.0222, -27.4109438], [-59.0222956, -27.4104645], [-59.022073, -27.4100867], [-59.0222822, -27.4098918]]]}}, {"type": "Feature", "properties": {"id": 152, "codigo": 2, "categoria": "Zona de Restricción Severa", "area_ha": 5.91}, "geometry": {"type": "Polygon", "coordinates": [[[-59.0423623, -27.3909897], [-59.0444036, -27.391429], [-59.0448399, -27.3918028], [-59.0447487, -27.392473], [-59.0444304, -27.3925744], [-59.0437161, -27.3940202], [-59.0435292, -27.3951697], [-59.0433156, -27.3951737], [-59.0423293, -27.3941417], [-59.042425, -27.3936624], [-59.0432574, -27.3926919], [-59.0431349, -27.3920257], [-59.0422667, -27.391469], [-59.0423623, -27.3909897]]]}}, {"type": "Feature", "properties": {"id": 153, "codigo": 2, "categoria": "Zona de Restricción Severa", "area_ha": 1.25}, "geometry": {"type": "Polygon", "coordinates": [[[-59.0363085, -27.3972147], [-59.0361083, -27.3977915], [-59.0350577, -27.3985751], [-59.0347349, -27.3984856], [-59.0349307, -27.397718], [-59.0353491, -27.3973282], [-59.0363085, -27.3972147]]]}}, {"type": "Feature", "properties": {"id": 154, "codigo": 2, "categoria": "Zona de Restricción Severa", "area_ha": 7.72}, "geometry": {"type": "Polygon", "coordinates": [[[-59.0576618, -27.3779069], [-59.0580982, -27.3782807], [-59.0578112, -27.3797185], [-59.0575975, -27.3797225], [-59.0571836, -27.3803032], [-59.0561241, -27.380705], [-59.0555876, -27.3806196], [-59.054951, -27.3808225], [-59.0551513, -27.3802457], [-59.0549152, -27.3792952], [-59.0550153, -27.3790068], [-59.0554382, -27.3788079], [-59.0557386, -27.3779428], [-59.0563707, -27.377549], [-59.0576618, -27.3779069]]]}}, {"type": "Feature", "properties": {"id": 155, "codigo": 2, "categoria": "Zona de Restricción Severa", "area_ha": 1.68}, "geometry": {"type": "Polygon", "coordinates": [[[-59.0119993, -27.4181059], [-59.012627, -27.4175212], [-59.0130544, -27.4175132], [-59.0130588, -27.4177041], [-59.0134952, -27.4180779], [-59.0141407, -27.4182568], [-59.0141452, -27.4184477], [-59.0136087, -27.4183623], [-59.0132904, -27.4184637], [-59.0130857, -27.4188495], [-59.0126583, -27.4188575], [-59.0121174, -27.4185812], [-59.0119993, -27.4181059]]]}}, {"type": "Feature", "properties": {"id": 156, "codigo": 2, "categoria": "Zona de Restricción Severa", "area_ha": 0.98}, "geometry": {"type": "Polygon", "coordinates": [[[-58.9950306, -27.4329389], [-58.9956627, -27.4325451], [-58.9957763, -27.4328294], [-58.9966489, -27.4335771], [-58.9970763, -27.4335691], [-58.9970808, -27.43376], [-58.9961214, -27.4338734], [-58.9961125, -27.4334916], [-58.995035, -27.4331298], [-58.9950306, -27.4329389]]]}}, {"type": "Feature", "properties": {"id": 157, "codigo": 2, "categoria": "Zona de Restricción Severa", "area_ha": 1.01}, "geometry": {"type": "Polygon", "coordinates": [[[-59.0569626, -27.375437], [-59.0570761, -27.3757214], [-59.0566711, -27.3766839], [-59.0559255, -27.3767934], [-59.0561168, -27.3758348], [-59.0569626, -27.375437]]]}}, {"type": "Feature", "properties": {"id": 158, "codigo": 2, "categoria": "Zona de Restricción Severa", "area_ha": 6.1}, "geometry": {"type": "Polygon", "coordinates": [[[-59.015429, -27.4139354], [-59.015961, -27.4138299], [-59.0164616, -27.4123881], [-59.0175301, -27.4123681], [-59.0178618, -27.4128394], [-59.0185074, -27.4130183], [-59.0189482, -27.413583], [-59.0194802, -27.4134776], [-59.0196027, -27.4141438], [-59.0191798, -27.4143427], [-59.0168292, -27.4143866], [-59.0161971, -27.4147805], [-59.015429, -27.4139354]]]}}, {"type": "Feature", "properties": {"id": 159, "codigo": 2, "categoria": "Zona de Restricción Severa", "area_ha": 2.64}, "geometry": {"type": "Polygon", "coordinates": [[[-59.0346588, -27.3952402], [-59.0348636, -27.3948544], [-59.0356182, -27.3951267], [-59.0372142, -27.3948104], [-59.037519, -27.3941362], [-59.0378373, -27.3940348], [-59.0383783, -27.3943111], [-59.0383828, -27.394502], [-59.0380689, -27.3947944], [-59.037537, -27.3948998], [-59.0370184, -27.395578], [-59.036059, -27.3956915], [-59.0358588, -27.3962682], [-59.0356451, -27.3962722], [-59.0357407, -27.3957929], [-59.0346588, -27.3952402]]]}}, {"type": "Feature", "properties": {"id": 160, "codigo": 2, "categoria": "Zona de Restricción Severa", "area_ha": 0.67}, "geometry": {"type": "Polygon", "coordinates": [[[-58.9940354, -27.4315251], [-58.9945719, -27.4316105], [-58.9945987, -27.432756], [-58.9940622, -27.4326705], [-58.9940354, -27.4315251]]]}}, {"type": "Feature", "properties": {"id": 161, "codigo": 2, "categoria": "Zona de Restricción Severa", "area_ha": 0.49}, "geometry": {"type": "Polygon", "coordinates": [[[-59.055008, -27.3741367], [-59.0556491, -27.3741247], [-59.0560944, -27.3748803], [-59.0555624, -27.3749858], [-59.0555534, -27.3746039], [-59.0551216, -27.374421], [-59.055008, -27.3741367]]]}}, {"type": "Feature", "properties": {"id": 162, "codigo": 2, "categoria": "Zona de Restricción Severa", "area_ha": 1.25}, "geometry": {"type": "Polygon", "coordinates": [[[-59.0109549, -27.4145921], [-59.0112598, -27.4139179], [-59.013183, -27.4138819], [-59.0129783, -27.4142677], [-59.0112777, -27.4146815], [-59.0109549, -27.4145921]]]}}, {"type": "Feature", "properties": {"id": 163, "codigo": 2, "categoria": "Zona de Restricción Severa", "area_ha": 6.61}, "geometry": {"type": "Polygon", "coordinates": [[[-59.0472447, -27.3803937], [-59.0476721, -27.3803857], [-59.0481084, -27.3807595], [-59.0479171, -27.3817181], [-59.0482578, -27.3825712], [-59.0480665, -27.3835297], [-59.0483937, -27.3838101], [-59.0482024, -27.3847686], [-59.0479887, -27.3847726], [-59.0462434, -27.3832773], [-59.0464302, -27.3821279], [-59.0463077, -27.3814617], [-59.0467306, -27.3812628], [-59.0472447, -27.3803937]]]}}, {"type": "Feature", "properties": {"id": 164, "codigo": 2, "categoria": "Zona de Restricción Severa", "area_ha": 2.82}, "geometry": {"type": "Polygon", "coordinates": [[[-59.0520656, -27.3762926], [-59.0517652, -27.3771577], [-59.0525422, -27.3783846], [-59.0520102, -27.3784901], [-59.0519146, -27.3789694], [-59.0517009, -27.3789734], [-59.0515828, -27.3784981], [-59.0504875, -27.3773726], [-59.0504786, -27.3769908], [-59.0506923, -27.3769868], [-59.0507879, -27.3765075], [-59.0513244, -27.376593], [-59.0520656, -27.3762926]]]}}, {"type": "Feature", "properties": {"id": 165, "codigo": 2, "categoria": "Zona de Restricción Severa", "area_ha": 23.84}, "geometry": {"type": "Polygon", "coordinates": [[[-59.0565324, -27.3707658], [-59.0565234, -27.3703839], [-59.0569419, -27.3699941], [-59.0571555, -27.3699901], [-59.0574873, -27.3704614], [-59.0585468, -27.3700596], [-59.0585557, -27.3704414], [-59.058883, -27.3707218], [-59.0593104, -27.3707138], [-59.0598558, -27.371181], [-59.0606015, -27.3710716], [-59.0608017, -27.3704949], [-59.0602518, -27.3698367], [-59.0607704, -27.3691585], [-59.0610887, -27.3690571], [-59.0613846, -27.3680011], [-59.0620212, -27.3677981], [-59.0622215, -27.3672214], [-59.0621034, -27.3667462], [-59.062622, -27.366068], [-59.0633587, -27.3655767], [-59.0641133, -27.3658491], [-59.0644495, -27.3665113], [-59.0649905, -27.3667876], [-59.0647902, -27.3673643], [-59.0650173, -27.3679331], [-59.0643852, -27.3683269], [-59.0642896, -27.3688062], [-59.0647214, -27.3689891], [-59.0653535, -27.3685953], [-59.0652624, -27.3692654], [-59.0660215, -27.3697287], [-59.0658257, -27.3704963], [-59.0646392, -27.3700411], [-59.0637844, -27.3700571], [-59.0635618, -27.3696792], [-59.0630298, -27.3697847], [-59.0628251, -27.3701705], [-59.062066, -27.3697072], [-59.061534, -27.3698127], [-59.0612246, -27.370296], [-59.0615608, -27.3709581], [-59.0610244, -27.3708727], [-59.0606015, -27.3710716], [-59.060833, -27.3718312], [-59.0604101, -27.3720301], [-59.0601097, -27.3728952], [-59.0591638, -27.3735814], [-59.0583046, -27.3734065], [-59.0583957, -27.3727363], [-59.0581776, -27.3725494], [-59.0574319, -27.3726589], [-59.0572137, -27.3724719], [-59.0572048, -27.3720901], [-59.0578459, -27.3720781], [-59.058064, -27.372265], [-59.058596, -27.3721596], [-59.0587963, -27.3715829], [-59.0582509, -27.3711156], [-59.0578235, -27.3711236], [-59.0569821, -27.3717123], [-59.0569642, -27.3709487], [-59.0565324, -27.3707658]]]}}, {"type": "Feature", "properties": {"id": 166, "codigo": 2, "categoria": "Zona de Restricción Severa", "area_ha": 0.51}, "geometry": {"type": "Polygon", "coordinates": [[[-59.0314087, -27.3933911], [-59.0312085, -27.3939678], [-59.0313265, -27.3944431], [-59.0305808, -27.3945525], [-59.0309858, -27.39359], [-59.0314087, -27.3933911]]]}}, {"type": "Feature", "properties": {"id": 167, "codigo": 2, "categoria": "Zona de Restricción Severa", "area_ha": 0.81}, "geometry": {"type": "Polygon", "coordinates": [[[-59.0085954, -27.4142542], [-59.0097774, -27.4145186], [-59.0095861, -27.4154772], [-59.0093724, -27.4154812], [-59.0092543, -27.4150059], [-59.0084952, -27.4145426], [-59.0085954, -27.4142542]]]}}, {"type": "Feature", "properties": {"id": 168, "codigo": 2, "categoria": "Zona de Restricción Severa", "area_ha": 1.04}, "geometry": {"type": "Polygon", "coordinates": [[[-59.0149854, -27.4086914], [-59.0149988, -27.4092641], [-59.015217, -27.409451], [-59.0151258, -27.4101212], [-59.0153395, -27.4101172], [-59.0153439, -27.4103081], [-59.0151303, -27.4103121], [-59.0151213, -27.4099303], [-59.0143712, -27.4098488], [-59.0141485, -27.409471], [-59.0141396, -27.4090892], [-59.0149854, -27.4086914]]]}}, {"type": "Feature", "properties": {"id": 169, "codigo": 2, "categoria": "Zona de Restricción Severa", "area_ha": 0.53}, "geometry": {"type": "Polygon", "coordinates": [[[-59.0336966, -27.3906744], [-59.0342376, -27.3909507], [-59.0342555, -27.3917144], [-59.0336099, -27.3915355], [-59.0336966, -27.3906744]]]}}, {"type": "Feature", "properties": {"id": 170, "codigo": 2, "categoria": "Zona de Restricción Severa", "area_ha": 0.8}, "geometry": {"type": "Polygon", "coordinates": [[[-58.9858822, -27.434829], [-58.9866278, -27.4347196], [-58.986728, -27.4344312], [-58.9874692, -27.4341309], [-58.9870642, -27.4350934], [-58.9861048, -27.4352069], [-58.9858822, -27.434829]]]}}, {"type": "Feature", "properties": {"id": 171, "codigo": 2, "categoria": "Zona de Restricción Severa", "area_ha": 65.9}, "geometry": {"type": "Polygon", "coordinates": [[[-59.0217625, -27.4014023], [-59.0222855, -27.400915], [-59.0231403, -27.400899], [-59.0244358, -27.4014478], [-59.0248766, -27.4020125], [-59.0256223, -27.4019031], [-59.025591, -27.4005667], [-59.0248274, -27.3999125], [-59.0241819, -27.3997336], [-59.0241774, -27.3995427], [-59.0249231, -27.3994332], [-59.0260094, -27.4001769], [-59.026655, -27.4003558], [-59.0266639, -27.4007376], [-59.0269912, -27.401018], [-59.0270091, -27.4017816], [-59.0268043, -27.4021674], [-59.027027, -27.4025452], [-59.0277727, -27.4024358], [-59.0278728, -27.4021474], [-59.0281911, -27.402046], [-59.0289592, -27.4028911], [-59.029391, -27.403074], [-59.0297093, -27.4029725], [-59.0299096, -27.4023958], [-59.030851, -27.4015187], [-59.0312739, -27.4013198], [-59.0321287, -27.4013038], [-59.0327877, -27.4020555], [-59.0328011, -27.4026282], [-59.0315503, -27.4039885], [-59.0314546, -27.4044678], [-59.0317819, -27.4047482], [-59.0327457, -27.4048256], [-59.0326501, -27.4053049], [-59.0320224, -27.4058896], [-59.0307358, -27.4057227], [-59.0302038, -27.4058282], [-59.030008, -27.4065958], [-59.0304489, -27.4071605], [-59.0308762, -27.4071525], [-59.0317444, -27.4077093], [-59.0328084, -27.4074984], [-59.0328129, -27.4076893], [-59.0314306, -27.4080016], [-59.0303577, -27.4078307], [-59.0299169, -27.407266], [-59.0291712, -27.4073754], [-59.0286616, -27.4084354], [-59.0285794, -27.4094874], [-59.0288109, -27.4102471], [-59.0285973, -27.4102511], [-59.0253292, -27.4076383], [-59.0246882, -27.4076503], [-59.0233792, -27.4065289], [-59.0233657, -27.4059561], [-59.0230385, -27.4056758], [-59.0220746, -27.4055983], [-59.0215292, -27.405131], [-59.0206744, -27.405147], [-59.021075, -27.4039936], [-59.0209569, -27.4035183], [-59.0213798, -27.4033194], [-59.0217938, -27.4027387], [-59.0217625, -27.4014023]], [[-59.0273856, -27.404162], [-59.0268536, -27.4042674], [-59.0267534, -27.4045558], [-59.0268894, -27.4057947], [-59.0271076, -27.4059816], [-59.0276395, -27.4058762], [-59.0278443, -27.4054903], [-59.0277128, -27.4044423], [-59.0273856, -27.404162]], [[-59.0224259, -27.4023449], [-59.0223303, -27.4028241], [-59.0231985, -27.4033809], [-59.0237304, -27.4032754], [-59.0238171, -27.4024143], [-59.023599, -27.4022274], [-59.0228488, -27.402146], [-59.0224259, -27.4023449]]]}}, {"type": "Feature", "properties": {"id": 172, "codigo": 2, "categoria": "Zona de Restricción Severa", "area_ha": 2.76}, "geometry": {"type": "Polygon", "coordinates": [[[-59.0353614, -27.3887333], [-59.0360025, -27.3887213], [-59.0364433, -27.389286], [-59.0365748, -27.390334], [-59.0363611, -27.390338], [-59.0361563, -27.3907238], [-59.0350744, -27.3901711], [-59.0347427, -27.3896998], [-59.0347338, -27.389318], [-59.0353614, -27.3887333]]]}}, {"type": "Feature", "properties": {"id": 173, "codigo": 2, "categoria": "Zona de Restricción Severa", "area_ha": 0.86}, "geometry": {"type": "Polygon", "coordinates": [[[-59.0161047, -27.406283], [-59.0177007, -27.4059667], [-59.0184553, -27.406239], [-59.0184598, -27.4064299], [-59.0161092, -27.4064739], [-59.0161047, -27.406283]]]}}, {"type": "Feature", "properties": {"id": 174, "codigo": 2, "categoria": "Zona de Restricción Severa", "area_ha": 1.84}, "geometry": {"type": "Polygon", "coordinates": [[[-58.9990358, -27.4214044], [-58.9996814, -27.4215833], [-59.0002134, -27.4214778], [-59.0002178, -27.4216687], [-59.0007588, -27.4219451], [-59.0008768, -27.4224204], [-59.0004673, -27.423192], [-59.0002536, -27.423196], [-59.0002447, -27.4228142], [-58.9996993, -27.4223469], [-58.9991673, -27.4224524], [-58.9992585, -27.4217822], [-58.9990358, -27.4214044]]]}}, {"type": "Feature", "properties": {"id": 175, "codigo": 2, "categoria": "Zona de Restricción Severa", "area_ha": 1.72}, "geometry": {"type": "Polygon", "coordinates": [[[-59.0495432, -27.3735705], [-59.0495477, -27.3737614], [-59.0489156, -27.3741552], [-59.0481878, -27.3750283], [-59.0475423, -27.3748494], [-59.0486795, -27.3732046], [-59.049216, -27.3732901], [-59.0495432, -27.3735705]]]}}, {"type": "Feature", "properties": {"id": 176, "codigo": 2, "categoria": "Zona de Restricción Severa", "area_ha": 6.85}, "geometry": {"type": "Polygon", "coordinates": [[[-59.0489844, -27.3725304], [-59.0490801, -27.3720512], [-59.049612, -27.3719457], [-59.0497077, -27.3714665], [-59.0505625, -27.3714505], [-59.0507582, -27.3706828], [-59.0511812, -27.3704839], [-59.0516997, -27.3698057], [-59.0521226, -27.3696068], [-59.0525545, -27.3697897], [-59.0533002, -27.3696803], [-59.0532224, -27.3709232], [-59.0524857, -27.3714145], [-59.0519537, -27.3715199], [-59.051326, -27.3721046], [-59.0511258, -27.3726814], [-59.0514575, -27.3731526], [-59.0513574, -27.373441], [-59.0508254, -27.3735465], [-59.0506072, -27.3733595], [-59.0503667, -27.3722181], [-59.0501485, -27.3720312], [-59.0489844, -27.3725304]]]}}, {"type": "Feature", "properties": {"id": 177, "codigo": 2, "categoria": "Zona de Restricción Severa", "area_ha": 0.42}, "geometry": {"type": "Polygon", "coordinates": [[[-59.0060864, -27.4121048], [-59.006082, -27.4119139], [-59.006614, -27.4118084], [-59.0066095, -27.4116175], [-59.0069323, -27.411707], [-59.0069412, -27.4120888], [-59.0066274, -27.4123811], [-59.0060864, -27.4121048]]]}}, {"type": "Feature", "properties": {"id": 178, "codigo": 2, "categoria": "Zona de Restricción Severa", "area_ha": 20.99}, "geometry": {"type": "Polygon", "coordinates": [[[-59.032443, -27.3873555], [-59.0336116, -27.3870471], [-59.0346666, -27.3864544], [-59.0357396, -27.3866253], [-59.0360579, -27.3865238], [-59.036158, -27.3862355], [-59.03669, -27.38613], [-59.0370127, -27.3862195], [-59.0369171, -27.3866988], [-59.0376807, -27.3873529], [-59.0387447, -27.387142], [-59.0391541, -27.3863704], [-59.0398998, -27.3862609], [-59.0399177, -27.3870246], [-59.0394081, -27.3880846], [-59.0396263, -27.3882715], [-59.0404766, -27.3880646], [-59.0416765, -27.3890926], [-59.0416854, -27.3894744], [-59.0411669, -27.3901526], [-59.0401941, -27.3896933], [-59.0396621, -27.3897988], [-59.0392571, -27.3907613], [-59.0387251, -27.3908668], [-59.0385248, -27.3914435], [-59.0379973, -27.3917398], [-59.0379017, -27.3922191], [-59.0381377, -27.3931697], [-59.0365418, -27.393486], [-59.0365328, -27.3931042], [-59.0371649, -27.3927104], [-59.0372427, -27.3914675], [-59.0374564, -27.3914635], [-59.0377657, -27.3909802], [-59.0377568, -27.3905984], [-59.0371112, -27.3904195], [-59.0371067, -27.3902286], [-59.0377389, -27.3898348], [-59.0381394, -27.3886813], [-59.0373803, -27.388218], [-59.0373713, -27.3878362], [-59.0370441, -27.3875558], [-59.0362894, -27.3872835], [-59.0352165, -27.3871126], [-59.0340479, -27.3874209], [-59.0336295, -27.3878107], [-59.0332245, -27.3887733], [-59.0332335, -27.3891551], [-59.0335607, -27.3894355], [-59.0335831, -27.39039], [-59.0330511, -27.3904955], [-59.0323787, -27.3891711], [-59.0325745, -27.3884035], [-59.032443, -27.3873555]]]}}, {"type": "Feature", "properties": {"id": 179, "codigo": 2, "categoria": "Zona de Restricción Severa", "area_ha": 0.47}, "geometry": {"type": "Polygon", "coordinates": [[[-59.0073014, -27.4092171], [-59.0077333, -27.4094001], [-59.0075375, -27.4101677], [-59.0077646, -27.4107364], [-59.0073328, -27.4105535], [-59.0073014, -27.4092171]]]}}, {"type": "Feature", "properties": {"id": 180, "codigo": 2, "categoria": "Zona de Restricción Severa", "area_ha": 0.39}, "geometry": {"type": "Polygon", "coordinates": [[[-59.0203908, -27.3976081], [-59.0203997, -27.3979899], [-59.0194404, -27.3981034], [-59.0198543, -27.3975227], [-59.0203908, -27.3976081]]]}}, {"type": "Feature", "properties": {"id": 181, "codigo": 2, "categoria": "Zona de Restricción Severa", "area_ha": 5.87}, "geometry": {"type": "Polygon", "coordinates": [[[-59.0383788, -27.3806551], [-59.0382563, -27.3799889], [-59.03847, -27.3799849], [-59.0386747, -27.3795991], [-59.038452, -27.3792213], [-59.0385522, -27.3789329], [-59.0391933, -27.3789209], [-59.0394114, -27.3791079], [-59.0402617, -27.378901], [-59.0406936, -27.3790839], [-59.0416485, -27.3787795], [-59.041644, -27.3785886], [-59.0422851, -27.3785766], [-59.0426123, -27.378857], [-59.0426168, -27.3790479], [-59.0422985, -27.3791493], [-59.0415707, -27.3800224], [-59.0398657, -27.3802453], [-59.0393471, -27.3809235], [-59.038706, -27.3809355], [-59.0383788, -27.3806551]]]}}, {"type": "Feature", "properties": {"id": 182, "codigo": 2, "categoria": "Zona de Restricción Severa", "area_ha": 6.49}, "geometry": {"type": "Polygon", "coordinates": [[[-59.0359057, -27.3800329], [-59.0364421, -27.3801184], [-59.0366692, -27.3806871], [-59.0375419, -27.3814348], [-59.0373417, -27.3820115], [-59.0370234, -27.3821129], [-59.0369277, -27.3825922], [-59.036191, -27.3830835], [-59.0360953, -27.3835627], [-59.036318, -27.3839406], [-59.0354542, -27.3835747], [-59.0346862, -27.3827297], [-59.0352047, -27.3820515], [-59.0351734, -27.3807151], [-59.0359057, -27.3800329]]]}}, {"type": "Feature", "properties": {"id": 183, "codigo": 2, "categoria": "Zona de Restricción Severa", "area_ha": 0.62}, "geometry": {"type": "Polygon", "coordinates": [[[-58.9915807, -27.4180105], [-58.9922262, -27.4181894], [-58.9920304, -27.4189571], [-58.9913894, -27.4189691], [-58.9915807, -27.4180105]]]}}, {"type": "Feature", "properties": {"id": 184, "codigo": 2, "categoria": "Zona de Restricción Severa", "area_ha": 0.74}, "geometry": {"type": "Polygon", "coordinates": [[[-58.9854866, -27.4225174], [-58.9857003, -27.4225134], [-58.9859229, -27.4228912], [-58.9859364, -27.4234639], [-58.9857271, -27.4236589], [-58.9852998, -27.4236669], [-58.9851728, -27.4228098], [-58.9853865, -27.4228058], [-58.9854866, -27.4225174]]]}}, {"type": "Feature", "properties": {"id": 185, "codigo": 2, "categoria": "Zona de Restricción Severa", "area_ha": 0.42}, "geometry": {"type": "Polygon", "coordinates": [[[-58.9998044, -27.4085935], [-59.0006726, -27.4091502], [-59.0005769, -27.4096295], [-59.000145, -27.4094466], [-58.9998044, -27.4085935]]]}}, {"type": "Feature", "properties": {"id": 186, "codigo": 2, "categoria": "Zona de Restricción Severa", "area_ha": 3.96}, "geometry": {"type": "Polygon", "coordinates": [[[-59.006172, -27.4020761], [-59.0062632, -27.4014059], [-59.0075274, -27.4006182], [-59.0089186, -27.4006877], [-59.0093505, -27.4008706], [-59.0100095, -27.4016223], [-59.0100139, -27.4018132], [-59.0093773, -27.4020161], [-59.0087228, -27.4014553], [-59.0077635, -27.4015688], [-59.0074541, -27.4020521], [-59.0068175, -27.402255], [-59.006172, -27.4020761]]]}}, {"type": "Feature", "properties": {"id": 187, "codigo": 2, "categoria": "Zona de Restricción Severa", "area_ha": 9.08}, "geometry": {"type": "Polygon", "coordinates": [[[-59.0303318, -27.3793733], [-59.0310999, -27.3802184], [-59.030913, -27.3813678], [-59.0313538, -27.3819325], [-59.0310579, -27.3829885], [-59.0308442, -27.3829925], [-59.0307441, -27.3832809], [-59.0294843, -27.3842594], [-59.0283157, -27.3845678], [-59.0280931, -27.38419], [-59.0290346, -27.3833129], [-59.0291257, -27.3826427], [-59.029444, -27.3825413], [-59.0295442, -27.3822529], [-59.0293215, -27.3818751], [-59.0293993, -27.3806322], [-59.0291632, -27.3796816], [-59.0296907, -27.3793853], [-59.0303318, -27.3793733]]]}}, {"type": "Feature", "properties": {"id": 188, "codigo": 2, "categoria": "Zona de Restricción Severa", "area_ha": 3.73}, "geometry": {"type": "Polygon", "coordinates": [[[-59.0259937, -27.3812689], [-59.0265301, -27.3813543], [-59.0275164, -27.3823863], [-59.0275298, -27.3829591], [-59.0267931, -27.3834503], [-59.0265883, -27.3838362], [-59.0259383, -27.3834663], [-59.0260339, -27.3829871], [-59.0255976, -27.3826132], [-59.0253705, -27.3820445], [-59.0254661, -27.3815652], [-59.0259937, -27.3812689]]]}}, {"type": "Feature", "properties": {"id": 189, "codigo": 2, "categoria": "Zona de Restricción Severa", "area_ha": 1.14}, "geometry": {"type": "Polygon", "coordinates": [[[-58.98663, -27.4165752], [-58.9869617, -27.4170465], [-58.9863385, -27.4178221], [-58.9858065, -27.4179276], [-58.9857842, -27.416973], [-58.9861025, -27.4168716], [-58.9862026, -27.4165832], [-58.98663, -27.4165752]]]}}, {"type": "Feature", "properties": {"id": 190, "codigo": 2, "categoria": "Zona de Restricción Severa", "area_ha": 4.44}, "geometry": {"type": "Polygon", "coordinates": [[[-58.9922743, -27.4111218], [-58.992479, -27.410736], [-58.9932158, -27.4102447], [-58.9938658, -27.4106145], [-58.9957845, -27.4103876], [-58.9962209, -27.4107615], [-58.9963389, -27.4112367], [-58.9959205, -27.4116265], [-58.9952749, -27.4114476], [-58.9927151, -27.4116865], [-58.9922743, -27.4111218]]]}}, {"type": "Feature", "properties": {"id": 191, "codigo": 2, "categoria": "Zona de Restricción Severa", "area_ha": 0.71}, "geometry": {"type": "Polygon", "coordinates": [[[-58.9638989, -27.4363864], [-58.9645399, -27.4363744], [-58.9647805, -27.4375158], [-58.9641349, -27.4373369], [-58.9638989, -27.4363864]]]}}, {"type": "Feature", "properties": {"id": 192, "codigo": 2, "categoria": "Zona de Restricción Severa", "area_ha": 67.75}, "geometry": {"type": "Polygon", "coordinates": [[[-59.0399321, -27.3602853], [-59.0401458, -27.3602813], [-59.0405956, -27.3612279], [-59.0413502, -27.3615002], [-59.0429909, -27.363093], [-59.0434183, -27.363085], [-59.0437456, -27.3633653], [-59.0438636, -27.3638406], [-59.0444045, -27.364117], [-59.0446272, -27.3644948], [-59.0451681, -27.3647712], [-59.0451726, -27.3649621], [-59.0476815, -27.3671115], [-59.0478952, -27.3671075], [-59.0492087, -27.3684199], [-59.0496361, -27.3684119], [-59.0493491, -27.3698497], [-59.0495673, -27.3700366], [-59.0500993, -27.3699312], [-59.0503264, -27.3704999], [-59.0500081, -27.3706014], [-59.0498034, -27.3709872], [-59.049376, -27.3709952], [-59.0488306, -27.3705279], [-59.0470254, -27.3710392], [-59.0459838, -27.3722046], [-59.0468609, -27.3731432], [-59.0468699, -27.373525], [-59.0464514, -27.3739148], [-59.0457058, -27.3740243], [-59.0457102, -27.3742152], [-59.0444326, -27.3744301], [-59.0442099, -27.3740522], [-59.044192, -27.3732886], [-59.0437557, -27.3729148], [-59.0437423, -27.3723421], [-59.0430922, -27.3719722], [-59.0429742, -27.371497], [-59.0425379, -27.3711231], [-59.0404921, -27.370493], [-59.0404742, -27.3697293], [-59.0414067, -27.3684704], [-59.0421166, -27.3668337], [-59.0420942, -27.3658791], [-59.0415488, -27.3654119], [-59.0409077, -27.3654239], [-59.0399305, -27.3647737], [-59.0380207, -27.3653824], [-59.037925, -27.3658617], [-59.037284, -27.3658737], [-59.0369567, -27.3655933], [-59.0367206, -27.3646428], [-59.0374663, -27.3645333], [-59.0379849, -27.3638551], [-59.0385213, -27.3639406], [-59.0394986, -27.3645908], [-59.0405671, -27.3645708], [-59.0412171, -27.3649406], [-59.0417491, -27.3648351], [-59.0418313, -27.3637831], [-59.0414996, -27.3633119], [-59.0415952, -27.3628326], [-59.0409452, -27.3624628], [-59.040609, -27.3618006], [-59.0400681, -27.3615242], [-59.0396273, -27.3609595], [-59.0399321, -27.3602853]]]}}, {"type": "Feature", "properties": {"id": 193, "codigo": 2, "categoria": "Zona de Restricción Severa", "area_ha": 14.33}, "geometry": {"type": "Polygon", "coordinates": [[[-59.0296717, -27.369454], [-59.0298719, -27.3688773], [-59.0304996, -27.3682925], [-59.0319864, -27.3678827], [-59.0320821, -27.3674035], [-59.0316458, -27.3670296], [-59.0316413, -27.3668387], [-59.0319596, -27.3667373], [-59.0340143, -27.3677493], [-59.0340187, -27.3679402], [-59.0333866, -27.368334], [-59.0334135, -27.3694795], [-59.0340635, -27.3698493], [-59.0345955, -27.3697438], [-59.034996, -27.3685904], [-59.0343326, -27.3676478], [-59.0350782, -27.3675384], [-59.035156, -27.3662955], [-59.0345015, -27.3657347], [-59.0345972, -27.3652555], [-59.0353428, -27.365146], [-59.0353563, -27.3657187], [-59.0357971, -27.3662835], [-59.0367609, -27.3663609], [-59.036879, -27.3668362], [-59.0374199, -27.3671126], [-59.0367011, -27.3683675], [-59.0369282, -27.3689362], [-59.0366144, -27.3692286], [-59.035655, -27.369342], [-59.0355549, -27.3696304], [-59.0350229, -27.3697358], [-59.0349362, -27.3705969], [-59.0344042, -27.3707024], [-59.0343041, -27.3709907], [-59.033654, -27.3706209], [-59.0335315, -27.3699547], [-59.0320133, -27.3690282], [-59.0320043, -27.3686464], [-59.0316771, -27.368366], [-59.0309314, -27.3684755], [-59.0304129, -27.3691536], [-59.0296717, -27.369454]], [[-59.0359285, -27.3673315], [-59.0358329, -27.3678108], [-59.036051, -27.3679977], [-59.036583, -27.3678922], [-59.0366787, -27.3674129], [-59.0364605, -27.367226], [-59.0359285, -27.3673315]]]}}, {"type": "Feature", "properties": {"id": 194, "codigo": 2, "categoria": "Zona de Restricción Severa", "area_ha": 16.07}, "geometry": {"type": "Polygon", "coordinates": [[[-58.9743718, -27.4180461], [-58.9762307, -27.4198257], [-58.976035, -27.4205934], [-58.9758213, -27.4205974], [-58.9754073, -27.4211781], [-58.9747707, -27.421381], [-58.974566, -27.4217668], [-58.9733062, -27.4227453], [-58.9730013, -27.4234195], [-58.9717461, -27.424589], [-58.9712141, -27.4246944], [-58.9711005, -27.4244101], [-58.9713142, -27.4244061], [-58.9714099, -27.4239268], [-58.9711917, -27.4237399], [-58.9706597, -27.4238453], [-58.9706463, -27.4232726], [-58.971392, -27.4231632], [-58.9715922, -27.4225864], [-58.9713472, -27.4212541], [-58.9707016, -27.4210752], [-58.9706972, -27.4208842], [-58.9713293, -27.4204904], [-58.9714249, -27.4200112], [-58.9717477, -27.4201006], [-58.9719748, -27.4206693], [-58.9726159, -27.4206573], [-58.9729432, -27.4209377], [-58.9744256, -27.420337], [-58.9745212, -27.4198577], [-58.9730075, -27.4191221], [-58.9724621, -27.4186548], [-58.9726668, -27.418269], [-58.9730942, -27.418261], [-58.9733168, -27.4186388], [-58.9740625, -27.4185293], [-58.9741582, -27.4180501], [-58.9743718, -27.4180461]]]}}, {"type": "Feature", "properties": {"id": 195, "codigo": 2, "categoria": "Zona de Restricción Severa", "area_ha": 18.76}, "geometry": {"type": "Polygon", "coordinates": [[[-59.036682, -27.3584362], [-59.036691, -27.358818], [-59.0371228, -27.3590009], [-59.036927, -27.3597686], [-59.0357808, -27.3610315], [-59.0357898, -27.3614133], [-59.036117, -27.3616937], [-59.0365444, -27.3616857], [-59.036658, -27.36197], [-59.0370898, -27.3621529], [-59.0367894, -27.363018], [-59.0362574, -27.3631235], [-59.0359302, -27.3628431], [-59.0355028, -27.3628511], [-59.0349574, -27.3623838], [-59.034944, -27.3618111], [-59.0347258, -27.3616242], [-59.0340847, -27.3616362], [-59.033348, -27.3621275], [-59.0332523, -27.3626067], [-59.0334705, -27.3627937], [-59.0341116, -27.3627817], [-59.0344523, -27.3636347], [-59.0341384, -27.3639271], [-59.0333928, -27.3640366], [-59.0328697, -27.3645238], [-59.0327785, -27.365194], [-59.0330012, -27.3655718], [-59.0320463, -27.3658762], [-59.0309689, -27.3655144], [-59.0304235, -27.3650471], [-59.0299961, -27.3650551], [-59.0299871, -27.3646733], [-59.0308374, -27.3644664], [-59.0312379, -27.3633129], [-59.0317744, -27.3633984], [-59.0321973, -27.3631995], [-59.0326023, -27.3622369], [-59.0323707, -27.3614773], [-59.0326801, -27.360994], [-59.033103, -27.3607951], [-59.0334302, -27.3610755], [-59.0347124, -27.3610515], [-59.0349082, -27.3602838], [-59.0345809, -27.3600035], [-59.0345675, -27.3594307], [-59.0353132, -27.3593213], [-59.0355045, -27.3583628], [-59.036682, -27.3584362]]]}}, {"type": "Feature", "properties": {"id": 196, "codigo": 2, "categoria": "Zona de Restricción Severa", "area_ha": 4.55}, "geometry": {"type": "Polygon", "coordinates": [[[-59.0218009, -27.3711292], [-59.022197, -27.3697849], [-59.0225108, -27.3694925], [-59.0230428, -27.3693871], [-59.0232475, -27.3690012], [-59.0238796, -27.3686074], [-59.0242069, -27.3688878], [-59.0242158, -27.3692696], [-59.0249794, -27.3699238], [-59.0249928, -27.3704965], [-59.0232833, -27.3705285], [-59.022442, -27.3711172], [-59.0218009, -27.3711292]]]}}, {"type": "Feature", "properties": {"id": 197, "codigo": 2, "categoria": "Zona de Restricción Severa", "area_ha": 6.15}, "geometry": {"type": "Polygon", "coordinates": [[[-58.9157291, -27.4699476], [-58.9160653, -27.4706098], [-58.9166062, -27.4708861], [-58.9161923, -27.4714669], [-58.9163103, -27.4719421], [-58.9159965, -27.4722345], [-58.9152508, -27.472344], [-58.9142825, -27.4720756], [-58.9137505, -27.472181], [-58.9137684, -27.4729447], [-58.9135547, -27.4729487], [-58.9133231, -27.472189], [-58.9136325, -27.4717058], [-58.9139194, -27.470268], [-58.9143423, -27.470069], [-58.9157291, -27.4699476]]]}}, {"type": "Feature", "properties": {"id": 198, "codigo": 2, "categoria": "Zona de Restricción Severa", "area_ha": 0.56}, "geometry": {"type": "Polygon", "coordinates": [[[-58.9390431, -27.4476426], [-58.9385245, -27.4483208], [-58.9380971, -27.4483288], [-58.9380837, -27.4477561], [-58.9382974, -27.4477521], [-58.9383975, -27.4474637], [-58.9390431, -27.4476426]]]}}, {"type": "Feature", "properties": {"id": 199, "codigo": 2, "categoria": "Zona de Restricción Severa", "area_ha": 0.71}, "geometry": {"type": "Polygon", "coordinates": [[[-58.9577409, -27.4290529], [-58.9579546, -27.4290489], [-58.9579681, -27.4296216], [-58.9584089, -27.4301864], [-58.9579815, -27.4301944], [-58.9573315, -27.4298245], [-58.9573225, -27.4294427], [-58.9577409, -27.4290529]]]}}, {"type": "Feature", "properties": {"id": 200, "codigo": 2, "categoria": "Zona de Restricción Severa", "area_ha": 4.73}, "geometry": {"type": "Polygon", "coordinates": [[[-58.972495, -27.4155028], [-58.9724906, -27.4153119], [-58.9728089, -27.4152104], [-58.9738863, -27.4155723], [-58.9747366, -27.4153654], [-58.9753597, -27.4145897], [-58.9771649, -27.4140785], [-58.9775833, -27.4136886], [-58.9785382, -27.4133843], [-58.9785472, -27.4137661], [-58.9782289, -27.4138676], [-58.9780286, -27.4144443], [-58.9769602, -27.4144643], [-58.97686, -27.4147526], [-58.9756003, -27.4157312], [-58.9745363, -27.4159421], [-58.974336, -27.4165188], [-58.972495, -27.4155028]]]}}, {"type": "Feature", "properties": {"id": 201, "codigo": 2, "categoria": "Zona de Restricción Severa", "area_ha": 21.37}, "geometry": {"type": "Polygon", "coordinates": [[[-59.0317777, -27.3544216], [-59.032105, -27.354702], [-59.032223, -27.3551773], [-59.0329821, -27.3556406], [-59.0328999, -27.3566926], [-59.034191, -27.3570504], [-59.0349367, -27.3569409], [-59.0349411, -27.3571318], [-59.0347274, -27.3571358], [-59.0344226, -27.35781], [-59.0334587, -27.3577326], [-59.0329312, -27.3580289], [-59.0325262, -27.3589915], [-59.0316849, -27.3595802], [-59.0316206, -27.3613958], [-59.0310886, -27.3615013], [-59.0308838, -27.3618871], [-59.0305655, -27.3619885], [-59.0304699, -27.3624678], [-59.0302562, -27.3624718], [-59.0301605, -27.3629511], [-59.0305924, -27.363134], [-59.0305969, -27.3633249], [-59.0300649, -27.3634304], [-59.0293282, -27.3639216], [-59.0287872, -27.3636453], [-59.0287783, -27.3632634], [-59.028992, -27.3632594], [-59.029397, -27.3622969], [-59.0303518, -27.3619925], [-59.0304475, -27.3615133], [-59.029802, -27.3613344], [-59.0294837, -27.3614358], [-59.0292789, -27.3618216], [-59.0288515, -27.3618296], [-59.0286334, -27.3616427], [-59.0287245, -27.3609725], [-59.0290428, -27.3608711], [-59.0292476, -27.3604853], [-59.0304117, -27.359986], [-59.0305073, -27.3595067], [-59.0301801, -27.3592264], [-59.0293298, -27.3594333], [-59.0287889, -27.3591569], [-59.0287665, -27.3582024], [-59.0289712, -27.3578165], [-59.0288487, -27.3571504], [-59.0295944, -27.3570409], [-59.029817, -27.3574187], [-59.030349, -27.3573133], [-59.0307898, -27.357878], [-59.0323768, -27.3571798], [-59.0324725, -27.3567006], [-59.031818, -27.3561398], [-59.0310768, -27.3564402], [-59.0305403, -27.3563547], [-59.0300128, -27.3566511], [-59.02969, -27.3565616], [-59.030095, -27.3555991], [-59.0310499, -27.3552947], [-59.0312457, -27.3545271], [-59.0317777, -27.3544216]], [[-59.0307943, -27.3580689], [-59.0301577, -27.3582718], [-59.0300665, -27.358942], [-59.0302847, -27.3591289], [-59.0309213, -27.358926], [-59.0310125, -27.3582558], [-59.0307943, -27.3580689]]]}}, {"type": "Feature", "properties": {"id": 202, "codigo": 2, "categoria": "Zona de Restricción Severa", "area_ha": 1.57}, "geometry": {"type": "Polygon", "coordinates": [[[-58.9904807, -27.3802145], [-58.9908527, -27.382404], [-58.9905434, -27.3828873], [-58.9900114, -27.3829927], [-58.990267, -27.3802185], [-58.9904807, -27.3802145]]]}}, {"type": "Feature", "properties": {"id": 203, "codigo": 2, "categoria": "Zona de Restricción Severa", "area_ha": 4.73}, "geometry": {"type": "Polygon", "coordinates": [[[-58.9311281, -27.4337528], [-58.9311191, -27.433371], [-58.9323011, -27.4336353], [-58.9336879, -27.4335139], [-58.933788, -27.4332255], [-58.9347384, -27.4327302], [-58.9348251, -27.4318692], [-58.936321, -27.4318412], [-58.9362298, -27.4325113], [-58.9360161, -27.4325153], [-58.935916, -27.4328037], [-58.9351703, -27.4329132], [-58.9350746, -27.4333924], [-58.9344425, -27.4337862], [-58.9343513, -27.4344564], [-58.9339195, -27.4342735], [-58.9329601, -27.434387], [-58.9323101, -27.4340171], [-58.931669, -27.4340291], [-58.9311281, -27.4337528]]]}}, {"type": "Feature", "properties": {"id": 204, "codigo": 2, "categoria": "Zona de Restricción Severa", "area_ha": 1.74}, "geometry": {"type": "Polygon", "coordinates": [[[-58.9019488, -27.456645], [-58.9025898, -27.456633], [-58.9035626, -27.4570923], [-58.90399, -27.4570843], [-58.9052901, -27.4578239], [-58.9060402, -27.4579054], [-58.9060447, -27.4580963], [-58.905299, -27.4582057], [-58.9044398, -27.4580308], [-58.9037808, -27.4572792], [-58.9031397, -27.4572912], [-58.9019532, -27.4568359], [-58.9019488, -27.456645]]]}}, {"type": "Feature", "properties": {"id": 205, "codigo": 2, "categoria": "Zona de Restricción Severa", "area_ha": 0.67}, "geometry": {"type": "Polygon", "coordinates": [[[-58.9201594, -27.4400698], [-58.9202506, -27.4393996], [-58.9217285, -27.438608], [-58.921733, -27.4387989], [-58.9209962, -27.4392902], [-58.9203731, -27.4400658], [-58.9201594, -27.4400698]]]}}, {"type": "Feature", "properties": {"id": 206, "codigo": 2, "categoria": "Zona de Restricción Severa", "area_ha": 0.25}, "geometry": {"type": "Polygon", "coordinates": [[[-58.8974719, -27.4526224], [-58.8976855, -27.4526184], [-58.8986718, -27.4536504], [-58.8984581, -27.4536544], [-58.8974719, -27.4526224]]]}}, {"type": "Feature", "properties": {"id": 207, "codigo": 2, "categoria": "Zona de Restricción Severa", "area_ha": 1.19}, "geometry": {"type": "Polygon", "coordinates": [[[-59.0147232, -27.3428037], [-59.0153688, -27.3429827], [-59.0153867, -27.3437463], [-59.0150773, -27.3442296], [-59.0143182, -27.3437663], [-59.0143093, -27.3433845], [-59.0147232, -27.3428037]]]}}, {"type": "Feature", "properties": {"id": 208, "codigo": 2, "categoria": "Zona de Restricción Severa", "area_ha": 3.29}, "geometry": {"type": "Polygon", "coordinates": [[[-59.014547, -27.3398467], [-59.0148653, -27.3397452], [-59.0156244, -27.3402085], [-59.0160518, -27.3402005], [-59.0160607, -27.3405823], [-59.017038, -27.3412325], [-59.017047, -27.3416143], [-59.0160966, -27.3421096], [-59.0155601, -27.3420241], [-59.0155467, -27.3414514], [-59.0145649, -27.3406103], [-59.014547, -27.3398467]]]}}, {"type": "Feature", "properties": {"id": 209, "codigo": 2, "categoria": "Zona de Restricción Severa", "area_ha": 57.96}, "geometry": {"type": "Polygon", "coordinates": [[[-58.9017758, -27.4447112], [-58.9024169, -27.4446992], [-58.9031715, -27.4449715], [-58.9037035, -27.4448661], [-58.9046719, -27.4451345], [-58.9049991, -27.4454148], [-58.9061722, -27.4452974], [-58.9069313, -27.4457607], [-58.907677, -27.4456512], [-58.9078951, -27.4458381], [-58.9085362, -27.4458261], [-58.9105909, -27.4468381], [-58.9115547, -27.4469156], [-58.9122092, -27.4474763], [-58.9133912, -27.4477407], [-58.9142326, -27.447152], [-58.9158794, -27.4444472], [-58.9154386, -27.4438825], [-58.9138427, -27.4441989], [-58.9132749, -27.4427771], [-58.9136978, -27.4425781], [-58.9141386, -27.4431429], [-58.9159438, -27.4426316], [-58.9166939, -27.4427131], [-58.9172438, -27.4433713], [-58.9178849, -27.4433593], [-58.918103, -27.4435462], [-58.9180074, -27.4440254], [-58.9183391, -27.4444967], [-58.9179162, -27.4446956], [-58.9176936, -27.4443178], [-58.9171616, -27.4444233], [-58.9160378, -27.4466407], [-58.9158688, -27.4485538], [-58.9163052, -27.4489276], [-58.9179235, -27.4495658], [-58.917928, -27.4497567], [-58.9160406, -27.45132], [-58.9153262, -27.4527658], [-58.9151125, -27.4527698], [-58.9147719, -27.4519167], [-58.9140083, -27.4512625], [-58.9108896, -27.4504614], [-58.9088349, -27.4494494], [-58.9079757, -27.4492745], [-58.906335, -27.4476817], [-58.9055803, -27.4474094], [-58.9054578, -27.4467432], [-58.9050215, -27.4463694], [-58.9027621, -27.4457432], [-58.9017758, -27.4447112]]]}}, {"type": "Feature", "properties": {"id": 210, "codigo": 2, "categoria": "Zona de Restricción Severa", "area_ha": 1207.21}, "geometry": {"type": "Polygon", "coordinates": [[[-59.0197696, -27.3437598], [-59.020315, -27.344227], [-59.0203374, -27.3451816], [-59.0207737, -27.3455554], [-59.0207827, -27.3459372], [-59.0205779, -27.346323], [-59.0198367, -27.3466234], [-59.0197411, -27.3471027], [-59.0201774, -27.3474765], [-59.0212503, -27.3476474], [-59.0212548, -27.3478383], [-59.0204135, -27.348427], [-59.0203178, -27.3489063], [-59.0206451, -27.3491867], [-59.0226684, -27.3488623], [-59.0232961, -27.3482776], [-59.0236009, -27.3476034], [-59.0244512, -27.3473965], [-59.0245648, -27.3476809], [-59.0243645, -27.3482576], [-59.0245827, -27.3484445], [-59.0251147, -27.3483391], [-59.0265372, -27.3497449], [-59.0271828, -27.3499238], [-59.0279464, -27.350578], [-59.0279553, -27.3509598], [-59.0286098, -27.3515205], [-59.0291463, -27.351606], [-59.0295826, -27.3519798], [-59.0295916, -27.3523616], [-59.0308916, -27.3531013], [-59.0310186, -27.3539584], [-59.030382, -27.3541613], [-59.0300682, -27.3544536], [-59.0299725, -27.3549329], [-59.0293359, -27.3551358], [-59.0292358, -27.3554242], [-59.0266715, -27.3554722], [-59.0255852, -27.3547285], [-59.0229163, -27.354874], [-59.0228161, -27.3551623], [-59.0229342, -27.3556376], [-59.0245749, -27.3572303], [-59.0255925, -27.3595987], [-59.025951, -27.3612154], [-59.026492, -27.3614918], [-59.0263963, -27.3619711], [-59.0269686, -27.3635838], [-59.026982, -27.3641565], [-59.0277501, -27.3650016], [-59.0277546, -27.3651925], [-59.0269088, -27.3655903], [-59.0268176, -27.3662605], [-59.0270402, -27.3666383], [-59.0277993, -27.3671016], [-59.0287542, -27.3667973], [-59.0287497, -27.3666064], [-59.0297181, -27.3668747], [-59.0297225, -27.3670656], [-59.029195, -27.367362], [-59.0281848, -27.3698638], [-59.0289394, -27.3701362], [-59.0297075, -27.3709813], [-59.0298345, -27.3718384], [-59.0293427, -27.373662], [-59.03032, -27.3743122], [-59.033098, -27.3742602], [-59.0339572, -27.3744351], [-59.0348031, -27.3740373], [-59.0359761, -27.3739198], [-59.0373897, -27.3749438], [-59.0374345, -27.3768529], [-59.0364751, -27.3769664], [-59.0357205, -27.376694], [-59.0343293, -27.3766246], [-59.0328468, -27.3772253], [-59.0314511, -27.3769649], [-59.0303827, -27.3769849], [-59.0292186, -27.3774842], [-59.0285775, -27.3774962], [-59.0277138, -27.3771303], [-59.0265407, -27.3772478], [-59.0262314, -27.3777311], [-59.0229348, -27.3784612], [-59.0227659, -27.3803743], [-59.0214105, -27.3818321], [-59.0215464, -27.383071], [-59.0213507, -27.3838387], [-59.0215688, -27.3840256], [-59.0224236, -27.3840096], [-59.0228599, -27.3843834], [-59.023501, -27.3843714], [-59.0239373, -27.3847452], [-59.0251193, -27.3850096], [-59.025992, -27.3857572], [-59.0268512, -27.3859322], [-59.0265598, -27.3871791], [-59.0263461, -27.3871831], [-59.0259322, -27.3877638], [-59.0254002, -27.3878692], [-59.0251999, -27.388446], [-59.0246724, -27.3887423], [-59.0248592, -27.3875929], [-59.0234501, -27.3867598], [-59.0235413, -27.3860896], [-59.0233231, -27.3859027], [-59.0224728, -27.3861096], [-59.0220768, -27.387454], [-59.0216628, -27.3880347], [-59.0210307, -27.3884285], [-59.0209395, -27.3890987], [-59.0207258, -27.3891027], [-59.0199981, -27.3899758], [-59.0191478, -27.3901827], [-59.0191522, -27.3903736], [-59.0169286, -27.3912747], [-59.0155374, -27.3912052], [-59.0149008, -27.3914081], [-59.0138503, -27.3921917], [-59.013127, -27.3932557], [-59.0130313, -27.393735], [-59.0126129, -27.3941248], [-59.0118717, -27.3944252], [-59.0098483, -27.3947495], [-59.0098528, -27.3949404], [-59.0094299, -27.3951393], [-59.0092296, -27.3957161], [-59.008593, -27.395919], [-59.0085975, -27.3961099], [-59.0067789, -27.3960484], [-59.0057149, -27.3962593], [-59.0052831, -27.3960764], [-59.0043326, -27.3965717], [-59.0034734, -27.3963968], [-59.0035691, -27.3959175], [-59.0033464, -27.3955397], [-59.0046017, -27.3943702], [-59.0046974, -27.393891], [-59.0035841, -27.3920019], [-59.0036753, -27.3913317], [-59.0030298, -27.3911528], [-59.0027025, -27.3908724], [-59.0026936, -27.3904906], [-59.0017118, -27.3896495], [-59.0008615, -27.3898564], [-59.0006657, -27.390624], [-59.0015429, -27.3915626], [-59.0014472, -27.3920419], [-59.0025515, -27.3935491], [-59.002674, -27.3942153], [-59.0022511, -27.3944142], [-59.0008644, -27.3945357], [-59.0005595, -27.3952098], [-58.9998093, -27.3951284], [-58.9991727, -27.3953313], [-58.9991996, -27.3964767], [-59.0001769, -27.3971269], [-59.0001813, -27.3973178], [-58.9992354, -27.398004], [-58.9991353, -27.3982924], [-58.9978621, -27.3986982], [-58.9977664, -27.3991775], [-58.9983074, -27.3994538], [-58.9982072, -27.3997422], [-58.9964977, -27.3997742], [-58.9964065, -27.4004444], [-58.9958745, -27.4005498], [-58.9953246, -27.3998916], [-58.9947568, -27.3984698], [-58.994848, -27.3977996], [-58.9939754, -27.397052], [-58.9941711, -27.3962844], [-58.9944894, -27.3961829], [-58.9945896, -27.3958945], [-58.9944626, -27.3950375], [-58.9942444, -27.3948505], [-58.9943356, -27.3941804], [-58.9941174, -27.3939935], [-58.9935854, -27.3940989], [-58.9936078, -27.3950534], [-58.9929623, -27.3948745], [-58.9931581, -27.3941069], [-58.9926171, -27.3938305], [-58.9926126, -27.3936396], [-58.9930311, -27.3932498], [-58.9931267, -27.3927705], [-58.9923676, -27.3923073], [-58.9924588, -27.3916371], [-58.9915861, -27.3908894], [-58.9916684, -27.3898374], [-58.9912141, -27.3887], [-58.9907778, -27.3883262], [-58.99086, -27.3872742], [-58.9906329, -27.3867054], [-58.9898738, -27.3862422], [-58.9899605, -27.3853811], [-58.9895197, -27.3848163], [-58.9905837, -27.3846054], [-58.9911246, -27.3848818], [-58.9911335, -27.3852636], [-58.9915654, -27.3854465], [-58.991788, -27.3858244], [-58.9922781, -27.3884891], [-58.9924963, -27.388676], [-58.9930282, -27.3885705], [-58.993115, -27.3877094], [-58.9921662, -27.3837164], [-58.9909232, -27.3762909], [-58.9913371, -27.3757102], [-58.9912146, -27.375044], [-58.9919379, -27.37398], [-58.991802, -27.3727411], [-58.9921068, -27.3720669], [-58.9924251, -27.3719655], [-58.9925253, -27.3716771], [-58.9938029, -27.3714622], [-58.9937985, -27.3712713], [-58.9950672, -27.3706746], [-58.9962134, -27.3694117], [-58.9962089, -27.3692207], [-58.995777, -27.3690378], [-58.9954587, -27.3691393], [-58.9949402, -27.3698175], [-58.9937671, -27.3699349], [-58.9934443, -27.3698455], [-58.9932083, -27.3688949], [-58.9934041, -27.3681273], [-58.9940451, -27.3681153], [-58.9949956, -27.36762], [-58.9950823, -27.3667589], [-58.9948596, -27.3663811], [-58.9942096, -27.3660113], [-58.9941962, -27.3654386], [-58.9944054, -27.3652436], [-58.9952601, -27.3652276], [-58.9953603, -27.3649393], [-58.9948104, -27.3642811], [-58.9940647, -27.3643906], [-58.9935193, -27.3639233], [-58.9937973, -27.3621036], [-58.9936658, -27.3610556], [-58.9940798, -27.3604749], [-58.9939483, -27.3594269], [-58.994162, -27.3594229], [-58.9943667, -27.3590371], [-58.9947986, -27.35922], [-58.9956534, -27.359204], [-58.9965305, -27.3601426], [-58.9963392, -27.3611011], [-58.996789, -27.3620477], [-58.9961568, -27.3624415], [-58.9960657, -27.3631117], [-58.9962838, -27.3632986], [-58.9972432, -27.3631851], [-58.9975749, -27.3636564], [-58.998875, -27.364396], [-58.9998299, -27.3640917], [-58.99993, -27.3638033], [-58.9998075, -27.3631371], [-58.9986076, -27.3621091], [-58.9981802, -27.3621171], [-58.9977394, -27.3615524], [-58.9982579, -27.3608742], [-58.9998539, -27.3605579], [-59.0004502, -27.3586368], [-58.9994685, -27.3577957], [-58.99775, -27.3574458], [-58.9956176, -27.3576767], [-58.9949631, -27.357116], [-58.9949451, -27.3563524], [-58.9953681, -27.3561535], [-58.9965456, -27.3562269], [-59.0008507, -27.3574833], [-59.0013962, -27.3579506], [-59.0015231, -27.3588077], [-59.0018549, -27.359279], [-59.0029412, -27.3600226], [-59.0034777, -27.3601081], [-59.0036002, -27.3607742], [-59.0041456, -27.3612415], [-59.0041546, -27.3616233], [-59.004818, -27.3625659], [-59.0055771, -27.3630292], [-59.005072, -27.3642801], [-59.0044444, -27.3648648], [-59.0040394, -27.3658273], [-59.0039616, -27.3670702], [-59.0043979, -27.3674441], [-59.0043068, -27.3681142], [-59.0051839, -27.3690528], [-59.0051062, -27.3702957], [-59.0043963, -27.3719324], [-59.003555, -27.3725211], [-59.0017408, -27.3726506], [-59.0009817, -27.3721873], [-59.00065, -27.371716], [-58.9997997, -27.3719229], [-58.9992946, -27.3731738], [-58.9980348, -27.3741524], [-58.9979392, -27.3746317], [-58.9982709, -27.3751029], [-58.9992302, -27.3749895], [-59.0000626, -27.3740189], [-59.0019948, -27.3743648], [-59.0023221, -27.3746451], [-59.0026627, -27.3754982], [-59.0040495, -27.3753768], [-59.0062776, -27.3746666], [-59.0068006, -27.3741793], [-59.0068918, -27.3735092], [-59.0065645, -27.3732288], [-59.0059235, -27.3732408], [-59.0060191, -27.3727615], [-59.0059056, -27.3724772], [-59.0053646, -27.3722008], [-59.0053512, -27.3716281], [-59.0055649, -27.3716241], [-59.0058742, -27.3711408], [-59.0069337, -27.370739], [-59.0073611, -27.370731], [-59.0083384, -27.3713812], [-59.0088704, -27.3712757], [-59.0090706, -27.370699], [-59.0079798, -27.3697644], [-59.0066977, -27.3697884], [-59.006998, -27.3689233], [-59.0075166, -27.3682452], [-59.0073717, -27.3666244], [-59.0068173, -27.3657753], [-59.0071356, -27.3656739], [-59.007445, -27.3651906], [-59.0080816, -27.3649877], [-59.008914, -27.3640172], [-59.009446, -27.3639117], [-59.0097553, -27.3634284], [-59.0097463, -27.3630466], [-59.0084329, -27.3617343], [-59.0081789, -27.3600201], [-59.0078516, -27.3597397], [-59.008043, -27.3587812], [-59.0079204, -27.358115], [-59.0070478, -27.3573673], [-59.0056431, -27.3567252], [-59.0031297, -27.3543848], [-59.0015158, -27.3539375], [-59.0011886, -27.3536571], [-59.0011796, -27.3532753], [-59.0015981, -27.3528855], [-59.0029893, -27.352955], [-59.0029026, -27.3538161], [-59.0036662, -27.3544702], [-59.0051754, -27.355015], [-59.0070343, -27.3567946], [-59.0085302, -27.3567666], [-59.0090353, -27.3555157], [-59.0095583, -27.3550284], [-59.0104131, -27.3550125], [-59.010963, -27.3556706], [-59.0108674, -27.3561499], [-59.0096076, -27.3571284], [-59.009098, -27.3581884], [-59.009216, -27.3586637], [-59.0103069, -27.3595983], [-59.0103113, -27.3597892], [-59.0107432, -27.3599721], [-59.0116203, -27.3609106], [-59.011834, -27.3609066], [-59.0116517, -27.362247], [-59.0113378, -27.3625394], [-59.0108372, -27.3639812], [-59.0107505, -27.3648423], [-59.0101273, -27.3656179], [-59.0100317, -27.3660972], [-59.0102498, -27.3662841], [-59.0109955, -27.3661746], [-59.0115185, -27.3656874], [-59.0130009, -27.3650866], [-59.0136286, -27.3645019], [-59.0136107, -27.3637383], [-59.0139156, -27.3630641], [-59.0145566, -27.3630521], [-59.014706, -27.3648637], [-59.0155921, -27.3661841], [-59.0160598, -27.3678943], [-59.0162779, -27.3680812], [-59.0164094, -27.3691292], [-59.0157773, -27.369523], [-59.0144951, -27.369547], [-59.013736, -27.3690837], [-59.0129859, -27.3690023], [-59.0118173, -27.3693106], [-59.0110671, -27.3692292], [-59.0106442, -27.3694281], [-59.010562, -27.3704801], [-59.0115482, -27.3715121], [-59.0140213, -27.3721343], [-59.0149807, -27.3720208], [-59.0151765, -27.3712532], [-59.0155949, -27.3708634], [-59.0161269, -27.3707579], [-59.0173911, -27.3699703], [-59.0180322, -27.3699583], [-59.0189826, -27.369463], [-59.0190783, -27.3689838], [-59.0187421, -27.3683216], [-59.0188243, -27.3672696], [-59.0193474, -27.3667823], [-59.0204158, -27.3667623], [-59.0205025, -27.3659012], [-59.0201753, -27.3656209], [-59.0194251, -27.3655394], [-59.0196164, -27.3645809], [-59.0189709, -27.3644019], [-59.0181295, -27.3649907], [-59.0175931, -27.3649052], [-59.0174661, -27.3640481], [-59.0170297, -27.3636743], [-59.0171209, -27.3630041], [-59.017644, -27.3625168], [-59.0181759, -27.3624114], [-59.0191443, -27.3626798], [-59.0195672, -27.3624809], [-59.0196628, -27.3620016], [-59.0186766, -27.3609696], [-59.0175902, -27.3602259], [-59.0165307, -27.3606278], [-59.0154354, -27.3595023], [-59.0140442, -27.3594328], [-59.0132717, -27.3583968], [-59.011749, -27.3572794], [-59.0119358, -27.3561299], [-59.0122496, -27.3558376], [-59.0127816, -27.3557321], [-59.0128817, -27.3554437], [-59.0124275, -27.3543063], [-59.0125232, -27.353827], [-59.0121959, -27.3535466], [-59.0116639, -27.3536521], [-59.010591, -27.3534812], [-59.0100456, -27.3530139], [-59.0096959, -27.351779], [-59.0090325, -27.3508364], [-59.0089967, -27.3493092], [-59.0093105, -27.3490168], [-59.0106883, -27.3485135], [-59.0122155, -27.3498219], [-59.0124292, -27.3498179], [-59.0138472, -27.3510328], [-59.013774, -27.3524667], [-59.0143194, -27.3529339], [-59.0157196, -27.3533852], [-59.0163741, -27.3539459], [-59.0163786, -27.3541368], [-59.0150142, -27.3552128], [-59.0150366, -27.3561674], [-59.0161229, -27.356911], [-59.0176098, -27.3565012], [-59.0181149, -27.3552503], [-59.018638, -27.354763], [-59.0200247, -27.3546416], [-59.0201204, -27.3541623], [-59.0194659, -27.3536016], [-59.0182839, -27.3533372], [-59.0174157, -27.3527805], [-59.0170795, -27.3521183], [-59.0171572, -27.3508754], [-59.0166028, -27.3500263], [-59.0165849, -27.3492627], [-59.0173306, -27.3491532], [-59.0183034, -27.3496125], [-59.01894, -27.3494096], [-59.0191179, -27.3478783], [-59.0186816, -27.3475045], [-59.0187638, -27.3464525], [-59.0181138, -27.3460827], [-59.0178643, -27.3445594], [-59.018078, -27.3445554], [-59.0189103, -27.3435849], [-59.0197696, -27.3437598]], [[-59.0198548, -27.3838667], [-59.0197592, -27.3843459], [-59.0200864, -27.3846263], [-59.020723, -27.3844234], [-59.0208187, -27.3839441], [-59.0206005, -27.3837572], [-59.0198548, -27.3838667]], [[-59.02159, -27.3758125], [-59.021058, -27.375918], [-59.0209758, -27.3769699], [-59.0214122, -27.3773438], [-59.0208936, -27.3780219], [-59.0212253, -27.3784932], [-59.0222893, -27.3782823], [-59.0227032, -27.3777016], [-59.0220398, -27.376759], [-59.0220264, -27.3761863], [-59.02159, -27.3758125]], [[-59.0185519, -27.3784478], [-59.0177017, -27.3786547], [-59.0176105, -27.3793248], [-59.0180468, -27.3796987], [-59.0186834, -27.3794958], [-59.0187701, -27.3786347], [-59.0185519, -27.3784478]], [[-59.0096558, -27.3865404], [-59.0089102, -27.3866499], [-59.0085963, -27.3869423], [-59.0085007, -27.3874215], [-59.0090461, -27.3878888], [-59.0095781, -27.3877833], [-59.0098874, -27.3873001], [-59.0099831, -27.3868208], [-59.0096558, -27.3865404]], [[-59.0055342, -27.3931113], [-59.0060662, -27.3930059], [-59.0063621, -27.3919499], [-59.0065758, -27.3919459], [-59.0065713, -27.391755], [-59.0068896, -27.3916535], [-59.0088727, -27.389611], [-59.0091776, -27.3889368], [-59.0089549, -27.388559], [-59.0084229, -27.3886644], [-59.0071677, -27.3898339], [-59.0050397, -27.3902557], [-59.0040893, -27.390751], [-59.0039936, -27.3912302], [-59.0047527, -27.3916935], [-59.0055342, -27.3931113]], [[-59.0175283, -27.3803768], [-59.0156229, -27.3811765], [-59.0147637, -27.3810016], [-59.013773, -27.3797786], [-59.0130273, -27.3798881], [-59.0127135, -27.3801805], [-59.0126313, -27.3812325], [-59.0123264, -27.3819066], [-59.01228, -27.3844859], [-59.0120663, -27.3844899], [-59.0120708, -27.3846808], [-59.0101476, -27.3847168], [-59.0099428, -27.3851026], [-59.0101789, -27.3860532], [-59.0108334, -27.3866139], [-59.012129, -27.3871626], [-59.0129792, -27.3869557], [-59.0134978, -27.3862775], [-59.0134262, -27.383223], [-59.0146904, -27.3824354], [-59.0161818, -27.3822165], [-59.016923, -27.3819161], [-59.0176552, -27.3812339], [-59.0177464, -27.3805638], [-59.0175283, -27.3803768]], [[-59.0029268, -27.3867619], [-59.0020765, -27.3869688], [-59.0018763, -27.3875455], [-59.0020989, -27.3879233], [-59.0026309, -27.3878179], [-59.0030493, -27.387428], [-59.003145, -27.3869488], [-59.0029268, -27.3867619]], [[-59.0039505, -27.3848328], [-59.0038549, -27.385312], [-59.004073, -27.385499], [-59.004605, -27.3853935], [-59.0047007, -27.3849142], [-59.0044825, -27.3847273], [-59.0039505, -27.3848328]], [[-59.020752, -27.3674245], [-59.0202648, -27.369439], [-59.0194234, -27.3700278], [-59.0190184, -27.3709903], [-59.017427, -27.3714976], [-59.0170085, -27.3718874], [-59.0169173, -27.3725576], [-59.0171355, -27.3727445], [-59.0184132, -27.3725296], [-59.0193815, -27.3727979], [-59.02045, -27.3727779], [-59.0210088, -27.373818], [-59.021877, -27.3743747], [-59.0231547, -27.3741598], [-59.0235955, -27.3747245], [-59.0240273, -27.3749074], [-59.0245593, -27.374802], [-59.0247506, -27.3738434], [-59.0256787, -27.3723936], [-59.0261016, -27.3721947], [-59.0263063, -27.3718089], [-59.0261838, -27.3711427], [-59.0263751, -27.3701842], [-59.0261435, -27.3694245], [-59.0255936, -27.3687663], [-59.0249436, -27.3683965], [-59.0248256, -27.3679212], [-59.0238438, -27.3670801], [-59.0232072, -27.3672831], [-59.0219206, -27.3671161], [-59.020752, -27.3674245]], [[-59.0053703, -27.3815593], [-59.0046291, -27.3818597], [-59.0045334, -27.382339], [-59.0047516, -27.3825259], [-59.0054928, -27.3822255], [-59.0055884, -27.3817462], [-59.0053703, -27.3815593]], [[-58.9929326, -27.3890498], [-58.9926143, -27.3891513], [-58.9925186, -27.3896305], [-58.9927547, -27.3905811], [-58.9931866, -27.390764], [-58.9935049, -27.3906625], [-58.9936005, -27.3901833], [-58.9933645, -27.3892327], [-58.9929326, -27.3890498]], [[-59.0207447, -27.3625543], [-59.0204264, -27.3626558], [-59.020135, -27.3639027], [-59.0204667, -27.364374], [-59.0211122, -27.3645529], [-59.0214305, -27.3644514], [-59.0215128, -27.3633994], [-59.0213947, -27.3629241], [-59.0207447, -27.3625543]], [[-59.0029111, -27.3678539], [-59.0028199, -27.368524], [-59.0031471, -27.3688044], [-59.0036791, -27.368699], [-59.0038794, -27.3681222], [-59.0034431, -27.3677484], [-59.0029111, -27.3678539]], [[-58.99912, -27.3657284], [-58.9978647, -27.3668978], [-58.9975643, -27.3677629], [-58.9975867, -27.3687175], [-58.9981321, -27.3691848], [-58.9995099, -27.3686815], [-59.0004872, -27.3693317], [-59.0010192, -27.3692262], [-59.0013285, -27.3687429], [-59.001088, -27.3676015], [-59.0016155, -27.3673051], [-59.0017111, -27.3668259], [-59.0000794, -27.3656149], [-58.99912, -27.3657284]]]}}, {"type": "Feature", "properties": {"id": 211, "codigo": 2, "categoria": "Zona de Restricción Severa", "area_ha": 10.34}, "geometry": {"type": "Polygon", "coordinates": [[[-59.0012518, -27.3426739], [-59.0018883, -27.342471], [-59.0024024, -27.3416019], [-59.0029344, -27.3414964], [-59.003985, -27.3407128], [-59.0059127, -27.3408677], [-59.0071126, -27.3418957], [-59.0070348, -27.3431386], [-59.006721, -27.343431], [-59.0058662, -27.343447], [-59.0052207, -27.3432681], [-59.0046753, -27.3428008], [-59.003816, -27.3426259], [-59.0023202, -27.3426539], [-59.0012607, -27.3430557], [-59.0012518, -27.3426739]]]}}, {"type": "Feature", "properties": {"id": 212, "codigo": 2, "categoria": "Zona de Restricción Severa", "area_ha": 2.86}, "geometry": {"type": "Polygon", "coordinates": [[[-58.9987428, -27.3405244], [-58.9998247, -27.3410771], [-59.000684, -27.341252], [-59.0007019, -27.3420157], [-59.0010336, -27.342487], [-59.0002879, -27.3425964], [-58.999747, -27.34232], [-58.998438, -27.3411986], [-58.9987428, -27.3405244]]]}}, {"type": "Feature", "properties": {"id": 213, "codigo": 2, "categoria": "Zona de Restricción Severa", "area_ha": 2.31}, "geometry": {"type": "Polygon", "coordinates": [[[-59.0003986, -27.3382015], [-59.0002851, -27.3379171], [-59.00059, -27.337243], [-59.0011219, -27.3371375], [-59.0012221, -27.3368491], [-59.0020634, -27.3362604], [-59.0024086, -27.3373044], [-59.0018766, -27.3374099], [-59.0013625, -27.338279], [-59.0003986, -27.3382015]]]}}, {"type": "Feature", "properties": {"id": 214, "codigo": 2, "categoria": "Zona de Restricción Severa", "area_ha": 0.97}, "geometry": {"type": "Polygon", "coordinates": [[[-58.9994527, -27.3388877], [-58.9994661, -27.3394604], [-58.9989252, -27.339184], [-58.9983932, -27.3392895], [-58.998302, -27.3399597], [-58.9980883, -27.3399637], [-58.9979927, -27.3404429], [-58.997779, -27.3404469], [-58.9979658, -27.3392975], [-58.9983842, -27.3389077], [-58.9994527, -27.3388877]]]}}, {"type": "Feature", "properties": {"id": 215, "codigo": 2, "categoria": "Zona de Restricción Severa", "area_ha": 115.52}, "geometry": {"type": "Polygon", "coordinates": [[[-59.0059115, -27.3317001], [-59.0063478, -27.3320739], [-59.006575, -27.3326426], [-59.0065929, -27.3334063], [-59.0061923, -27.3345597], [-59.0062192, -27.3357052], [-59.0060145, -27.336091], [-59.0060324, -27.3368546], [-59.006255, -27.3372324], [-59.0069095, -27.3377932], [-59.007555, -27.3379721], [-59.0077822, -27.3385408], [-59.0087594, -27.339191], [-59.009287, -27.3388946], [-59.0095784, -27.3376477], [-59.0101014, -27.3371605], [-59.0115838, -27.3365597], [-59.0117108, -27.3374168], [-59.0105467, -27.3379161], [-59.0103599, -27.3390655], [-59.0097412, -27.3400321], [-59.0099907, -27.3415554], [-59.011458, -27.3448703], [-59.0114804, -27.3458248], [-59.0119123, -27.3460077], [-59.0128672, -27.3457034], [-59.014363, -27.3456754], [-59.0150997, -27.3451841], [-59.0147904, -27.3456674], [-59.0150175, -27.3462361], [-59.0144855, -27.3463416], [-59.0143854, -27.3466299], [-59.0141717, -27.3466339], [-59.0136263, -27.3461667], [-59.0128851, -27.346467], [-59.0119167, -27.3461986], [-59.0114938, -27.3463976], [-59.0113982, -27.3468768], [-59.0108751, -27.3473641], [-59.0092836, -27.3478714], [-59.0082152, -27.3478914], [-59.0074561, -27.3474281], [-59.0067149, -27.3477284], [-59.0066327, -27.3487804], [-59.0058406, -27.3514692], [-59.0061678, -27.3517495], [-59.00745, -27.3517255], [-59.0079954, -27.3521928], [-59.0075993, -27.3535372], [-59.0071809, -27.353927], [-59.0059032, -27.3541419], [-59.005035, -27.3535852], [-59.004917, -27.3531099], [-59.005322, -27.3521473], [-59.0049903, -27.3516761], [-59.0043447, -27.3514972], [-59.0023214, -27.3518215], [-58.9997571, -27.3518695], [-58.9991115, -27.3516906], [-58.9987932, -27.351792], [-58.9986976, -27.3522713], [-58.9990248, -27.3525517], [-58.9995613, -27.3526371], [-58.9995703, -27.3530189], [-59.0001157, -27.3534862], [-59.0001246, -27.353868], [-58.9992878, -27.3546477], [-58.9978054, -27.3552484], [-58.9965232, -27.3552724], [-58.9953412, -27.355008], [-58.9954234, -27.353956], [-58.996592, -27.3536477], [-58.996997, -27.3526851], [-58.9973108, -27.3523928], [-58.9981611, -27.3521858], [-58.9983614, -27.3516091], [-58.9977114, -27.3512393], [-58.9966474, -27.3514502], [-58.9961109, -27.3513647], [-58.99557, -27.3510884], [-58.995443, -27.3502313], [-58.9958569, -27.3496506], [-58.9963352, -27.3472542], [-58.9973813, -27.3462797], [-58.9990863, -27.3460568], [-59.0013323, -27.3461102], [-59.0030284, -27.3455055], [-59.0031062, -27.3442626], [-59.0035201, -27.3436819], [-59.0048112, -27.3440397], [-59.0051519, -27.3448928], [-59.0046199, -27.3449982], [-59.0039923, -27.345583], [-59.0034603, -27.3456884], [-59.0030642, -27.3470328], [-59.0027504, -27.3473251], [-59.0020047, -27.3474346], [-59.0013816, -27.3482102], [-59.0004222, -27.3483237], [-58.9996899, -27.3490059], [-58.9988352, -27.3490219], [-58.9980761, -27.3485586], [-58.9977399, -27.3478964], [-58.9972034, -27.3478109], [-58.9965713, -27.3482048], [-58.9962798, -27.3494517], [-58.996507, -27.3500204], [-58.9985393, -27.3500779], [-58.9999394, -27.3505291], [-59.001117, -27.3506026], [-59.0030312, -27.3501848], [-59.0037322, -27.3481662], [-59.0042552, -27.347679], [-59.0045556, -27.3468139], [-59.0050786, -27.3463266], [-59.0066701, -27.3458193], [-59.0086979, -27.3456859], [-59.0095393, -27.3450972], [-59.009626, -27.3442361], [-59.0092943, -27.3437648], [-59.0091494, -27.3421441], [-59.0083813, -27.341299], [-59.0078135, -27.3398772], [-59.0064044, -27.3390441], [-59.005327, -27.3386823], [-59.0044498, -27.3377437], [-59.0044185, -27.3364073], [-59.005233, -27.3346732], [-59.0051149, -27.3341979], [-59.0044604, -27.3336372], [-59.0039284, -27.3337426], [-59.0039329, -27.3339335], [-59.0029735, -27.334047], [-59.0025596, -27.3346277], [-59.0018139, -27.3347371], [-59.0016136, -27.3353139], [-59.0019454, -27.3357851], [-59.0012998, -27.3356062], [-58.9999355, -27.3366822], [-58.9990807, -27.3366982], [-58.9990673, -27.3361255], [-58.9993766, -27.3356422], [-59.000327, -27.335147], [-59.000741, -27.3345662], [-59.000732, -27.3341844], [-58.9994409, -27.3338266], [-58.9991137, -27.3335462], [-58.9992138, -27.3332579], [-59.0010324, -27.3333193], [-59.002201, -27.333011], [-59.0026329, -27.3331939], [-59.0038059, -27.3330764], [-59.0043469, -27.3333528], [-59.0053018, -27.3330484], [-59.0056978, -27.3317041], [-59.0059115, -27.3317001]]]}}, {"type": "Feature", "properties": {"id": 1, "codigo": 3, "categoria": "Zona de Restricción Severa Temporaria", "area_ha": 46.51}, "geometry": {"type": "Polygon", "coordinates": [[[-58.9782697, -27.4019297], [-58.9790333, -27.4025839], [-58.9789779, -27.4047814], [-58.9793051, -27.4050617], [-58.9782814, -27.4069908], [-58.9768169, -27.4083552], [-58.9749116, -27.4091548], [-58.9742706, -27.4091668], [-58.9730063, -27.4099544], [-58.9723608, -27.4097755], [-58.97072, -27.4081828], [-58.9704929, -27.4076141], [-58.9710025, -27.4065541], [-58.9719529, -27.4060588], [-58.9719485, -27.4058679], [-58.9735221, -27.404597], [-58.9737223, -27.4040203], [-58.9754962, -27.4021726], [-58.976874, -27.4016694], [-58.977515, -27.4016574], [-58.9782697, -27.4019297]]]}}, {"type": "Feature", "properties": {"id": 2, "codigo": 3, "categoria": "Zona de Restricción Severa Temporaria", "area_ha": 113.95}, "geometry": {"type": "Polygon", "coordinates": [[[-58.970508, -27.4036984], [-58.9708442, -27.4043606], [-58.9706484, -27.4051282], [-58.97023, -27.4055181], [-58.9687476, -27.4061188], [-58.9679241, -27.4074711], [-58.968365, -27.4080359], [-58.9681647, -27.4086126], [-58.9685009, -27.4092748], [-58.9682139, -27.4107126], [-58.9671589, -27.4113053], [-58.9665178, -27.4113173], [-58.9653313, -27.410862], [-58.9645857, -27.4109715], [-58.963831, -27.4106991], [-58.9627357, -27.4095737], [-58.961881, -27.4095897], [-58.9610351, -27.4099875], [-58.960412, -27.4107631], [-58.9603253, -27.4116242], [-58.9611935, -27.4121809], [-58.9611979, -27.4123718], [-58.962616, -27.4135868], [-58.9628432, -27.4141555], [-58.9632795, -27.4145293], [-58.962347, -27.4157882], [-58.9610783, -27.4163849], [-58.9609781, -27.4166733], [-58.9601368, -27.417262], [-58.959418, -27.4185169], [-58.9584675, -27.4190122], [-58.9571809, -27.4188453], [-58.9557942, -27.4189667], [-58.9549215, -27.4182191], [-58.9544449, -27.4161271], [-58.9550546, -27.4147787], [-58.9554775, -27.4145798], [-58.9559737, -27.4129471], [-58.9559513, -27.4119925], [-58.9562472, -27.4109365], [-58.9573935, -27.4096736], [-58.9585576, -27.4091744], [-58.9601267, -27.4077126], [-58.9606363, -27.4066526], [-58.9608276, -27.405694], [-58.9607096, -27.4052187], [-58.9609143, -27.4048329], [-58.9618647, -27.4043377], [-58.9629287, -27.4041268], [-58.9632649, -27.4047889], [-58.9635921, -27.4050693], [-58.9641286, -27.4051548], [-58.9641376, -27.4055366], [-58.9648832, -27.4054271], [-58.9656423, -27.4058904], [-58.9668065, -27.4053911], [-58.9676344, -27.4042297], [-58.9694306, -27.4033366], [-58.970508, -27.4036984]]]}}, {"type": "Feature", "properties": {"id": 3, "codigo": 3, "categoria": "Zona de Restricción Severa Temporaria", "area_ha": 46.12}, "geometry": {"type": "Polygon", "coordinates": [[[-58.9491177, -27.4123114], [-58.9499904, -27.4130591], [-58.950331, -27.4139121], [-58.9501263, -27.414298], [-58.9503713, -27.4156303], [-58.9499708, -27.4167838], [-58.9490293, -27.4176609], [-58.9483927, -27.4178638], [-58.947783, -27.4192121], [-58.9478143, -27.4205485], [-58.9466592, -27.4214296], [-58.9461227, -27.4213441], [-58.9454682, -27.4207834], [-58.9450408, -27.4207914], [-58.9432446, -27.4216845], [-58.9422852, -27.4217979], [-58.9422897, -27.4219888], [-58.9411989, -27.4210543], [-58.9414036, -27.4206685], [-58.9413857, -27.4199048], [-58.9416951, -27.4194216], [-58.9415815, -27.4191372], [-58.9422181, -27.4189343], [-58.9424407, -27.4193121], [-58.9428681, -27.4193041], [-58.9451695, -27.4171601], [-58.9449334, -27.4162096], [-58.9454654, -27.4161041], [-58.9454609, -27.4159132], [-58.9463023, -27.4153245], [-58.9465025, -27.4147478], [-58.9461529, -27.4135129], [-58.9466625, -27.4124529], [-58.9481494, -27.412043], [-58.9491177, -27.4123114]]]}}, {"type": "Feature", "properties": {"id": 4, "codigo": 3, "categoria": "Zona de Restricción Severa Temporaria", "area_ha": 11.77}, "geometry": {"type": "Polygon", "coordinates": [[[-58.9340738, -27.4226201], [-58.9345101, -27.4229939], [-58.9343188, -27.4239524], [-58.9341051, -27.4239564], [-58.9341096, -27.4241473], [-58.9328499, -27.4251259], [-58.9323358, -27.425995], [-58.9313898, -27.4266811], [-58.9308892, -27.428123], [-58.9305709, -27.4282244], [-58.9302615, -27.4287077], [-58.9287388, -27.4275902], [-58.9292529, -27.4267211], [-58.9297804, -27.4264248], [-58.9305082, -27.4255517], [-58.9320818, -27.4242808], [-58.9320773, -27.4240899], [-58.932291, -27.4240859], [-58.9324913, -27.4235091], [-58.9331189, -27.4229244], [-58.9340738, -27.4226201]]]}}, {"type": "Feature", "properties": {"id": 5, "codigo": 3, "categoria": "Zona de Restricción Severa Temporaria", "area_ha": 63.41}, "geometry": {"type": "Polygon", "coordinates": [[[-58.9703966, -27.3852697], [-58.9717968, -27.385721], [-58.972538, -27.3854206], [-58.9725469, -27.3858024], [-58.9732014, -27.3863632], [-58.9734464, -27.3876955], [-58.97421, -27.3883497], [-58.9753831, -27.3882323], [-58.9774976, -27.3872377], [-58.9781387, -27.3872257], [-58.9786796, -27.3875021], [-58.9792116, -27.3873967], [-58.9800977, -27.388717], [-58.9804518, -27.3901428], [-58.9797509, -27.3921614], [-58.978805, -27.3928476], [-58.9787093, -27.3933268], [-58.9779592, -27.3932454], [-58.9762854, -27.3948046], [-58.9757534, -27.3949101], [-58.9754441, -27.3953934], [-58.9747941, -27.3950235], [-58.9736988, -27.3938981], [-58.9742218, -27.3934108], [-58.9740993, -27.3927446], [-58.9751454, -27.3917701], [-58.9751409, -27.3915792], [-58.9755638, -27.3913803], [-58.9752321, -27.390909], [-58.9750184, -27.390913], [-58.9748136, -27.3912988], [-58.9743818, -27.3911159], [-58.9737497, -27.3915097], [-58.9735225, -27.390941], [-58.972218, -27.3900104], [-58.9692263, -27.3900664], [-58.9682491, -27.3894162], [-58.9681355, -27.3891319], [-58.9684359, -27.3882668], [-58.9689545, -27.3875886], [-58.9696643, -27.3859519], [-58.969878, -27.3859479], [-58.9703966, -27.3852697]]]}}, {"type": "Feature", "properties": {"id": 6, "codigo": 3, "categoria": "Zona de Restricción Severa Temporaria", "area_ha": 207.26}, "geometry": {"type": "Polygon", "coordinates": [[[-58.9814268, -27.3724578], [-58.9819632, -27.3725432], [-58.9832409, -27.3723283], [-58.9843317, -27.3732629], [-58.9845454, -27.3732589], [-58.9845544, -27.3736407], [-58.985436, -27.3747701], [-58.9857767, -27.3756232], [-58.9855719, -27.3760091], [-58.9857079, -27.377248], [-58.9855031, -27.3776338], [-58.9855345, -27.3789701], [-58.9852296, -27.3796443], [-58.9841835, -27.3806189], [-58.9840012, -27.3819592], [-58.9849964, -27.383373], [-58.9851233, -27.3842301], [-58.9861006, -27.3848803], [-58.986005, -27.3853596], [-58.9876457, -27.3869523], [-58.9878728, -27.3875211], [-58.9877816, -27.3881912], [-58.988345, -27.3894222], [-58.9882583, -27.3902832], [-58.9884854, -27.390852], [-58.9915352, -27.3932778], [-58.9914351, -27.3935662], [-58.9880877, -27.3966847], [-58.9882102, -27.3973509], [-58.9880099, -27.3979276], [-58.9860045, -27.3990156], [-58.9850406, -27.3989381], [-58.9850317, -27.3985563], [-58.9827499, -27.3969756], [-58.9811091, -27.3953828], [-58.9814274, -27.3952814], [-58.9816277, -27.3947047], [-58.9812915, -27.3940425], [-58.9816098, -27.393941], [-58.9818101, -27.3933643], [-58.9817877, -27.3924098], [-58.9821793, -27.3908745], [-58.9821524, -27.389729], [-58.9819298, -27.3893512], [-58.982012, -27.3882992], [-58.9817849, -27.3877305], [-58.9805849, -27.3867025], [-58.9803713, -27.3867065], [-58.9780805, -27.3847439], [-58.977417, -27.3838014], [-58.9763262, -27.3828668], [-58.9756807, -27.3826879], [-58.9745854, -27.3815625], [-58.9747767, -27.3806039], [-58.9759318, -27.3797228], [-58.976546, -27.3785654], [-58.9777146, -27.378257], [-58.9779149, -27.3776803], [-58.9779613, -27.375101], [-58.978698, -27.3746097], [-58.9799712, -27.3742039], [-58.9802761, -27.3735298], [-58.9804898, -27.3735258], [-58.9814268, -27.3724578]]]}}, {"type": "Feature", "properties": {"id": 1, "codigo": 4, "categoria": "Zona de Restricción Leve", "area_ha": 1.25}, "geometry": {"type": "Polygon", "coordinates": [[[-58.9980037, -27.5323905], [-58.9984311, -27.5323825], [-58.9986538, -27.5327603], [-58.9984714, -27.5341007], [-58.9979349, -27.5340152], [-58.997799, -27.5327763], [-58.9980037, -27.5323905]]]}}, {"type": "Feature", "properties": {"id": 2, "codigo": 4, "categoria": "Zona de Restricción Leve", "area_ha": 0.68}, "geometry": {"type": "Polygon", "coordinates": [[[-59.0034405, -27.5226436], [-59.0041862, -27.5225342], [-59.0045134, -27.5228146], [-59.0045224, -27.5231964], [-59.0039904, -27.5233018], [-59.0035585, -27.5231189], [-59.0034405, -27.5226436]]]}}, {"type": "Feature", "properties": {"id": 3, "codigo": 4, "categoria": "Zona de Restricción Leve", "area_ha": 32.95}, "geometry": {"type": "Polygon", "coordinates": [[[-58.9961392, -27.5212523], [-58.9961302, -27.5208705], [-58.9976127, -27.5202698], [-58.9978129, -27.5196931], [-58.9985407, -27.51882], [-58.9994956, -27.5185156], [-59.001628, -27.5182847], [-59.0018328, -27.5178989], [-59.0024694, -27.517696], [-59.0029146, -27.5184516], [-59.003883, -27.51872], [-59.004524, -27.518708], [-59.0047243, -27.5181313], [-59.0052518, -27.5178349], [-59.007175, -27.5177989], [-59.0075023, -27.5180793], [-59.0075247, -27.5190338], [-59.0089427, -27.5202488], [-59.008856, -27.5211098], [-59.0085377, -27.5212113], [-59.0057329, -27.5201178], [-59.0050918, -27.5201298], [-59.0041504, -27.5210069], [-59.003723, -27.5210149], [-59.0017684, -27.5197145], [-59.0009137, -27.5197305], [-59.0007089, -27.5201164], [-59.000945, -27.5210669], [-59.0003129, -27.5214607], [-59.0003308, -27.5222244], [-59.0000259, -27.5228985], [-58.9988573, -27.5232069], [-58.9977844, -27.523036], [-58.9978532, -27.5214112], [-58.9975259, -27.5211309], [-58.9968849, -27.5211429], [-58.9968894, -27.5213338], [-58.9965711, -27.5214352], [-58.9961392, -27.5212523]]]}}, {"type": "Feature", "properties": {"id": 4, "codigo": 4, "categoria": "Zona de Restricción Leve", "area_ha": 2.62}, "geometry": {"type": "Polygon", "coordinates": [[[-58.9967148, -27.5138883], [-58.9981239, -27.5147214], [-58.9981418, -27.5154851], [-58.9977279, -27.5160658], [-58.9967595, -27.5157974], [-58.9965235, -27.5148469], [-58.9967148, -27.5138883]]]}}, {"type": "Feature", "properties": {"id": 5, "codigo": 4, "categoria": "Zona de Restricción Leve", "area_ha": 0.95}, "geometry": {"type": "Polygon", "coordinates": [[[-58.9956105, -27.5123811], [-58.9959288, -27.5122796], [-58.9959333, -27.5124705], [-58.9963607, -27.5124625], [-58.9963517, -27.5120807], [-58.9968837, -27.5119752], [-58.9972199, -27.5126374], [-58.9972333, -27.5132102], [-58.9962605, -27.5127509], [-58.996147, -27.5124665], [-58.995615, -27.512572], [-58.9956105, -27.5123811]]]}}, {"type": "Feature", "properties": {"id": 6, "codigo": 4, "categoria": "Zona de Restricción Leve", "area_ha": 1.24}, "geometry": {"type": "Polygon", "coordinates": [[[-58.9728749, -27.5320013], [-58.972866, -27.5316195], [-58.973507, -27.5316075], [-58.9734981, -27.5312257], [-58.9739255, -27.5312177], [-58.9743618, -27.5315915], [-58.9740569, -27.5322657], [-58.9737386, -27.5323671], [-58.9732022, -27.5322817], [-58.9728749, -27.5320013]]]}}, {"type": "Feature", "properties": {"id": 7, "codigo": 4, "categoria": "Zona de Restricción Leve", "area_ha": 22.39}, "geometry": {"type": "Polygon", "coordinates": [[[-58.9965117, -27.5097858], [-58.9965207, -27.5101676], [-58.9968479, -27.510448], [-58.9968613, -27.5110207], [-58.9957974, -27.5112316], [-58.9947468, -27.5120152], [-58.9946556, -27.5126854], [-58.9948827, -27.5132541], [-58.9945644, -27.5133556], [-58.9937455, -27.5148989], [-58.9937992, -27.5171898], [-58.9950036, -27.5184087], [-58.9949124, -27.5190789], [-58.9939575, -27.5193832], [-58.9922122, -27.517888], [-58.9917848, -27.5178959], [-58.9911527, -27.5182898], [-58.9904025, -27.5182083], [-58.9909121, -27.5171483], [-58.9908987, -27.5165756], [-58.9915264, -27.5159909], [-58.9917221, -27.5152232], [-58.9928549, -27.5133876], [-58.9930507, -27.51262], [-58.9935693, -27.5119418], [-58.9943793, -27.5100167], [-58.9945885, -27.5098218], [-58.9965117, -27.5097858]]]}}, {"type": "Feature", "properties": {"id": 8, "codigo": 4, "categoria": "Zona de Restricción Leve", "area_ha": 0.55}, "geometry": {"type": "Polygon", "coordinates": [[[-59.0446775, -27.4623777], [-59.0446909, -27.4629504], [-59.0443771, -27.4632428], [-59.0436314, -27.4633522], [-59.0436269, -27.4631613], [-59.0446775, -27.4623777]]]}}, {"type": "Feature", "properties": {"id": 9, "codigo": 4, "categoria": "Zona de Restricción Leve", "area_ha": 1.72}, "geometry": {"type": "Polygon", "coordinates": [[[-58.9957078, -27.5074134], [-58.9959215, -27.5074094], [-58.9965805, -27.5081611], [-58.9965984, -27.5089247], [-58.995639, -27.5090382], [-58.9956301, -27.5086563], [-58.9952027, -27.5086643], [-58.9951937, -27.5082825], [-58.9957078, -27.5074134]]]}}, {"type": "Feature", "properties": {"id": 10, "codigo": 4, "categoria": "Zona de Restricción Leve", "area_ha": 97.4}, "geometry": {"type": "Polygon", "coordinates": [[[-59.0025516, -27.516644], [-59.0018926, -27.5158924], [-59.0020884, -27.5151247], [-59.0014518, -27.5153276], [-59.0009019, -27.5146694], [-58.9991745, -27.5139378], [-58.9982391, -27.5105174], [-58.9984394, -27.5099407], [-58.9983124, -27.5090836], [-58.9985261, -27.5090796], [-58.9990447, -27.5084014], [-58.9991314, -27.5075404], [-58.9988041, -27.50726], [-58.997522, -27.507284], [-58.9971947, -27.5070036], [-58.9971813, -27.5064309], [-58.9969676, -27.5064349], [-58.9969631, -27.506244], [-58.999792, -27.5038036], [-59.0000057, -27.5037996], [-59.0032485, -27.5007786], [-59.0034622, -27.5007746], [-59.0056545, -27.4985371], [-59.0063957, -27.4982368], [-59.0075464, -27.4971648], [-59.0077601, -27.4971608], [-59.008174, -27.49658], [-59.0095563, -27.4962677], [-59.0096564, -27.4959793], [-59.0104021, -27.4958699], [-59.010707, -27.4951957], [-59.0114526, -27.4950862], [-59.011357, -27.4955655], [-59.0101884, -27.4958739], [-59.0100927, -27.4963531], [-59.0096698, -27.496552], [-59.0090691, -27.4982822], [-59.0095233, -27.4994197], [-59.0094276, -27.4998989], [-59.0083637, -27.5001099], [-59.0071727, -27.4994637], [-59.0062133, -27.4995771], [-59.0061132, -27.4998655], [-59.0055857, -27.5001618], [-59.0054945, -27.500832], [-59.0050805, -27.5014127], [-59.0050985, -27.5021764], [-59.0056439, -27.5026437], [-59.0068259, -27.502908], [-59.0099938, -27.5058091], [-59.0107484, -27.5060815], [-59.0113895, -27.5060695], [-59.0122577, -27.5066262], [-59.0122711, -27.507199], [-59.0108844, -27.5073204], [-59.0105571, -27.50704], [-59.0097023, -27.507056], [-59.0075251, -27.5053778], [-59.0054973, -27.5055113], [-59.0049832, -27.5063804], [-59.0053284, -27.5074244], [-59.0052327, -27.5079037], [-59.0049189, -27.508196], [-59.0044915, -27.508204], [-59.0042689, -27.5078262], [-59.0034141, -27.5078422], [-59.0029957, -27.508232], [-59.0015939, -27.5122691], [-59.0014205, -27.5139913], [-59.0021796, -27.5144545], [-59.0020884, -27.5151247], [-59.0026293, -27.5154011], [-59.0032704, -27.5153891], [-59.0037067, -27.5157629], [-59.0037157, -27.5161447], [-59.0034019, -27.5164371], [-59.0025516, -27.516644]]]}}, {"type": "Feature", "properties": {"id": 11, "codigo": 4, "categoria": "Zona de Restricción Leve", "area_ha": 1.49}, "geometry": {"type": "Polygon", "coordinates": [[[-59.0220554, -27.4822823], [-59.0220599, -27.4824732], [-59.0187125, -27.4855917], [-59.0184988, -27.4855957], [-59.0184943, -27.4854048], [-59.0213187, -27.4827736], [-59.0213142, -27.4825826], [-59.0220554, -27.4822823]]]}}, {"type": "Feature", "properties": {"id": 12, "codigo": 4, "categoria": "Zona de Restricción Leve", "area_ha": 16.12}, "geometry": {"type": "Polygon", "coordinates": [[[-59.0484137, -27.4530446], [-59.0488455, -27.4532275], [-59.0495045, -27.4539792], [-59.0499319, -27.4539712], [-59.0502591, -27.4542515], [-59.0502681, -27.4546333], [-59.0499498, -27.4547348], [-59.0497495, -27.4553115], [-59.049763, -27.4558842], [-59.0499766, -27.4558802], [-59.0499811, -27.4560712], [-59.0463199, -27.459482], [-59.0461062, -27.459486], [-59.0456609, -27.4587304], [-59.045516, -27.4571097], [-59.0462527, -27.4566184], [-59.0469626, -27.4549817], [-59.047913, -27.4544864], [-59.0478951, -27.4537228], [-59.0480954, -27.4531461], [-59.0484137, -27.4530446]]]}}, {"type": "Feature", "properties": {"id": 13, "codigo": 4, "categoria": "Zona de Restricción Leve", "area_ha": 1.65}, "geometry": {"type": "Polygon", "coordinates": [[[-59.0084313, -27.4893175], [-59.0089678, -27.4894029], [-59.0093084, -27.490256], [-59.0092262, -27.491308], [-59.0087988, -27.491316], [-59.0083625, -27.4909422], [-59.0084313, -27.4893175]]]}}, {"type": "Feature", "properties": {"id": 14, "codigo": 4, "categoria": "Zona de Restricción Leve", "area_ha": 8.76}, "geometry": {"type": "Polygon", "coordinates": [[[-59.0447166, -27.4549282], [-59.04473, -27.4555009], [-59.0436795, -27.4562846], [-59.0416919, -27.4581362], [-59.0415963, -27.4586155], [-59.0413826, -27.4586195], [-59.0415096, -27.4594766], [-59.0430368, -27.4607849], [-59.0430457, -27.4611668], [-59.0422044, -27.4617555], [-59.0398045, -27.4596995], [-59.0398001, -27.4595086], [-59.0400137, -27.4595046], [-59.0405323, -27.4588264], [-59.0410643, -27.4587209], [-59.0410419, -27.4577664], [-59.0432387, -27.4557199], [-59.0442892, -27.4549362], [-59.0447166, -27.4549282]]]}}, {"type": "Feature", "properties": {"id": 15, "codigo": 4, "categoria": "Zona de Restricción Leve", "area_ha": 15.14}, "geometry": {"type": "Polygon", "coordinates": [[[-58.9508139, -27.5348016], [-58.9512413, -27.5347936], [-58.9520048, -27.5354478], [-58.9524322, -27.5354398], [-58.9526593, -27.5360085], [-58.9529821, -27.5360979], [-58.9537502, -27.536943], [-58.954073, -27.5370325], [-58.9572364, -27.5397427], [-58.957459, -27.5401205], [-58.9576727, -27.5401165], [-58.9591999, -27.5414249], [-58.9596273, -27.5414169], [-58.9601727, -27.5418842], [-58.9601861, -27.5424569], [-58.9588038, -27.5427692], [-58.9568314, -27.5407052], [-58.9561858, -27.5405263], [-58.9554178, -27.5396812], [-58.9547722, -27.5395023], [-58.9542268, -27.539035], [-58.9538861, -27.5381819], [-58.9530134, -27.5374343], [-58.9523679, -27.5372554], [-58.9510634, -27.5363248], [-58.9505045, -27.5352848], [-58.9508228, -27.5351834], [-58.9508139, -27.5348016]]]}}, {"type": "Feature", "properties": {"id": 16, "codigo": 4, "categoria": "Zona de Restricción Leve", "area_ha": 1.14}, "geometry": {"type": "Polygon", "coordinates": [[[-59.0423139, -27.4481929], [-59.0429595, -27.4483719], [-59.0435049, -27.4488391], [-59.0433046, -27.4494159], [-59.0427727, -27.4495213], [-59.0424454, -27.4492409], [-59.0423139, -27.4481929]]]}}, {"type": "Feature", "properties": {"id": 17, "codigo": 4, "categoria": "Zona de Restricción Leve", "area_ha": 3.4}, "geometry": {"type": "Polygon", "coordinates": [[[-58.9595337, -27.5237518], [-58.9597474, -27.5237478], [-58.9606559, -27.5260227], [-58.9617467, -27.5269573], [-58.9617512, -27.5271482], [-58.9606828, -27.5271682], [-58.9599192, -27.526514], [-58.9595696, -27.5252791], [-58.9592423, -27.5249987], [-58.9592244, -27.5242351], [-58.9595337, -27.5237518]]]}}, {"type": "Feature", "properties": {"id": 18, "codigo": 4, "categoria": "Zona de Restricción Leve", "area_ha": 9.21}, "geometry": {"type": "Polygon", "coordinates": [[[-58.9598162, -27.5221231], [-58.9610939, -27.5219082], [-58.9619621, -27.5224649], [-58.9623895, -27.5224569], [-58.9629125, -27.5219696], [-58.9633399, -27.5219616], [-58.9636671, -27.522242], [-58.9636761, -27.5226238], [-58.963044, -27.5230176], [-58.9631889, -27.5246384], [-58.962479, -27.5262751], [-58.9619425, -27.5261896], [-58.9612836, -27.525438], [-58.9612701, -27.5248653], [-58.9618021, -27.5247598], [-58.9617842, -27.5239962], [-58.9613479, -27.5236223], [-58.9607068, -27.5236343], [-58.9598297, -27.5226958], [-58.9598162, -27.5221231]]]}}, {"type": "Feature", "properties": {"id": 19, "codigo": 4, "categoria": "Zona de Restricción Leve", "area_ha": 0.67}, "geometry": {"type": "Polygon", "coordinates": [[[-58.9476879, -27.5291303], [-58.948447, -27.5295936], [-58.9483514, -27.5300728], [-58.9474966, -27.5300888], [-58.9476879, -27.5291303]]]}}, {"type": "Feature", "properties": {"id": 20, "codigo": 4, "categoria": "Zona de Restricción Leve", "area_ha": 5.46}, "geometry": {"type": "Polygon", "coordinates": [[[-59.0392747, -27.4416606], [-59.0422664, -27.4416046], [-59.0427161, -27.4425511], [-59.0426249, -27.4432213], [-59.042093, -27.4433268], [-59.0418927, -27.4439035], [-59.0414653, -27.4439115], [-59.0413518, -27.4436271], [-59.0411381, -27.4436311], [-59.0399381, -27.4426031], [-59.0399337, -27.4424122], [-59.0392836, -27.4420424], [-59.0392747, -27.4416606]]]}}, {"type": "Feature", "properties": {"id": 21, "codigo": 4, "categoria": "Zona de Restricción Leve", "area_ha": 0.4}, "geometry": {"type": "Polygon", "coordinates": [[[-59.0350233, -27.4426951], [-59.0353416, -27.4425936], [-59.0359871, -27.4427725], [-59.0359916, -27.4429635], [-59.0351413, -27.4431704], [-59.0350233, -27.4426951]]]}}, {"type": "Feature", "properties": {"id": 22, "codigo": 4, "categoria": "Zona de Restricción Leve", "area_ha": 0.69}, "geometry": {"type": "Polygon", "coordinates": [[[-59.0440094, -27.4247646], [-59.0447685, -27.4252279], [-59.0445682, -27.4258046], [-59.0438181, -27.4257231], [-59.0440094, -27.4247646]]]}}, {"type": "Feature", "properties": {"id": 23, "codigo": 4, "categoria": "Zona de Restricción Leve", "area_ha": 0.37}, "geometry": {"type": "Polygon", "coordinates": [[[-59.0312115, -27.4351267], [-59.0309111, -27.4359918], [-59.0304837, -27.4359998], [-59.0303701, -27.4357154], [-59.0312115, -27.4351267]]]}}, {"type": "Feature", "properties": {"id": 24, "codigo": 4, "categoria": "Zona de Restricción Leve", "area_ha": 1.15}, "geometry": {"type": "Polygon", "coordinates": [[[-58.94986, -27.5077939], [-58.9500736, -27.5077899], [-58.9516008, -27.5090983], [-58.9515007, -27.5093867], [-58.9510733, -27.5093947], [-58.9505234, -27.5087365], [-58.9497643, -27.5082732], [-58.94986, -27.5077939]]]}}, {"type": "Feature", "properties": {"id": 25, "codigo": 4, "categoria": "Zona de Restricción Leve", "area_ha": 0.47}, "geometry": {"type": "Polygon", "coordinates": [[[-58.9475692, -27.5058314], [-58.9486556, -27.506575], [-58.9485554, -27.5068634], [-58.948019, -27.5067779], [-58.9475692, -27.5058314]]]}}, {"type": "Feature", "properties": {"id": 26, "codigo": 4, "categoria": "Zona de Restricción Leve", "area_ha": 0.75}, "geometry": {"type": "Polygon", "coordinates": [[[-59.0629471, -27.3844927], [-59.0633745, -27.3844847], [-59.0634746, -27.3841963], [-59.0637929, -27.3840949], [-59.0643428, -27.3847531], [-59.0633879, -27.3850574], [-59.0629471, -27.3844927]]]}}, {"type": "Feature", "properties": {"id": 27, "codigo": 4, "categoria": "Zona de Restricción Leve", "area_ha": 3.42}, "geometry": {"type": "Polygon", "coordinates": [[[-59.0543771, -27.3836981], [-59.0541723, -27.3840839], [-59.0535268, -27.383905], [-59.0535402, -27.3844777], [-59.0523806, -27.3851679], [-59.0520802, -27.386033], [-59.0512254, -27.386049], [-59.0514167, -27.3850905], [-59.0520444, -27.3845057], [-59.0525585, -27.3836366], [-59.0540498, -27.3834177], [-59.0541634, -27.3837021], [-59.0543771, -27.3836981]]]}}, {"type": "Feature", "properties": {"id": 28, "codigo": 4, "categoria": "Zona de Restricción Leve", "area_ha": 0.96}, "geometry": {"type": "Polygon", "coordinates": [[[-59.0269627, -27.4043609], [-59.0276082, -27.4045398], [-59.0277352, -27.4053969], [-59.0275305, -27.4057827], [-59.026994, -27.4056972], [-59.0269627, -27.4043609]]]}}, {"type": "Feature", "properties": {"id": 29, "codigo": 4, "categoria": "Zona de Restricción Leve", "area_ha": 0.78}, "geometry": {"type": "Polygon", "coordinates": [[[-59.022535, -27.4024383], [-59.0234944, -27.4023249], [-59.0237125, -27.4025118], [-59.0236214, -27.403182], [-59.022653, -27.4029136], [-59.022535, -27.4024383]]]}}, {"type": "Feature", "properties": {"id": 30, "codigo": 4, "categoria": "Zona de Restricción Leve", "area_ha": 2.44}, "geometry": {"type": "Polygon", "coordinates": [[[-59.0315402, -27.3944391], [-59.0315088, -27.3931027], [-59.0328822, -27.3924085], [-59.0333096, -27.3924005], [-59.0333275, -27.3931642], [-59.032386, -27.3940413], [-59.0315402, -27.3944391]]]}}, {"type": "Feature", "properties": {"id": 31, "codigo": 4, "categoria": "Zona de Restricción Leve", "area_ha": 0.52}, "geometry": {"type": "Polygon", "coordinates": [[[-58.9524425, -27.458374], [-58.9522422, -27.4589507], [-58.9517147, -27.459247], [-58.9516923, -27.4582925], [-58.9524425, -27.458374]]]}}, {"type": "Feature", "properties": {"id": 32, "codigo": 4, "categoria": "Zona de Restricción Leve", "area_ha": 6.48}, "geometry": {"type": "Polygon", "coordinates": [[[-58.9809107, -27.4279508], [-58.9813381, -27.4279428], [-58.9816654, -27.4282232], [-58.9822287, -27.4294541], [-58.9827786, -27.4301123], [-58.9830146, -27.4310628], [-58.9829279, -27.4319239], [-58.982396, -27.4320294], [-58.9822958, -27.4323177], [-58.9819731, -27.4322283], [-58.9803922, -27.428629], [-58.9804878, -27.4281497], [-58.9809107, -27.4279508]]]}}, {"type": "Feature", "properties": {"id": 33, "codigo": 4, "categoria": "Zona de Restricción Leve", "area_ha": 6.24}, "geometry": {"type": "Polygon", "coordinates": [[[-58.9875177, -27.4134072], [-58.9881454, -27.4128225], [-58.9894275, -27.4127985], [-58.9897682, -27.4136516], [-58.9892362, -27.4137571], [-58.9893587, -27.4144232], [-58.989686, -27.4147036], [-58.9906498, -27.4147811], [-58.9909771, -27.4150614], [-58.9908814, -27.4155407], [-58.9898174, -27.4157516], [-58.9885263, -27.4153938], [-58.9877628, -27.4147396], [-58.9875177, -27.4134072]]]}}, {"type": "Feature", "properties": {"id": 34, "codigo": 4, "categoria": "Zona de Restricción Leve", "area_ha": 1.83}, "geometry": {"type": "Polygon", "coordinates": [[[-59.0339141, -27.3680377], [-59.0343415, -27.3680297], [-59.0347779, -27.3684035], [-59.0347913, -27.3689762], [-59.0344864, -27.3696504], [-59.0335181, -27.369382], [-59.0334957, -27.3684275], [-59.0339141, -27.3680377]]]}}, {"type": "Feature", "properties": {"id": 35, "codigo": 4, "categoria": "Zona de Restricción Leve", "area_ha": 2.2}, "geometry": {"type": "Polygon", "coordinates": [[[-59.0211671, -27.3760114], [-59.0215945, -27.3760034], [-59.0219218, -27.3762838], [-59.0219352, -27.3768565], [-59.0224851, -27.3775147], [-59.022494, -27.3778965], [-59.0218619, -27.3782903], [-59.0211118, -27.3782089], [-59.0211028, -27.377827], [-59.0215257, -27.3776281], [-59.0215168, -27.3772463], [-59.0210804, -27.3768725], [-59.0211671, -27.3760114]]]}}, {"type": "Feature", "properties": {"id": 36, "codigo": 4, "categoria": "Zona de Restricción Leve", "area_ha": 0.72}, "geometry": {"type": "Polygon", "coordinates": [[[-59.0179153, -27.3786507], [-59.0184473, -27.3785452], [-59.0186655, -27.3787321], [-59.0184697, -27.3794998], [-59.0180423, -27.3795078], [-59.0177151, -27.3792274], [-59.0179153, -27.3786507]]]}}, {"type": "Feature", "properties": {"id": 37, "codigo": 4, "categoria": "Zona de Restricción Leve", "area_ha": 0.91}, "geometry": {"type": "Polygon", "coordinates": [[[-59.0093375, -27.3866419], [-59.0097694, -27.3868248], [-59.0097784, -27.3872066], [-59.009469, -27.3876899], [-59.0090416, -27.3876979], [-59.0087144, -27.3874175], [-59.0087054, -27.3870357], [-59.0093375, -27.3866419]]]}}, {"type": "Feature", "properties": {"id": 38, "codigo": 4, "categoria": "Zona de Restricción Leve", "area_ha": 7.48}, "geometry": {"type": "Polygon", "coordinates": [[[-59.0055297, -27.3929204], [-59.0048573, -27.3915961], [-59.0042073, -27.3912262], [-59.0041984, -27.3908444], [-59.0051488, -27.3903491], [-59.0072767, -27.3899273], [-59.008532, -27.3887579], [-59.0089594, -27.3887499], [-59.0089684, -27.3891317], [-59.0082451, -27.3901957], [-59.0067806, -27.3915601], [-59.0065669, -27.3915641], [-59.0064667, -27.3918524], [-59.006253, -27.3918564], [-59.0059571, -27.3929124], [-59.0055297, -27.3929204]]]}}, {"type": "Feature", "properties": {"id": 39, "codigo": 4, "categoria": "Zona de Restricción Leve", "area_ha": 37.96}, "geometry": {"type": "Polygon", "coordinates": [[[-58.9353533, -27.4543964], [-58.9362993, -27.4537102], [-58.9373588, -27.4533084], [-58.9389637, -27.4533739], [-58.9413456, -27.4546663], [-58.9441505, -27.4557597], [-58.9463321, -27.4576288], [-58.9468865, -27.4584779], [-58.9403756, -27.4588863], [-58.9401575, -27.4586994], [-58.940144, -27.4581266], [-58.9395074, -27.4583295], [-58.9371166, -27.4566553], [-58.936471, -27.4564764], [-58.936353, -27.4560012], [-58.9367714, -27.4556113], [-58.936758, -27.4550386], [-58.9371898, -27.4552215], [-58.9373901, -27.4546448], [-58.9356895, -27.4550586], [-58.9356806, -27.4546768], [-58.9354669, -27.4546808], [-58.9353533, -27.4543964]]]}}, {"type": "Feature", "properties": {"id": 40, "codigo": 4, "categoria": "Zona de Restricción Leve", "area_ha": 8.93}, "geometry": {"type": "Polygon", "coordinates": [[[-58.928113, -27.4601662], [-58.9288721, -27.4606295], [-58.9297538, -27.4617589], [-58.9312675, -27.4624946], [-58.9326811, -27.4635186], [-58.9336494, -27.463787], [-58.9345176, -27.4643437], [-58.9345355, -27.4651073], [-58.9341082, -27.4651153], [-58.9327035, -27.4644731], [-58.9315081, -27.463636], [-58.9295804, -27.4634811], [-58.9295759, -27.4632902], [-58.9289259, -27.4629204], [-58.9284761, -27.4619738], [-58.928113, -27.4601662]]]}}, {"type": "Feature", "properties": {"id": 41, "codigo": 4, "categoria": "Zona de Restricción Leve", "area_ha": 2.01}, "geometry": {"type": "Polygon", "coordinates": [[[-58.9315606, -27.4567593], [-58.931861, -27.4558942], [-58.932925, -27.4556833], [-58.9332477, -27.4557728], [-58.9333703, -27.456439], [-58.9337976, -27.456431], [-58.9334883, -27.4569142], [-58.9315606, -27.4567593]]]}}, {"type": "Feature", "properties": {"id": 42, "codigo": 4, "categoria": "Zona de Restricción Leve", "area_ha": 17.01}, "geometry": {"type": "Polygon", "coordinates": [[[-59.0175327, -27.3805678], [-59.0175462, -27.3811405], [-59.0168139, -27.3818227], [-59.0160727, -27.382123], [-59.0145813, -27.3823419], [-59.0133171, -27.3831295], [-59.0133887, -27.3861841], [-59.0128702, -27.3868623], [-59.0118017, -27.3868823], [-59.010938, -27.3865164], [-59.0102835, -27.3859557], [-59.0100608, -27.3855779], [-59.0102566, -27.3848103], [-59.0121799, -27.3847743], [-59.0121754, -27.3845834], [-59.0123891, -27.3845794], [-59.0124355, -27.3820001], [-59.0127404, -27.3813259], [-59.0127224, -27.3805623], [-59.0131364, -27.3799815], [-59.0136684, -27.3798761], [-59.0146591, -27.381099], [-59.0155183, -27.3812739], [-59.016264, -27.3811645], [-59.0171053, -27.3805757], [-59.0175327, -27.3805678]]]}}, {"type": "Feature", "properties": {"id": 43, "codigo": 4, "categoria": "Zona de Restricción Leve", "area_ha": 2.12}, "geometry": {"type": "Polygon", "coordinates": [[[-58.9641757, -27.4253991], [-58.9635794, -27.4273202], [-58.9627291, -27.4275271], [-58.9629025, -27.4258049], [-58.9635346, -27.4254111], [-58.9641757, -27.4253991]]]}}, {"type": "Feature", "properties": {"id": 44, "codigo": 4, "categoria": "Zona de Restricción Leve", "area_ha": 40.13}, "geometry": {"type": "Polygon", "coordinates": [[[-58.9384199, -27.4484183], [-58.9391566, -27.447927], [-58.9402341, -27.4482888], [-58.941298, -27.4480779], [-58.9424487, -27.4470059], [-58.9436218, -27.4468885], [-58.9442673, -27.4470674], [-58.9449218, -27.4476281], [-58.9451668, -27.4489605], [-58.9457212, -27.4498096], [-58.945521, -27.4503863], [-58.9461576, -27.4501834], [-58.9462756, -27.4506587], [-58.9475801, -27.4515892], [-58.9483527, -27.4526252], [-58.9486933, -27.4534783], [-58.9484931, -27.454055], [-58.9488427, -27.4552899], [-58.9499514, -27.4569881], [-58.951256, -27.4579187], [-58.9509511, -27.4585929], [-58.9501965, -27.4583205], [-58.943106, -27.4522459], [-58.9428923, -27.4522499], [-58.9425472, -27.4512059], [-58.9429477, -27.4500525], [-58.9429164, -27.4487161], [-58.9424756, -27.4481514], [-58.9418345, -27.4481634], [-58.9411022, -27.4488455], [-58.9411202, -27.4496092], [-58.9408019, -27.4497106], [-58.9398335, -27.4494423], [-58.9385335, -27.4487026], [-58.9384199, -27.4484183]]]}}, {"type": "Feature", "properties": {"id": 45, "codigo": 4, "categoria": "Zona de Restricción Leve", "area_ha": 11.35}, "geometry": {"type": "Polygon", "coordinates": [[[-58.9714714, -27.4174319], [-58.972344, -27.4181795], [-58.9723575, -27.4187522], [-58.9729029, -27.4192195], [-58.9740894, -27.4196748], [-58.9743165, -27.4202435], [-58.9737845, -27.420349], [-58.973789, -27.4205399], [-58.9733661, -27.4207388], [-58.9729387, -27.4207468], [-58.9727205, -27.4205599], [-58.9720794, -27.4205719], [-58.9718523, -27.4200032], [-58.9713159, -27.4199177], [-58.9712202, -27.420397], [-58.9705881, -27.4207908], [-58.970597, -27.4211726], [-58.9712426, -27.4213515], [-58.9713875, -27.4229722], [-58.9705372, -27.4231791], [-58.9703789, -27.4209857], [-58.9698245, -27.4201366], [-58.969693, -27.4190886], [-58.9701204, -27.4190806], [-58.9702071, -27.4182195], [-58.9699934, -27.4182235], [-58.9699889, -27.4180326], [-58.9714714, -27.4174319]]]}}, {"type": "Feature", "properties": {"id": 46, "codigo": 4, "categoria": "Zona de Restricción Leve", "area_ha": 1.03}, "geometry": {"type": "Polygon", "coordinates": [[[-58.9292922, -27.4557513], [-58.9297151, -27.4555524], [-58.9303652, -27.4559222], [-58.9304877, -27.4565884], [-58.9293101, -27.4565149], [-58.9292922, -27.4557513]]]}}, {"type": "Feature", "properties": {"id": 47, "codigo": 4, "categoria": "Zona de Restricción Leve", "area_ha": 0.53}, "geometry": {"type": "Polygon", "coordinates": [[[-59.0020944, -27.3877324], [-59.0021856, -27.3870622], [-59.0029313, -27.3869528], [-59.0029403, -27.3873346], [-59.0025218, -27.3877244], [-59.0020944, -27.3877324]]]}}, {"type": "Feature", "properties": {"id": 48, "codigo": 4, "categoria": "Zona de Restricción Leve", "area_ha": 14.71}, "geometry": {"type": "Polygon", "coordinates": [[[-58.9462162, -27.4390092], [-58.9484936, -27.440399], [-58.9489344, -27.4409638], [-58.9494065, -27.4428649], [-58.9494781, -27.4459194], [-58.9492689, -27.4461143], [-58.9487369, -27.4462198], [-58.9483006, -27.4458459], [-58.9481557, -27.4442252], [-58.9477149, -27.4436605], [-58.945974, -27.4423561], [-58.9462744, -27.441491], [-58.9462162, -27.4390092]]]}}, {"type": "Feature", "properties": {"id": 49, "codigo": 4, "categoria": "Zona de Restricción Leve", "area_ha": 36.79}, "geometry": {"type": "Polygon", "coordinates": [[[-59.0208611, -27.367518], [-59.0220297, -27.3672096], [-59.0228889, -27.3673845], [-59.0238483, -27.3672711], [-59.024721, -27.3680187], [-59.024839, -27.368494], [-59.0252708, -27.3686769], [-59.0260389, -27.369522], [-59.0262705, -27.3702816], [-59.0260971, -27.3720038], [-59.0257788, -27.3721052], [-59.0246416, -27.37375], [-59.0244502, -27.3747085], [-59.0237001, -27.3746271], [-59.0232593, -27.3740623], [-59.0218725, -27.3741838], [-59.0214407, -27.3740009], [-59.0205546, -27.3726805], [-59.017022, -27.3724601], [-59.0171176, -27.3719808], [-59.017536, -27.371591], [-59.0191275, -27.3710838], [-59.0195325, -27.3701212], [-59.0203739, -27.3695325], [-59.0208611, -27.367518]], [[-59.0216963, -27.3712267], [-59.0225511, -27.3712107], [-59.0230741, -27.3707234], [-59.0251019, -27.37059], [-59.025084, -27.3698263], [-59.0243204, -27.3691722], [-59.0243115, -27.3687903], [-59.0239842, -27.36851], [-59.0235568, -27.368518], [-59.0229337, -27.3692936], [-59.0224017, -27.3693991], [-59.0220879, -27.3696914], [-59.0216963, -27.3712267]]]}}, {"type": "Feature", "properties": {"id": 50, "codigo": 4, "categoria": "Zona de Restricción Leve", "area_ha": 0.36}, "geometry": {"type": "Polygon", "coordinates": [[[-59.0303714, -27.3582678], [-59.0309079, -27.3583533], [-59.0307076, -27.35893], [-59.0301711, -27.3588445], [-59.0303714, -27.3582678]]]}}, {"type": "Feature", "properties": {"id": 51, "codigo": 4, "categoria": "Zona de Restricción Leve", "area_ha": 5.83}, "geometry": {"type": "Polygon", "coordinates": [[[-58.943634, -27.4382936], [-58.9441884, -27.4391427], [-58.9444379, -27.4406659], [-58.9433096, -27.4426925], [-58.9427821, -27.4429888], [-58.9425595, -27.442611], [-58.9431468, -27.4403081], [-58.9426926, -27.4391706], [-58.9426791, -27.4385979], [-58.942993, -27.4383056], [-58.943634, -27.4382936]]]}}, {"type": "Feature", "properties": {"id": 52, "codigo": 4, "categoria": "Zona de Restricción Leve", "area_ha": 11.97}, "geometry": {"type": "Polygon", "coordinates": [[[-58.95752, -27.4241867], [-58.9584838, -27.4242642], [-58.959606, -27.4265351], [-58.9608148, -27.4279449], [-58.9608372, -27.4288995], [-58.9603052, -27.4290049], [-58.9603142, -27.4293867], [-58.9607416, -27.4293787], [-58.9606459, -27.429858], [-58.9594818, -27.4303573], [-58.958627, -27.4303733], [-58.958509, -27.429898], [-58.9580727, -27.4295242], [-58.9580592, -27.4289515], [-58.9578455, -27.4289554], [-58.9578411, -27.4287645], [-58.9585912, -27.428846], [-58.9588961, -27.4281718], [-58.9588827, -27.4275991], [-58.9584553, -27.4276071], [-58.9582103, -27.4262747], [-58.957115, -27.4251493], [-58.957106, -27.4247674], [-58.95752, -27.4241867]]]}}, {"type": "Feature", "properties": {"id": 53, "codigo": 4, "categoria": "Zona de Restricción Leve", "area_ha": 0.71}, "geometry": {"type": "Polygon", "coordinates": [[[-58.9927234, -27.3892447], [-58.9932598, -27.3893302], [-58.9933958, -27.3905691], [-58.9928593, -27.3904836], [-58.9927234, -27.3892447]]]}}, {"type": "Feature", "properties": {"id": 54, "codigo": 4, "categoria": "Zona de Restricción Leve", "area_ha": 1.48}, "geometry": {"type": "Polygon", "coordinates": [[[-59.0205355, -27.3627492], [-59.0209629, -27.3627412], [-59.0212901, -27.3630216], [-59.0213215, -27.364358], [-59.0203531, -27.3640896], [-59.0202351, -27.3636143], [-59.0205355, -27.3627492]]]}}, {"type": "Feature", "properties": {"id": 55, "codigo": 4, "categoria": "Zona de Restricción Leve", "area_ha": 6.19}, "geometry": {"type": "Polygon", "coordinates": [[[-58.9189305, -27.4560407], [-58.919458, -27.4557443], [-58.9196806, -27.4561222], [-58.9202216, -27.4563985], [-58.9223674, -27.4567404], [-58.9241038, -27.4578538], [-58.9242263, -27.45852], [-58.9239125, -27.4588124], [-58.9226259, -27.4586455], [-58.9217577, -27.4580887], [-58.921535, -27.4577109], [-58.9193713, -27.4566054], [-58.9189305, -27.4560407]]]}}, {"type": "Feature", "properties": {"id": 56, "codigo": 4, "categoria": "Zona de Restricción Leve", "area_ha": 0.36}, "geometry": {"type": "Polygon", "coordinates": [[[-59.0030201, -27.3679473], [-59.0036657, -27.3681262], [-59.00357, -27.3686055], [-59.0029245, -27.3684266], [-59.0030201, -27.3679473]]]}}, {"type": "Feature", "properties": {"id": 57, "codigo": 4, "categoria": "Zona de Restricción Leve", "area_ha": 7.22}, "geometry": {"type": "Polygon", "coordinates": [[[-58.9058355, -27.4582912], [-58.9061538, -27.4581897], [-58.9061493, -27.4579988], [-58.9065767, -27.4579908], [-58.9076541, -27.4583527], [-58.9079858, -27.4588239], [-58.9100539, -27.4604087], [-58.9112628, -27.4618185], [-58.9103124, -27.4623138], [-58.9100897, -27.4619359], [-58.9096579, -27.461753], [-58.9060536, -27.4584781], [-58.90584, -27.4584821], [-58.9058355, -27.4582912]]]}}, {"type": "Feature", "properties": {"id": 58, "codigo": 4, "categoria": "Zona de Restricción Leve", "area_ha": 9.93}, "geometry": {"type": "Polygon", "coordinates": [[[-58.9992291, -27.3658218], [-58.9999748, -27.3657124], [-59.0014975, -27.3668299], [-59.0015064, -27.3672117], [-59.0009789, -27.367508], [-59.0011193, -27.3689379], [-59.0009101, -27.3691328], [-59.0004827, -27.3691408], [-58.9996145, -27.368584], [-58.9991871, -27.368592], [-58.998555, -27.3689858], [-58.9981276, -27.3689938], [-58.9976913, -27.36862], [-58.9976734, -27.3678564], [-58.9979738, -27.3669913], [-58.9992291, -27.3658218]]]}}, {"type": "Feature", "properties": {"id": 59, "codigo": 4, "categoria": "Zona de Restricción Leve", "area_ha": 1.73}, "geometry": {"type": "Polygon", "coordinates": [[[-58.9016126, -27.4559828], [-58.9017261, -27.4562672], [-58.9020489, -27.4563566], [-58.9018486, -27.4569334], [-58.9014257, -27.4571323], [-58.9013256, -27.4574206], [-58.9004708, -27.4574366], [-58.9004753, -27.4576275], [-58.9002616, -27.4576315], [-58.9002571, -27.4574406], [-58.9006845, -27.4574326], [-58.9006711, -27.4568599], [-58.9002437, -27.4568679], [-58.9002392, -27.456677], [-58.9007623, -27.4561897], [-58.9014033, -27.4561777], [-58.9013989, -27.4559868], [-58.9016126, -27.4559828]]]}}, {"type": "Feature", "properties": {"id": 60, "codigo": 4, "categoria": "Zona de Restricción Leve", "area_ha": 1.35}, "geometry": {"type": "Polygon", "coordinates": [[[-58.8987764, -27.453553], [-58.8999718, -27.4543901], [-58.9000899, -27.4548653], [-58.8998762, -27.4548693], [-58.8998851, -27.4552512], [-58.9003125, -27.4552432], [-58.900308, -27.4550523], [-58.9007399, -27.4552352], [-58.9005351, -27.455621], [-58.8999987, -27.4555355], [-58.8998806, -27.4550603], [-58.899667, -27.4550643], [-58.8985716, -27.4539388], [-58.8987764, -27.453553]]]}}, {"type": "Feature", "properties": {"id": 61, "codigo": 4, "categoria": "Zona de Restricción Leve", "area_ha": 0.61}, "geometry": {"type": "Polygon", "coordinates": [[[-58.8965947, -27.4516839], [-58.8970221, -27.4516759], [-58.8977902, -27.452521], [-58.8971491, -27.452533], [-58.8966037, -27.4520657], [-58.8965947, -27.4516839]]]}}, {"type": "Feature", "properties": {"id": 62, "codigo": 4, "categoria": "Zona de Restricción Leve", "area_ha": 16045.34}, "geometry": {"type": "Polygon", "coordinates": [[[-59.0860267, -27.3567488], [-59.0861402, -27.3570332], [-59.0878811, -27.3583375], [-59.0881082, -27.3589063], [-59.0887627, -27.359467], [-59.089731, -27.3597354], [-59.0897355, -27.3599263], [-59.0915855, -27.3613241], [-59.0918126, -27.3618928], [-59.0926852, -27.3626405], [-59.0936536, -27.3629088], [-59.093658, -27.3630998], [-59.0951807, -27.3642172], [-59.0954079, -27.3647859], [-59.0970441, -27.3661878], [-59.098126, -27.3667405], [-59.1003121, -27.3688005], [-59.1009577, -27.3689794], [-59.1010712, -27.3692638], [-59.1023758, -27.3701943], [-59.1026253, -27.3717176], [-59.102307, -27.3718191], [-59.1000101, -27.374154], [-59.098846, -27.3746532], [-59.0983274, -27.3753314], [-59.0982318, -27.3758107], [-59.0978089, -27.3760096], [-59.0964534, -27.3774674], [-59.0952893, -27.3779667], [-59.0947708, -27.3786448], [-59.0946751, -27.3791241], [-59.0942522, -27.379323], [-59.0928968, -27.3807808], [-59.0917327, -27.3812801], [-59.0912141, -27.3819583], [-59.0911185, -27.3824376], [-59.0908002, -27.382539], [-59.0893401, -27.3840943], [-59.0884943, -27.3844921], [-59.0876664, -27.3856535], [-59.0871389, -27.3859499], [-59.0857835, -27.3874077], [-59.0849377, -27.3878055], [-59.0842144, -27.3888695], [-59.0837915, -27.3890684], [-59.0824361, -27.3905262], [-59.0812719, -27.3910255], [-59.0807534, -27.3917037], [-59.0806577, -27.392183], [-59.0802348, -27.3923819], [-59.078984, -27.3937422], [-59.0778199, -27.3942415], [-59.0770966, -27.3953055], [-59.0765691, -27.3956018], [-59.0761596, -27.3963735], [-59.0753228, -27.3971531], [-59.0741587, -27.3976524], [-59.0736401, -27.3983306], [-59.0735444, -27.3988098], [-59.0732261, -27.3989113], [-59.0718707, -27.4003691], [-59.0713387, -27.4004745], [-59.070602, -27.4009658], [-59.0699878, -27.4021233], [-59.0690329, -27.4024276], [-59.0681916, -27.4030164], [-59.0665956, -27.4033327], [-59.0659635, -27.4037265], [-59.0654449, -27.4044047], [-59.0648083, -27.4046076], [-59.0637578, -27.4053912], [-59.0623755, -27.4057036], [-59.0606973, -27.4070719], [-59.0602878, -27.4078436], [-59.0600741, -27.4078476], [-59.0601055, -27.4091839], [-59.0604417, -27.4098461], [-59.060878, -27.4102199], [-59.0611051, -27.4107887], [-59.0641505, -27.4130236], [-59.0647093, -27.4140636], [-59.065582, -27.4148112], [-59.0664457, -27.4151771], [-59.0669, -27.4163145], [-59.0666997, -27.4168912], [-59.0661767, -27.4173785], [-59.0656447, -27.417484], [-59.064908, -27.4179752], [-59.0643983, -27.4190352], [-59.0634524, -27.4197214], [-59.0630429, -27.420493], [-59.0624063, -27.420696], [-59.0614604, -27.4213821], [-59.0609508, -27.4224421], [-59.0605279, -27.422641], [-59.0590679, -27.4241963], [-59.0584536, -27.4253538], [-59.058476, -27.4263083], [-59.0590304, -27.4271574], [-59.0591708, -27.4285872], [-59.0600479, -27.4295258], [-59.0601705, -27.4301919], [-59.0610566, -27.4315123], [-59.0611925, -27.4327512], [-59.0620696, -27.4336898], [-59.0621922, -27.4343559], [-59.0629647, -27.435392], [-59.0631051, -27.4368218], [-59.0646547, -27.4390847], [-59.0649953, -27.4399378], [-59.0651358, -27.4413676], [-59.0665673, -27.4431552], [-59.0671485, -27.4451498], [-59.0688206, -27.4480789], [-59.0690656, -27.4494112], [-59.0699472, -27.4505407], [-59.0700697, -27.4512069], [-59.0707332, -27.4521494], [-59.0709916, -27.4540545], [-59.0715415, -27.4547127], [-59.0721048, -27.4559436], [-59.0727593, -27.4565044], [-59.0730044, -27.4578367], [-59.0746764, -27.4607658], [-59.0748168, -27.4621956], [-59.0758031, -27.4632276], [-59.0760391, -27.4641782], [-59.0764799, -27.4647429], [-59.0766248, -27.4663636], [-59.0786062, -27.4688095], [-59.0785375, -27.4704342], [-59.0793145, -27.4716611], [-59.0783685, -27.4723473], [-59.077436, -27.4736062], [-59.0762719, -27.4741055], [-59.0757578, -27.4749745], [-59.0748074, -27.4754698], [-59.073975, -27.4764404], [-59.072388, -27.4771385], [-59.0718739, -27.4780076], [-59.0710281, -27.4784054], [-59.0699865, -27.4795709], [-59.0688224, -27.4800701], [-59.0680991, -27.4811341], [-59.0672578, -27.4817229], [-59.0666391, -27.4826894], [-59.0653704, -27.4832861], [-59.0645425, -27.4844476], [-59.0639103, -27.4848414], [-59.0635009, -27.485613], [-59.0630824, -27.4860028], [-59.0619183, -27.4865021], [-59.0613998, -27.4871803], [-59.0613041, -27.4876596], [-59.0607766, -27.4879559], [-59.0593166, -27.4895112], [-59.0584708, -27.489909], [-59.0577475, -27.490973], [-59.0574292, -27.4910745], [-59.0558645, -27.4927272], [-59.0550187, -27.493125], [-59.0542954, -27.494189], [-59.0537679, -27.4944853], [-59.0523079, -27.4960406], [-59.0512528, -27.4966333], [-59.0507432, -27.4976933], [-59.0504249, -27.4977948], [-59.0490695, -27.4992526], [-59.0479054, -27.4997519], [-59.0473869, -27.50043], [-59.0472912, -27.5009093], [-59.0469729, -27.5010108], [-59.0455129, -27.502566], [-59.0446671, -27.5029638], [-59.0438392, -27.5041253], [-59.0434162, -27.5043242], [-59.0419562, -27.5058795], [-59.0411104, -27.5062773], [-59.0403871, -27.5073413], [-59.0398596, -27.5076376], [-59.0383996, -27.5091929], [-59.0375538, -27.5095907], [-59.0366213, -27.5108496], [-59.036303, -27.5109511], [-59.0349475, -27.5124089], [-59.0339971, -27.5129042], [-59.0333829, -27.5140616], [-59.0330646, -27.5141631], [-59.0316046, -27.5157183], [-59.0304405, -27.5162176], [-59.0298263, -27.517375], [-59.0296126, -27.517379], [-59.0281525, -27.5189343], [-59.0269884, -27.5194336], [-59.0263742, -27.520591], [-59.0259513, -27.5207899], [-59.0245959, -27.5222477], [-59.0234318, -27.522747], [-59.0229222, -27.523807], [-59.0224993, -27.5240059], [-59.0211438, -27.5254637], [-59.0206119, -27.5255692], [-59.0198751, -27.5260604], [-59.0193655, -27.5271204], [-59.0189426, -27.5273193], [-59.0185331, -27.528091], [-59.0179055, -27.5286757], [-59.0167414, -27.529175], [-59.0161182, -27.5299506], [-59.0160226, -27.5304299], [-59.0157043, -27.5305313], [-59.0142442, -27.5320866], [-59.0137122, -27.532192], [-59.0129755, -27.5326833], [-59.0124659, -27.5337433], [-59.012043, -27.5339422], [-59.0116335, -27.5347139], [-59.0109013, -27.535396], [-59.0097372, -27.5358953], [-59.0075538, -27.5385146], [-59.0071309, -27.5387135], [-59.0062762, -27.5387295], [-59.0050075, -27.5393262], [-59.0044889, -27.5400044], [-59.0042931, -27.540772], [-59.0033472, -27.5414582], [-59.0016376, -27.5414902], [-59.0006872, -27.5419854], [-58.9984547, -27.5425047], [-58.9974863, -27.5422363], [-58.9962042, -27.5422603], [-58.995463, -27.5425607], [-58.9930078, -27.5427021], [-58.9921441, -27.5423363], [-58.9910756, -27.5423563], [-58.9901252, -27.5428516], [-58.9880974, -27.542985], [-58.9871246, -27.5425257], [-58.9860561, -27.5425457], [-58.9852103, -27.5429435], [-58.9843555, -27.5429595], [-58.9839326, -27.5431584], [-58.9830779, -27.5431744], [-58.9822142, -27.5428086], [-58.9811457, -27.5428286], [-58.9802999, -27.5432264], [-58.9779493, -27.5432704], [-58.9768674, -27.5427177], [-58.975799, -27.5427377], [-58.9737846, -27.5434439], [-58.9714295, -27.5432969], [-58.9676966, -27.5436533], [-58.9671557, -27.5433769], [-58.9658735, -27.5434009], [-58.9654506, -27.5435998], [-58.962568, -27.5437493], [-58.9623454, -27.5433714], [-58.961259, -27.5426278], [-58.9612546, -27.5424369], [-58.9644599, -27.5423769], [-58.9644554, -27.542186], [-58.9647737, -27.5420845], [-58.9653147, -27.5423609], [-58.9663787, -27.54215], [-58.967879, -27.5423129], [-58.9744989, -27.541998], [-58.9747081, -27.5418031], [-58.9746902, -27.5410395], [-58.9739999, -27.5389515], [-58.9732363, -27.5382973], [-58.9732184, -27.5375337], [-58.9726685, -27.5368755], [-58.972546, -27.5362093], [-58.97361, -27.5359984], [-58.9742376, -27.5354137], [-58.9739971, -27.5342722], [-58.9744245, -27.5342642], [-58.9753659, -27.5333871], [-58.9757665, -27.5322337], [-58.976826, -27.5318319], [-58.9776897, -27.5321977], [-58.9785444, -27.5321817], [-58.9796996, -27.5313006], [-58.9807188, -27.5291806], [-58.9813599, -27.5291686], [-58.9822236, -27.5295344], [-58.9853199, -27.529381], [-58.9860566, -27.5288897], [-58.9872028, -27.5276268], [-58.9870713, -27.5265788], [-58.9867486, -27.5264894], [-58.9867441, -27.5262985], [-58.9871625, -27.5259087], [-58.9872492, -27.5250476], [-58.9880995, -27.5248407], [-58.9909866, -27.5248821], [-58.9921373, -27.5238101], [-58.9920013, -27.5225712], [-58.9922016, -27.5219945], [-58.9925199, -27.521893], [-58.9925154, -27.5217021], [-58.9940112, -27.5216741], [-58.9944341, -27.5214752], [-58.9948615, -27.5214672], [-58.9949975, -27.5227061], [-58.995652, -27.5232669], [-58.9970477, -27.5235272], [-58.996952, -27.5240065], [-58.99642, -27.524112], [-58.9948464, -27.5253829], [-58.9947553, -27.5260531], [-58.9951916, -27.5264269], [-58.9952006, -27.5268087], [-58.9940499, -27.5278807], [-58.9936404, -27.5286523], [-58.9938765, -27.5296029], [-58.9949628, -27.5303465], [-58.9950853, -27.5310127], [-58.994658, -27.5310207], [-58.9937898, -27.530464], [-58.9933624, -27.530472], [-58.9920937, -27.5310687], [-58.9904155, -27.532437], [-58.9902152, -27.5330138], [-58.9903691, -27.5350163], [-58.9900776, -27.5362632], [-58.9903405, -27.5383592], [-58.9900312, -27.5388425], [-58.9894947, -27.538757], [-58.9894589, -27.5372298], [-58.9886685, -27.5354301], [-58.9883412, -27.5351497], [-58.9874865, -27.5351657], [-58.9864314, -27.5357585], [-58.9864762, -27.5376676], [-58.9862715, -27.5380534], [-58.9866211, -27.5392883], [-58.9865657, -27.5414857], [-58.9872158, -27.5418556], [-58.9878568, -27.5418436], [-58.9879525, -27.5413643], [-58.9885936, -27.5413523], [-58.9893482, -27.5416247], [-58.9926537, -27.5412763], [-58.9960772, -27.5414032], [-58.9965001, -27.5412043], [-58.9973549, -27.5411883], [-58.9973504, -27.5409974], [-58.9993872, -27.5412458], [-58.9994873, -27.5409574], [-59.0007605, -27.5405516], [-59.0023609, -27.5404262], [-59.0027838, -27.5402273], [-59.002884, -27.5399389], [-59.0036297, -27.5398295], [-59.0045711, -27.5389524], [-59.0052077, -27.5387495], [-59.0053079, -27.5384611], [-59.0058398, -27.5383556], [-59.0060446, -27.5379698], [-59.0070951, -27.5371862], [-59.0071818, -27.5363251], [-59.0081412, -27.5362117], [-59.008455, -27.5359193], [-59.0087554, -27.5350542], [-59.0095011, -27.5349448], [-59.0098149, -27.5346524], [-59.0101153, -27.5337873], [-59.0121073, -27.5321266], [-59.012203, -27.5316473], [-59.0129487, -27.5315379], [-59.0132491, -27.5306728], [-59.0140993, -27.5304659], [-59.014727, -27.5298811], [-59.0148226, -27.5294019], [-59.0153502, -27.5291055], [-59.0154458, -27.5286262], [-59.0159644, -27.5279481], [-59.0167101, -27.5278386], [-59.0175514, -27.5272499], [-59.0176515, -27.5269615], [-59.0184929, -27.5263728], [-59.0185885, -27.5258935], [-59.0193252, -27.5254023], [-59.0194209, -27.524923], [-59.0196346, -27.524919], [-59.0197347, -27.5246306], [-59.0202667, -27.5245252], [-59.0208943, -27.5239405], [-59.0214263, -27.523835], [-59.0217312, -27.5231608], [-59.0220495, -27.5230594], [-59.0226727, -27.5222837], [-59.0227683, -27.5218045], [-59.0243509, -27.5209154], [-59.0258064, -27.5191692], [-59.0268614, -27.5185765], [-59.0268435, -27.5178128], [-59.0276804, -27.5170332], [-59.0276356, -27.5151241], [-59.0281676, -27.5150187], [-59.0290313, -27.5153845], [-59.0303135, -27.5153605], [-59.0306273, -27.5150681], [-59.030714, -27.514207], [-59.0303823, -27.5137358], [-59.0301686, -27.5137398], [-59.0290778, -27.5128052], [-59.0276776, -27.5123539], [-59.0265912, -27.5116103], [-59.0255138, -27.5112485], [-59.0241271, -27.5113699], [-59.0231856, -27.512247], [-59.0221261, -27.5126488], [-59.020185, -27.5119212], [-59.0185487, -27.5105194], [-59.0184262, -27.5098532], [-59.0186265, -27.5092764], [-59.0216002, -27.5084568], [-59.0223504, -27.5085383], [-59.0234278, -27.5089001], [-59.024296, -27.5094568], [-59.0251552, -27.5096317], [-59.0263551, -27.5106598], [-59.027319, -27.5107372], [-59.028087, -27.5115823], [-59.031119, -27.5132445], [-59.0324011, -27.5132205], [-59.0328241, -27.5130216], [-59.0328061, -27.512258], [-59.0350119, -27.5105932], [-59.0354258, -27.5100125], [-59.0366811, -27.5088431], [-59.0368948, -27.5088391], [-59.0400285, -27.5057245], [-59.0403468, -27.5056231], [-59.0404246, -27.5043802], [-59.0408475, -27.5041813], [-59.0415529, -27.5023536], [-59.0414169, -27.5011147], [-59.0395491, -27.4989533], [-59.0393908, -27.4967598], [-59.0399183, -27.4964635], [-59.0405594, -27.4964515], [-59.0408732, -27.4961591], [-59.0408642, -27.4957773], [-59.0402097, -27.4952166], [-59.0377456, -27.4949762], [-59.03775, -27.4951671], [-59.0367907, -27.4952805], [-59.0365815, -27.4954754], [-59.0366262, -27.4973845], [-59.035598, -27.4991227], [-59.0356115, -27.4996954], [-59.0360612, -27.500642], [-59.0360881, -27.5017874], [-59.0354828, -27.5033267], [-59.0352272, -27.5061009], [-59.034486, -27.5064012], [-59.0334131, -27.5062303], [-59.0327586, -27.5056696], [-59.0326181, -27.5042398], [-59.0327183, -27.5039514], [-59.0332503, -27.503846], [-59.0332279, -27.5028914], [-59.0338511, -27.5021158], [-59.0343383, -27.5001012], [-59.0336614, -27.498586], [-59.0328978, -27.4979318], [-59.0326617, -27.4969812], [-59.0321208, -27.4967049], [-59.0321119, -27.4963231], [-59.0313438, -27.495478], [-59.0311167, -27.4949092], [-59.0312168, -27.4946209], [-59.0318534, -27.494418], [-59.0328172, -27.4944954], [-59.0340904, -27.4940896], [-59.0347181, -27.4935049], [-59.0347091, -27.4931231], [-59.0338365, -27.4923754], [-59.0324497, -27.4924969], [-59.0313678, -27.4919441], [-59.0305175, -27.4921511], [-59.0262437, -27.492231], [-59.0260345, -27.4924259], [-59.0260658, -27.4937623], [-59.026402, -27.4944245], [-59.0262421, -27.4967194], [-59.02691, -27.4978529], [-59.0272328, -27.4979423], [-59.0274554, -27.4983201], [-59.0286509, -27.4991572], [-59.0284506, -27.4997339], [-59.0280232, -27.4997419], [-59.027696, -27.4994616], [-59.0257727, -27.4994976], [-59.0244816, -27.4991397], [-59.0235088, -27.4986805], [-59.0225271, -27.4978394], [-59.0222955, -27.4970797], [-59.0213093, -27.4960477], [-59.0212824, -27.4949023], [-59.0209552, -27.4946219], [-59.0210463, -27.4939517], [-59.0213646, -27.4938503], [-59.0220924, -27.4929772], [-59.0223928, -27.4921121], [-59.0227066, -27.4918197], [-59.0228979, -27.4908612], [-59.0231116, -27.4908572], [-59.0225394, -27.4892445], [-59.0212304, -27.488123], [-59.0212259, -27.4879321], [-59.0198391, -27.4880535], [-59.0198928, -27.4903445], [-59.0194923, -27.4914979], [-59.0194101, -27.4925499], [-59.0189961, -27.4931306], [-59.0185688, -27.4931386], [-59.0180144, -27.4922895], [-59.017992, -27.491335], [-59.0181967, -27.4909492], [-59.0184104, -27.4909452], [-59.0182745, -27.4897063], [-59.0178337, -27.4891415], [-59.0177022, -27.4880935], [-59.0174885, -27.4880975], [-59.0174841, -27.4879066], [-59.0195762, -27.4859575], [-59.0205356, -27.4858441], [-59.0213724, -27.4850645], [-59.021359, -27.4844917], [-59.0216683, -27.4840085], [-59.022819, -27.4829365], [-59.0230327, -27.4829325], [-59.0233421, -27.4824492], [-59.0236604, -27.4823477], [-59.0236559, -27.4821568], [-59.0277356, -27.4783561], [-59.0279493, -27.4783521], [-59.0279537, -27.478543], [-59.0293673, -27.4795671], [-59.0294899, -27.4802332], [-59.0306764, -27.4806885], [-59.031422, -27.4805791], [-59.0317314, -27.4800958], [-59.0328865, -27.4792147], [-59.0328731, -27.478642], [-59.0324278, -27.4778863], [-59.0311367, -27.4775285], [-59.0310455, -27.4781987], [-59.0301953, -27.4784056], [-59.0299592, -27.4774551], [-59.029741, -27.4772681], [-59.0290999, -27.4772801], [-59.0290955, -27.4770892], [-59.0332798, -27.4731911], [-59.0332708, -27.4728093], [-59.0334845, -27.4728053], [-59.0335846, -27.4725169], [-59.0360952, -27.470178], [-59.0363089, -27.470174], [-59.0363044, -27.4699831], [-59.0368319, -27.4696867], [-59.0368275, -27.4694958], [-59.0385012, -27.4679366], [-59.0387149, -27.4679326], [-59.0399657, -27.4665722], [-59.0404977, -27.4664667], [-59.04052, -27.4674213], [-59.0416377, -27.4695013], [-59.0417737, -27.4707402], [-59.0427599, -27.4717722], [-59.0436147, -27.4717562], [-59.0447653, -27.4706842], [-59.0454886, -27.4696202], [-59.0461208, -27.4692264], [-59.0457667, -27.4678006], [-59.0446937, -27.4676297], [-59.0440616, -27.4680235], [-59.0436566, -27.468986], [-59.0435699, -27.4698471], [-59.0430379, -27.4699526], [-59.0426016, -27.4695788], [-59.0425882, -27.469006], [-59.0422609, -27.4687257], [-59.0423521, -27.4680555], [-59.0434026, -27.4672718], [-59.0434983, -27.4667926], [-59.0449673, -27.4656191], [-59.0459311, -27.4656966], [-59.0461359, -27.4653108], [-59.0465632, -27.4653028], [-59.0469996, -27.4656766], [-59.0469173, -27.4667286], [-59.0473447, -27.4667206], [-59.0473402, -27.4665297], [-59.0476585, -27.4664282], [-59.0490498, -27.4664977], [-59.0523883, -27.4629973], [-59.0532385, -27.4627904], [-59.0540754, -27.4620108], [-59.0548211, -27.4619014], [-59.0548077, -27.4613286], [-59.0540306, -27.4601017], [-59.0537901, -27.4589603], [-59.0538902, -27.4586719], [-59.0546359, -27.4585625], [-59.0556775, -27.457397], [-59.055546, -27.456349], [-59.0557284, -27.4550086], [-59.0560288, -27.4541435], [-59.0564517, -27.4539446], [-59.056643, -27.4529861], [-59.0553653, -27.453201], [-59.0552742, -27.4538712], [-59.0548512, -27.4540701], [-59.0542281, -27.4548457], [-59.0536961, -27.4549512], [-59.0534226, -27.4569617], [-59.0528906, -27.4570672], [-59.0522226, -27.4559337], [-59.0516862, -27.4558483], [-59.0521001, -27.4552675], [-59.0519821, -27.4547923], [-59.0476187, -27.4510541], [-59.047819, -27.4504773], [-59.0473827, -27.4501035], [-59.0471556, -27.4495348], [-59.0467237, -27.4493519], [-59.0467147, -27.4489701], [-59.0460737, -27.448982], [-59.0457464, -27.4487017], [-59.045319, -27.4487097], [-59.0452189, -27.448998], [-59.0450052, -27.449002], [-59.044678, -27.4487217], [-59.0446735, -27.4485308], [-59.0449918, -27.4484293], [-59.0447512, -27.4472879], [-59.0448514, -27.4469995], [-59.0452788, -27.4469915], [-59.0470196, -27.4482959], [-59.0469284, -27.4489661], [-59.0475695, -27.4489541], [-59.0477922, -27.4493319], [-59.0492058, -27.4503559], [-59.0492102, -27.4505468], [-59.0499604, -27.4506282], [-59.0499738, -27.451201], [-59.0511737, -27.452229], [-59.0514098, -27.4531795], [-59.0526053, -27.4540166], [-59.0526142, -27.4543984], [-59.0533599, -27.454289], [-59.0533554, -27.4540981], [-59.0541967, -27.4535094], [-59.0541699, -27.4523639], [-59.054684, -27.4514948], [-59.0556344, -27.4509995], [-59.0558347, -27.4504228], [-59.0544719, -27.4470105], [-59.0537128, -27.4465472], [-59.0526489, -27.4467581], [-59.052462, -27.4479075], [-59.0528939, -27.4480904], [-59.0529028, -27.4484723], [-59.0534482, -27.4489395], [-59.0534617, -27.4495123], [-59.0532569, -27.4498981], [-59.0522976, -27.4500115], [-59.0519972, -27.4508766], [-59.051247, -27.4507952], [-59.0509198, -27.4505148], [-59.0511021, -27.4491744], [-59.0501293, -27.4487152], [-59.0492746, -27.4487312], [-59.0486245, -27.4483613], [-59.0486156, -27.4479795], [-59.0491386, -27.4474922], [-59.0491252, -27.4469195], [-59.048907, -27.4467326], [-59.0484796, -27.4467406], [-59.0475382, -27.4476177], [-59.0470017, -27.4475322], [-59.0467656, -27.4465817], [-59.0471796, -27.446001], [-59.0471662, -27.4454282], [-59.046939, -27.4448595], [-59.0465072, -27.4446766], [-59.0458482, -27.443925], [-59.0470722, -27.4414191], [-59.0478178, -27.4413097], [-59.0483588, -27.4415861], [-59.0486995, -27.4424392], [-59.0491358, -27.442813], [-59.0496723, -27.4428984], [-59.0503312, -27.4436501], [-59.0514176, -27.4443937], [-59.0521633, -27.4442843], [-59.0521499, -27.4437115], [-59.051709, -27.4431468], [-59.0516956, -27.4425741], [-59.0505958, -27.4412577], [-59.0503508, -27.4399253], [-59.0459545, -27.4393391], [-59.0452088, -27.4394486], [-59.0441314, -27.4390868], [-59.0387712, -27.4384231], [-59.0377028, -27.4384431], [-59.0355569, -27.4381013], [-59.0353387, -27.4379144], [-59.0329881, -27.4379584], [-59.0327834, -27.4383442], [-59.0321468, -27.4385471], [-59.0320556, -27.4392173], [-59.0332421, -27.4396725], [-59.0337875, -27.4401398], [-59.0369062, -27.4409409], [-59.0371333, -27.4415096], [-59.0367104, -27.4417086], [-59.0366103, -27.4419969], [-59.0348873, -27.4414562], [-59.0324187, -27.4410249], [-59.031555, -27.4406591], [-59.0302683, -27.4404922], [-59.0270854, -27.4415067], [-59.0256209, -27.442871], [-59.0255297, -27.4435412], [-59.0261752, -27.4437201], [-59.0278489, -27.4421609], [-59.0291221, -27.4417551], [-59.0295495, -27.4417471], [-59.029554, -27.441938], [-59.0301995, -27.4421169], [-59.030213, -27.4426896], [-59.0293627, -27.4428965], [-59.0291579, -27.4432823], [-59.0281029, -27.4438751], [-59.027689, -27.4444558], [-59.0278249, -27.4456947], [-59.0276291, -27.4464623], [-59.0291563, -27.4477707], [-59.02937, -27.4477667], [-59.0298108, -27.4483314], [-59.0302382, -27.4483234], [-59.0304429, -27.4479376], [-59.0300888, -27.4465118], [-59.0305072, -27.446122], [-59.0317849, -27.4459071], [-59.0324394, -27.4464678], [-59.0328668, -27.4464598], [-59.0344583, -27.4459525], [-59.0348946, -27.4463264], [-59.035322, -27.4463184], [-59.0360587, -27.4458271], [-59.03625, -27.4448685], [-59.0374276, -27.444942], [-59.0376547, -27.4455107], [-59.0389368, -27.4454867], [-59.0389324, -27.4452958], [-59.039687, -27.4455682], [-59.0414368, -27.4472544], [-59.0414413, -27.4474453], [-59.0408047, -27.4476482], [-59.0400769, -27.4485213], [-59.0401994, -27.4491875], [-59.0394985, -27.451206], [-59.0392848, -27.45121], [-59.0392938, -27.4515918], [-59.040162, -27.4521486], [-59.0403935, -27.4529082], [-59.0408254, -27.4530911], [-59.041048, -27.4534689], [-59.0409524, -27.4539482], [-59.0401155, -27.4547278], [-59.0393699, -27.4548373], [-59.0391875, -27.4561776], [-59.0379322, -27.4573471], [-59.0377185, -27.4573511], [-59.0377275, -27.4577329], [-59.0375138, -27.4577369], [-59.0304234, -27.4516623], [-59.0298914, -27.4517678], [-59.0296911, -27.4523445], [-59.0322, -27.454494], [-59.0324137, -27.45449], [-59.0423403, -27.4629944], [-59.0423448, -27.4631853], [-59.0420265, -27.4632868], [-59.042022, -27.4630958], [-59.0410582, -27.4630184], [-59.0403125, -27.4631278], [-59.039903, -27.4638995], [-59.0399164, -27.4644722], [-59.0403572, -27.4650369], [-59.0313655, -27.4736089], [-59.0309381, -27.4736169], [-59.0303882, -27.4729587], [-59.0282334, -27.472235], [-59.0262789, -27.4709347], [-59.0263745, -27.4704554], [-59.0266928, -27.4703539], [-59.0266704, -27.4693994], [-59.0276298, -27.469286], [-59.0284756, -27.4688881], [-59.0284711, -27.4686972], [-59.0304631, -27.4670365], [-59.0306589, -27.4662689], [-59.0290585, -27.4663943], [-59.0288403, -27.4662074], [-59.0260668, -27.4664503], [-59.0260713, -27.4666412], [-59.0251119, -27.4667547], [-59.0239523, -27.4674448], [-59.0238566, -27.4679241], [-59.0235383, -27.4680256], [-59.022706, -27.4689961], [-59.0226237, -27.4700481], [-59.0233784, -27.4703205], [-59.023601, -27.4706983], [-59.0245738, -27.4711576], [-59.0253642, -27.4729572], [-59.026996, -27.4741681], [-59.0270005, -27.474359], [-59.0286368, -27.4757609], [-59.0286457, -27.4761427], [-59.0243568, -27.4801383], [-59.0241431, -27.4801423], [-59.0233751, -27.4792972], [-59.022734, -27.4793092], [-59.022084, -27.4789394], [-59.0204701, -27.4784921], [-59.0201428, -27.4782117], [-59.0194973, -27.4780328], [-59.0182196, -27.4782477], [-59.0181329, -27.4791088], [-59.0187919, -27.4798605], [-59.0183047, -27.481875], [-59.0178952, -27.4826466], [-59.0171629, -27.4833288], [-59.0167758, -27.485055], [-59.0145791, -27.4871015], [-59.0139425, -27.4873044], [-59.0124467, -27.4873324], [-59.0110509, -27.4870721], [-59.0099825, -27.487092], [-59.0088229, -27.4877822], [-59.0086316, -27.4887408], [-59.0082042, -27.4887488], [-59.0079771, -27.48818], [-59.0067861, -27.4875338], [-59.005613, -27.4876513], [-59.0048942, -27.4889062], [-59.0046162, -27.4907258], [-59.0041978, -27.4911157], [-59.0036658, -27.4912211], [-59.0030426, -27.4919967], [-59.0031741, -27.4930447], [-59.0042739, -27.4943611], [-59.004501, -27.4949298], [-59.0035953, -27.4973342], [-59.002872, -27.4983982], [-59.002881, -27.49878], [-59.0035399, -27.4995316], [-59.0033263, -27.4995356], [-59.0013387, -27.5013873], [-59.001125, -27.5013913], [-59.000188, -27.5024593], [-58.9985054, -27.5036367], [-58.9960994, -27.5058782], [-58.9958857, -27.5058822], [-58.9955495, -27.50522], [-58.996482, -27.5039611], [-58.9976058, -27.5017436], [-58.9976791, -27.5003098], [-58.998102, -27.5001109], [-58.9983023, -27.4995342], [-58.9989434, -27.4995222], [-58.9996667, -27.4984582], [-58.9996577, -27.4980764], [-58.9991168, -27.4978], [-58.9991078, -27.4974182], [-58.9983353, -27.4963822], [-58.9969261, -27.4955491], [-58.9969217, -27.4953582], [-58.9971354, -27.4953542], [-58.9970128, -27.494688], [-58.9963718, -27.4947], [-58.9963762, -27.4948909], [-58.9961626, -27.4948949], [-58.9961581, -27.494704], [-58.9963718, -27.4947], [-58.9963673, -27.4945091], [-59.0014931, -27.4897338], [-59.0017067, -27.4897298], [-59.0017023, -27.4895389], [-59.0160335, -27.4761877], [-59.0160245, -27.4758059], [-59.0158064, -27.475619], [-59.0150607, -27.4757284], [-59.0150562, -27.4755375], [-59.0146288, -27.4755455], [-59.0148559, -27.4761143], [-58.9990602, -27.4908298], [-58.9988465, -27.4908338], [-58.9987464, -27.4911222], [-58.9969681, -27.4927789], [-58.9967544, -27.4927829], [-58.9965497, -27.4931687], [-58.996336, -27.4931727], [-58.9957861, -27.4925145], [-58.9941811, -27.4924491], [-58.9941767, -27.4922582], [-58.9949089, -27.491576], [-58.9957592, -27.4913691], [-58.9965916, -27.4903985], [-58.9972327, -27.4903865], [-58.9974508, -27.4905734], [-58.9981965, -27.490464], [-58.9980561, -27.4890342], [-58.9982608, -27.4886484], [-58.9987928, -27.4885429], [-58.9987704, -27.4875884], [-58.9983431, -27.4875964], [-58.9979023, -27.4870316], [-58.9972612, -27.4870436], [-58.9971655, -27.4875229], [-58.9964243, -27.4878233], [-58.9962285, -27.4885909], [-58.9955919, -27.4887938], [-58.9953917, -27.4893705], [-58.995178, -27.4893745], [-58.9949285, -27.4878512], [-58.9944877, -27.4872865], [-58.9941649, -27.4871971], [-58.9937196, -27.4864414], [-58.9946656, -27.4857552], [-58.9957295, -27.4855443], [-58.9957206, -27.4851625], [-58.9955069, -27.4851665], [-58.9957072, -27.4845898], [-58.995489, -27.4844029], [-58.9946387, -27.4846098], [-58.9928604, -27.4862665], [-58.9928738, -27.4868392], [-58.9934282, -27.4876883], [-58.9930008, -27.4876963], [-58.992687, -27.4879887], [-58.9923866, -27.4888538], [-58.992814, -27.4888458], [-58.9931502, -27.489508], [-58.9942231, -27.4896789], [-58.9953094, -27.4904225], [-58.9951047, -27.4908083], [-58.993836, -27.4914051], [-58.9935446, -27.492652], [-58.9936671, -27.4933181], [-58.993153, -27.4941872], [-58.9931709, -27.4949509], [-58.9928526, -27.4950523], [-58.9930887, -27.4960029], [-58.993516, -27.4959949], [-58.9937208, -27.4956091], [-58.9942572, -27.4956945], [-58.9954258, -27.4953862], [-58.9968439, -27.4966011], [-58.9972713, -27.4965931], [-58.9973893, -27.4970683], [-58.9977166, -27.4973487], [-58.998144, -27.4973407], [-58.9981574, -27.4979134], [-58.9976344, -27.4984007], [-58.997207, -27.4984087], [-58.9968708, -27.4977465], [-58.9955797, -27.4973887], [-58.9947249, -27.4974047], [-58.9945202, -27.4977905], [-58.9939882, -27.497896], [-58.9941196, -27.498944], [-58.9943423, -27.4993218], [-58.9949923, -27.4996916], [-58.9948967, -27.5001709], [-58.9936145, -27.5001949], [-58.9920409, -27.5014658], [-58.9915268, -27.5023349], [-58.991754, -27.5029036], [-58.9912309, -27.5033909], [-58.9912444, -27.5039636], [-58.990403, -27.5045523], [-58.9904299, -27.5056978], [-58.991189, -27.506161], [-58.9921528, -27.5062385], [-58.993426, -27.5058327], [-58.9935396, -27.5061171], [-58.993967, -27.5061091], [-58.9939625, -27.5059181], [-58.9942853, -27.5060076], [-58.9939759, -27.5064909], [-58.9938892, -27.507352], [-58.9935754, -27.5076443], [-58.9935843, -27.5080261], [-58.993798, -27.5080221], [-58.9934887, -27.5085054], [-58.9937248, -27.509456], [-58.9932062, -27.5101341], [-58.9932152, -27.510516], [-58.9926966, -27.5111941], [-58.9922961, -27.5123476], [-58.9894297, -27.517749], [-58.9891114, -27.5178505], [-58.9885705, -27.5175741], [-58.9876111, -27.5176876], [-58.9876246, -27.5182603], [-58.9879563, -27.5187316], [-58.9888245, -27.5192883], [-58.9892519, -27.5192803], [-58.9894745, -27.5196581], [-58.9883149, -27.5203483], [-58.9871463, -27.5206567], [-58.9868325, -27.520949], [-58.9867771, -27.5231465], [-58.9865634, -27.5231505], [-58.9865589, -27.5229596], [-58.9859178, -27.5229716], [-58.9852454, -27.5216472], [-58.9843817, -27.5212814], [-58.982995, -27.5214028], [-58.9825855, -27.5221744], [-58.9820535, -27.5222799], [-58.9819534, -27.5225683], [-58.9812077, -27.5226777], [-58.9809895, -27.5224908], [-58.9809716, -27.5217272], [-58.9805353, -27.5213533], [-58.9805219, -27.5207806], [-58.9800721, -27.5198341], [-58.9799138, -27.5176406], [-58.980114, -27.5170639], [-58.9800827, -27.5157275], [-58.9792056, -27.514789], [-58.9787513, -27.5136515], [-58.9774289, -27.5119573], [-58.976997, -27.5117744], [-58.9761467, -27.5119813], [-58.9760511, -27.5124606], [-58.9765965, -27.5129279], [-58.9766099, -27.5135006], [-58.9782551, -27.5152842], [-58.9778546, -27.5164377], [-58.9771313, -27.5175017], [-58.9767084, -27.5177006], [-58.9766172, -27.5183708], [-58.9768354, -27.5185577], [-58.9776902, -27.5185417], [-58.9779995, -27.5180584], [-58.978536, -27.5181439], [-58.9784717, -27.5199595], [-58.9792352, -27.5206137], [-58.9794847, -27.522137], [-58.9789662, -27.5228152], [-58.9788705, -27.5232944], [-58.9783475, -27.5237817], [-58.9782518, -27.524261], [-58.9776197, -27.5246548], [-58.977415, -27.5250406], [-58.9762374, -27.5249671], [-58.9760282, -27.5251621], [-58.9756411, -27.5268882], [-58.9750001, -27.5269002], [-58.9744904, -27.5279602], [-58.9730992, -27.5278908], [-58.9724716, -27.5284755], [-58.9724805, -27.5288573], [-58.9719485, -27.5289628], [-58.9720023, -27.5312537], [-58.9700835, -27.5314806], [-58.9693798, -27.5288198], [-58.9686162, -27.5281657], [-58.9669156, -27.5285795], [-58.965502, -27.5275555], [-58.9645426, -27.5276689], [-58.9644246, -27.5271936], [-58.9658981, -27.5262111], [-58.9664345, -27.5262966], [-58.9667752, -27.5271496], [-58.9672071, -27.5273326], [-58.9678481, -27.5273206], [-58.9683622, -27.5264515], [-58.9684355, -27.5250177], [-58.9681994, -27.5240671], [-58.9674179, -27.5226493], [-58.9677183, -27.5217842], [-58.9682503, -27.5216787], [-58.9698642, -27.522126], [-58.9699, -27.5236533], [-58.9719681, -27.525238], [-58.9723955, -27.52523], [-58.9726002, -27.5248442], [-58.9735506, -27.524349], [-58.9740737, -27.5238617], [-58.9740647, -27.5234799], [-58.9728693, -27.5226428], [-58.972424, -27.5218871], [-58.9710238, -27.5214358], [-58.9689647, -27.5202329], [-58.9677871, -27.5201595], [-58.9675689, -27.5199726], [-58.9673284, -27.5188311], [-58.9678514, -27.5183438], [-58.9680472, -27.5175762], [-58.9679113, -27.5163373], [-58.9672702, -27.5163493], [-58.967052, -27.5161624], [-58.9670207, -27.514826], [-58.9672344, -27.514822], [-58.9673345, -27.5145337], [-58.9672031, -27.5134857], [-58.9674078, -27.5130998], [-58.9691129, -27.5128769], [-58.9692085, -27.5123977], [-58.9689903, -27.5122108], [-58.9689769, -27.511638], [-58.9683358, -27.51165], [-58.9680041, -27.5111787], [-58.9668221, -27.5109144], [-58.9646209, -27.51277], [-58.9644161, -27.5131558], [-58.9646522, -27.5141064], [-58.9640335, -27.5150729], [-58.9633969, -27.5152758], [-58.9632968, -27.5155642], [-58.9616963, -27.5156896], [-58.9617008, -27.5158805], [-58.9603409, -27.5171474], [-58.9601077, -27.5208762], [-58.9599074, -27.5214529], [-58.9596937, -27.5214569], [-58.9592798, -27.5220376], [-58.9579931, -27.5218707], [-58.9571429, -27.5220776], [-58.9566064, -27.5219921], [-58.9562791, -27.5217118], [-58.9547878, -27.5219307], [-58.9541557, -27.5223245], [-58.9541601, -27.5225154], [-58.9539465, -27.5225194], [-58.9521726, -27.524367], [-58.9521816, -27.5247488], [-58.9526179, -27.5251227], [-58.9524176, -27.5256994], [-58.9516719, -27.5258088], [-58.9508127, -27.5256339], [-58.9484067, -27.5278754], [-58.9479794, -27.5278834], [-58.947138, -27.5284721], [-58.9455421, -27.5287885], [-58.9452282, -27.5290808], [-58.9452372, -27.5294626], [-58.9465238, -27.5296295], [-58.9468824, -27.5312463], [-58.9474368, -27.5320954], [-58.948305, -27.5326521], [-58.9482183, -27.5335132], [-58.9486501, -27.5336961], [-58.9489684, -27.5335946], [-58.9490641, -27.5331154], [-58.9486277, -27.5327416], [-58.9486233, -27.5325506], [-58.9488369, -27.5325466], [-58.9491642, -27.532827], [-58.9492822, -27.5333023], [-58.9499278, -27.5334812], [-58.9505823, -27.5340419], [-58.9504866, -27.5345212], [-58.9498456, -27.5345332], [-58.9495093, -27.533871], [-58.9488772, -27.5342648], [-58.9482183, -27.5335132], [-58.9475727, -27.5333343], [-58.9469182, -27.5327735], [-58.9468913, -27.5316281], [-58.9465551, -27.5309659], [-58.9454688, -27.5302223], [-58.9438639, -27.5301568], [-58.9431003, -27.5295026], [-58.9429688, -27.5284546], [-58.9419826, -27.5274226], [-58.941228, -27.5271502], [-58.9397321, -27.5271782], [-58.9384634, -27.527775], [-58.9372215, -27.5295171], [-58.9365939, -27.5301019], [-58.9357481, -27.5304997], [-58.9355434, -27.5308855], [-58.9353297, -27.5308895], [-58.9347065, -27.5316651], [-58.934179, -27.5319615], [-58.9337695, -27.5327331], [-58.9334512, -27.5328346], [-58.9330373, -27.5334153], [-58.9318731, -27.5339146], [-58.9313635, -27.5349746], [-58.9310452, -27.535076], [-58.9294806, -27.5367287], [-58.9283165, -27.537228], [-58.9277023, -27.5383855], [-58.9265337, -27.5386938], [-58.9250379, -27.5387218], [-58.9231281, -27.5393305], [-58.9216591, -27.540504], [-58.9200586, -27.5406294], [-58.9173316, -27.538293], [-58.9173271, -27.5381021], [-58.9155862, -27.5367978], [-58.9155594, -27.5356523], [-58.9162871, -27.5347792], [-58.9175693, -27.5347552], [-58.9182148, -27.5349341], [-58.9184196, -27.5345483], [-58.918956, -27.5346338], [-58.9190517, -27.5341545], [-58.9196928, -27.5341425], [-58.9196883, -27.5339516], [-58.9201157, -27.5339436], [-58.9201112, -27.5337527], [-58.9207433, -27.5333589], [-58.9229848, -27.5332214], [-58.9230805, -27.5327422], [-58.9232942, -27.5327382], [-58.9234989, -27.5323523], [-58.924663, -27.5318531], [-58.9254954, -27.5308825], [-58.927196, -27.5304687], [-58.927187, -27.5300869], [-58.927601, -27.5295062], [-58.9280239, -27.5293073], [-58.9289564, -27.5280484], [-58.9298112, -27.5280324], [-58.9302251, -27.5274517], [-58.9307661, -27.527728], [-58.9310844, -27.5276266], [-58.9308617, -27.5272487], [-58.9310485, -27.5260993], [-58.9312622, -27.5260953], [-58.9327223, -27.52454], [-58.9338864, -27.5240408], [-58.934396, -27.5229808], [-58.9348189, -27.5227819], [-58.9352284, -27.5220102], [-58.9360697, -27.5214215], [-58.9366839, -27.520264], [-58.9365166, -27.5176888], [-58.9370218, -27.5164379], [-58.9369904, -27.5151015], [-58.9367678, -27.5147237], [-58.9367409, -27.5135782], [-58.9362912, -27.5126317], [-58.9362688, -27.5116771], [-58.9354963, -27.5106411], [-58.9351556, -27.509788], [-58.9347192, -27.5094142], [-58.9345744, -27.5077935], [-58.9342381, -27.5071313], [-58.9333655, -27.5063837], [-58.9333521, -27.5058109], [-58.9327932, -27.5047709], [-58.932871, -27.503528], [-58.9325348, -27.5028659], [-58.9311077, -27.5012691], [-58.930767, -27.500416], [-58.9306311, -27.4991771], [-58.9299676, -27.4982346], [-58.9286586, -27.4971131], [-58.9282956, -27.4953055], [-58.926105, -27.4930546], [-58.9255327, -27.4914418], [-58.9243328, -27.4904138], [-58.9241056, -27.4898451], [-58.9231239, -27.489004], [-58.9230926, -27.4876676], [-58.9227564, -27.4870054], [-58.9209019, -27.4854167], [-58.9208885, -27.484844], [-58.9205523, -27.4841818], [-58.919575, -27.4835316], [-58.9178252, -27.4818454], [-58.917371, -27.480708], [-58.915521, -27.4793101], [-58.9144392, -27.4787574], [-58.913976, -27.4772381], [-58.9128896, -27.4764945], [-58.9126625, -27.4759258], [-58.9121171, -27.4754585], [-58.9115627, -27.4746094], [-58.9115493, -27.4740367], [-58.9112131, -27.4733745], [-58.9093631, -27.4719767], [-58.9086085, -27.4717043], [-58.90754, -27.4717243], [-58.9060352, -27.4713705], [-58.9048353, -27.4703425], [-58.9045036, -27.4698712], [-58.9043632, -27.4684414], [-58.903486, -27.4675028], [-58.9031454, -27.4666497], [-58.9024909, -27.466089], [-58.9019186, -27.4644763], [-58.9009413, -27.4638261], [-58.9007142, -27.4632573], [-58.8995143, -27.4622293], [-58.8990556, -27.460901], [-58.8985057, -27.4602428], [-58.8968739, -27.4590319], [-58.8964331, -27.4584671], [-58.8959744, -27.4571388], [-58.8947789, -27.4563017], [-58.8936657, -27.4544126], [-58.8937345, -27.4527879], [-58.8931801, -27.4519388], [-58.8931622, -27.4511751], [-58.8928305, -27.4507039], [-58.8929905, -27.448409], [-58.8925452, -27.4476533], [-58.8924182, -27.4467962], [-58.8919774, -27.4462315], [-58.891828, -27.4444199], [-58.8911646, -27.4434773], [-58.8912378, -27.4420435], [-58.8920747, -27.4412639], [-58.8932433, -27.4409555], [-58.8938754, -27.4405617], [-58.894394, -27.4398835], [-58.8948169, -27.4396846], [-58.8955402, -27.4386206], [-58.8962814, -27.4383202], [-58.8973498, -27.4383002], [-58.8983047, -27.4379959], [-58.900624, -27.4366155], [-58.902861, -27.4362872], [-58.9034932, -27.4358934], [-58.9035933, -27.435605], [-58.9044436, -27.4353981], [-58.9051803, -27.4349068], [-58.9088997, -27.4339778], [-58.9097411, -27.433389], [-58.9125101, -27.4329552], [-58.9149429, -27.4318592], [-58.9168706, -27.4320142], [-58.9182439, -27.43132], [-58.9203988, -27.4320436], [-58.9221038, -27.4318207], [-58.9230498, -27.4311346], [-58.9236684, -27.430168], [-58.9238598, -27.4292095], [-58.9248102, -27.4287142], [-58.9254244, -27.4275567], [-58.9263659, -27.4266797], [-58.9272117, -27.4262818], [-58.927935, -27.4252179], [-58.9283579, -27.4250189], [-58.9299225, -27.4233662], [-58.9308729, -27.422871], [-58.9313825, -27.421811], [-58.9315962, -27.421807], [-58.9331609, -27.4201542], [-58.9340111, -27.4199473], [-58.9346433, -27.4195535], [-58.935776, -27.4177179], [-58.9368221, -27.4167434], [-58.9379862, -27.4162441], [-58.9385003, -27.415375], [-58.9389232, -27.4151761], [-58.9403832, -27.4136208], [-58.941229, -27.413223], [-58.9419568, -27.4123499], [-58.9420525, -27.4118707], [-58.9439444, -27.4104983], [-58.944986, -27.4093328], [-58.946691, -27.4091099], [-58.9481734, -27.4085092], [-58.9495646, -27.4085787], [-58.9505195, -27.4082743], [-58.950938, -27.4078845], [-58.951579, -27.4078725], [-58.9541254, -27.4070609], [-58.955176, -27.4062773], [-58.9566091, -27.4035765], [-58.9565823, -27.4024311], [-58.9562506, -27.4019598], [-58.9562327, -27.4011962], [-58.9557695, -27.3996769], [-58.9564016, -27.3992831], [-58.9568155, -27.3987024], [-58.9570113, -27.3979347], [-58.9576434, -27.3975409], [-58.9580529, -27.3967693], [-58.9587852, -27.3960871], [-58.9593172, -27.3959816], [-58.9600539, -27.3954904], [-58.9605635, -27.3944304], [-58.9609864, -27.3942315], [-58.9613959, -27.3934598], [-58.9620235, -27.3928751], [-58.9632922, -27.3922784], [-58.9641157, -27.390926], [-58.9640485, -27.3880624], [-58.9633851, -27.3871199], [-58.9633627, -27.3861653], [-58.9629129, -27.3852188], [-58.9629817, -27.383594], [-58.9622047, -27.3823671], [-58.9621868, -27.3816035], [-58.9619642, -27.3812257], [-58.9621555, -27.3802671], [-58.9635288, -27.3795729], [-58.9640429, -27.3787039], [-58.9645704, -27.3784075], [-58.9649799, -27.3776359], [-58.9658167, -27.3768562], [-58.9669808, -27.376357], [-58.9674904, -27.375297], [-58.9678087, -27.3751955], [-58.9692688, -27.3736402], [-58.9701146, -27.3732424], [-58.9705285, -27.3726617], [-58.9707198, -27.3717032], [-58.9710381, -27.3716017], [-58.9724982, -27.3700464], [-58.9736623, -27.3695472], [-58.9740762, -27.3689665], [-58.974272, -27.3681988], [-58.9744857, -27.3681948], [-58.9750043, -27.3675166], [-58.9771009, -27.3657585], [-58.9775104, -27.3649868], [-58.9784608, -27.3644916], [-58.9793978, -27.3634236], [-58.9805619, -27.3629243], [-58.9810715, -27.3618643], [-58.9813898, -27.3617629], [-58.9828498, -27.3602076], [-58.9840139, -27.3597083], [-58.9845235, -27.3586483], [-58.985051, -27.358352], [-58.9855651, -27.3574829], [-58.9866291, -27.357272], [-58.9873658, -27.3567807], [-58.9877798, -27.3562], [-58.9879711, -27.3552414], [-58.988394, -27.3550425], [-58.9889081, -27.3541734], [-58.9916458, -27.3524033], [-58.9918505, -27.3520175], [-58.9929145, -27.3518066], [-58.9935466, -27.3514127], [-58.9941608, -27.3502553], [-58.9940249, -27.3490164], [-58.9942296, -27.3486306], [-58.9942984, -27.3470058], [-58.9947169, -27.346616], [-58.9949171, -27.3460393], [-58.9950592, -27.3429807], [-58.9958781, -27.3414375], [-58.9956286, -27.3399142], [-58.9958334, -27.3395284], [-58.995811, -27.3385738], [-58.9965254, -27.337128], [-58.9966674, -27.3340695], [-58.997186, -27.3333913], [-58.9983501, -27.332892], [-58.9988597, -27.331832], [-58.9992826, -27.3316331], [-59.0009518, -27.329883], [-59.0017977, -27.3294851], [-59.0027302, -27.3282262], [-59.0042305, -27.3283892], [-59.0052122, -27.3292303], [-59.0054394, -27.329799], [-59.006312, -27.3305466], [-59.0069576, -27.3307255], [-59.0071802, -27.3311034], [-59.0087029, -27.3322208], [-59.00893, -27.3327895], [-59.0099118, -27.3336306], [-59.0105573, -27.3338095], [-59.0124073, -27.3352074], [-59.012857, -27.3361539], [-59.0136206, -27.3368081], [-59.0154571, -27.3376332], [-59.0163298, -27.3383808], [-59.0166705, -27.3392339], [-59.017325, -27.3397947], [-59.0179705, -27.3399736], [-59.0190569, -27.3407172], [-59.0214657, -27.3431551], [-59.0229839, -27.3440816], [-59.0253882, -27.3463285], [-59.0265792, -27.3469747], [-59.0274518, -27.3477224], [-59.027679, -27.3482911], [-59.0285516, -27.3490387], [-59.0291972, -27.3492176], [-59.0293107, -27.349502], [-59.0310516, -27.3508064], [-59.0312787, -27.3513751], [-59.0321514, -27.3521227], [-59.0327969, -27.3523017], [-59.0335605, -27.3529558], [-59.0342061, -27.3531347], [-59.0348606, -27.3536955], [-59.0352012, -27.3545486], [-59.0385739, -27.3570639], [-59.038801, -27.3576326], [-59.0398918, -27.3585671], [-59.0401055, -27.3585631], [-59.0408736, -27.3594082], [-59.0415191, -27.3595871], [-59.0419555, -27.359961], [-59.0422962, -27.3608141], [-59.0431688, -27.3615617], [-59.0438144, -27.3617406], [-59.044037, -27.3621184], [-59.0456688, -27.3633293], [-59.0466595, -27.3645523], [-59.0487276, -27.366137], [-59.0503325, -27.3662025], [-59.0509691, -27.3659996], [-59.0526518, -27.3648221], [-59.0537158, -27.3646112], [-59.0543479, -27.3642174], [-59.0550757, -27.3633443], [-59.0556854, -27.3619959], [-59.0565178, -27.3610254], [-59.0566957, -27.3594941], [-59.0570095, -27.3592018], [-59.0575101, -27.3577599], [-59.057824, -27.3574676], [-59.0594155, -27.3569603], [-59.0598518, -27.3573341], [-59.0604973, -27.3575131], [-59.0606109, -27.3577974], [-59.0614791, -27.3583541], [-59.0638834, -27.3606011], [-59.0651834, -27.3613407], [-59.0660561, -27.3620884], [-59.0662832, -27.3626571], [-59.0671559, -27.3634047], [-59.0678015, -27.3635836], [-59.069765, -27.3652658], [-59.0699921, -27.3658346], [-59.0708647, -27.3665822], [-59.072374, -27.3671269], [-59.0734425, -27.3671069], [-59.0747112, -27.3665102], [-59.0756392, -27.3650604], [-59.0764761, -27.3642808], [-59.0773219, -27.363883], [-59.0780452, -27.362819], [-59.0784681, -27.36262], [-59.0799281, -27.3610648], [-59.0810922, -27.3605655], [-59.0817154, -27.3597899], [-59.0819291, -27.3597859], [-59.0825433, -27.3586284], [-59.0834848, -27.3577513], [-59.0843306, -27.3573535], [-59.0844307, -27.3570652], [-59.0854902, -27.3566634], [-59.0860267, -27.3567488]], [[-59.0425558, -27.4949817], [-59.0418281, -27.4958547], [-59.0417458, -27.4969067], [-59.0420088, -27.4990027], [-59.0429083, -27.5008958], [-59.042835, -27.5023297], [-59.0434761, -27.5023177], [-59.0435718, -27.5018384], [-59.0441037, -27.5017329], [-59.0445177, -27.5011522], [-59.0450497, -27.5010468], [-59.0453635, -27.5007544], [-59.0454592, -27.5002751], [-59.0465097, -27.4994915], [-59.0464829, -27.498346], [-59.0455968, -27.4970257], [-59.0441787, -27.4958108], [-59.0441742, -27.4956198], [-59.0435197, -27.4950591], [-59.0425558, -27.4949817]], [[-59.0462814, -27.4897551], [-59.0464951, -27.4897511], [-59.0475904, -27.4908766], [-59.0488726, -27.4908526], [-59.0501458, -27.4904468], [-59.0507868, -27.4904348], [-59.050996, -27.4902399], [-59.0510783, -27.4891879], [-59.0522245, -27.487925], [-59.0526519, -27.487917], [-59.0527699, -27.4883923], [-59.0518284, -27.4892693], [-59.0516505, -27.4908006], [-59.0523095, -27.4915522], [-59.052323, -27.492125], [-59.0526502, -27.4924053], [-59.0525635, -27.4932664], [-59.0535229, -27.493153], [-59.0536141, -27.4924828], [-59.0529506, -27.4915403], [-59.053251, -27.4906752], [-59.0535648, -27.4903828], [-59.0548425, -27.4901679], [-59.0555971, -27.4904403], [-59.0562382, -27.4904283], [-59.0564429, -27.4900424], [-59.0571841, -27.4897421], [-59.0573889, -27.4893563], [-59.0586486, -27.4883777], [-59.0587443, -27.4878985], [-59.0593809, -27.4876956], [-59.0601087, -27.4868225], [-59.0606406, -27.486717], [-59.0607363, -27.4862377], [-59.0610501, -27.4859454], [-59.0617958, -27.4858359], [-59.061887, -27.4851657], [-59.0630421, -27.4842847], [-59.0631378, -27.4838054], [-59.0633515, -27.4838014], [-59.0636608, -27.4833181], [-59.0636519, -27.4829363], [-59.0631109, -27.4826599], [-59.0634936, -27.4807428], [-59.0630662, -27.4807508], [-59.0626254, -27.4801861], [-59.062198, -27.4801941], [-59.0615882, -27.4815425], [-59.0610652, -27.4820297], [-59.0589417, -27.4826425], [-59.0580003, -27.4835195], [-59.0579091, -27.4841897], [-59.0581273, -27.4843766], [-59.058982, -27.4843606], [-59.0599235, -27.4834836], [-59.0601237, -27.4829068], [-59.0609785, -27.4828908], [-59.0611967, -27.4830777], [-59.0611055, -27.4837479], [-59.0606871, -27.4841377], [-59.0595588, -27.4861643], [-59.0585127, -27.4871388], [-59.0571259, -27.4872603], [-59.0566851, -27.4866955], [-59.0558304, -27.4867115], [-59.0555255, -27.4873857], [-59.0545661, -27.4874992], [-59.0533617, -27.4862803], [-59.0522843, -27.4859184], [-59.0512159, -27.4859384], [-59.0493061, -27.4865471], [-59.0479328, -27.4872413], [-59.0468867, -27.4882159], [-59.0463726, -27.4890849], [-59.0462814, -27.4897551]], [[-59.0262006, -27.4858336], [-59.026105, -27.4863129], [-59.0258913, -27.4863168], [-59.0259092, -27.4870805], [-59.0252815, -27.4876652], [-59.0252905, -27.488047], [-59.0255087, -27.4882339], [-59.0278548, -27.487999], [-59.0288455, -27.489222], [-59.0294866, -27.48921], [-59.0298004, -27.4889176], [-59.0298916, -27.4882474], [-59.02716, -27.4857201], [-59.0262006, -27.4858336]], [[-59.0360846, -27.4742845], [-59.0358754, -27.4744794], [-59.0358933, -27.4752431], [-59.0363341, -27.4758078], [-59.0369752, -27.4757958], [-59.037289, -27.4755035], [-59.0377164, -27.4754955], [-59.0390075, -27.4758533], [-59.0394438, -27.4762271], [-59.040844, -27.4766784], [-59.0412803, -27.4770522], [-59.0412893, -27.477434], [-59.0409755, -27.4777264], [-59.0396933, -27.4777504], [-59.0388296, -27.4773846], [-59.0376565, -27.477502], [-59.0368241, -27.4784725], [-59.0367553, -27.4800973], [-59.0372096, -27.4812347], [-59.0371229, -27.4820958], [-59.0375592, -27.4824696], [-59.0376817, -27.4831358], [-59.0390909, -27.4839689], [-59.0393135, -27.4843467], [-59.0401817, -27.4849035], [-59.0408496, -27.4860369], [-59.0414907, -27.4860249], [-59.041682, -27.4850664], [-59.0412322, -27.4841198], [-59.0412188, -27.4835471], [-59.0415192, -27.482682], [-59.0408647, -27.4821213], [-59.0408513, -27.4815486], [-59.0412518, -27.4803951], [-59.040929, -27.4803057], [-59.0404882, -27.4797409], [-59.0409022, -27.4791602], [-59.0416479, -27.4790507], [-59.0425848, -27.4779828], [-59.0428852, -27.4771177], [-59.0427583, -27.4762606], [-59.0422173, -27.4759842], [-59.0420545, -27.4735998], [-59.0413044, -27.4735184], [-59.0412042, -27.4738067], [-59.0407768, -27.4738147], [-59.0400222, -27.4735424], [-59.0389538, -27.4735624], [-59.0360846, -27.4742845]], [[-59.0621441, -27.4414236], [-59.0613984, -27.441533], [-59.0612026, -27.4423007], [-59.0607797, -27.4424996], [-59.0582109, -27.4423567], [-59.0578971, -27.442649], [-59.0575967, -27.4435141], [-59.0574188, -27.4450454], [-59.0576549, -27.4459959], [-59.0590641, -27.446829], [-59.0594137, -27.4480639], [-59.0603954, -27.448905], [-59.0609677, -27.4505178], [-59.0616222, -27.4510785], [-59.0616401, -27.4518421], [-59.062072, -27.452025], [-59.0620854, -27.4525978], [-59.0632898, -27.4538167], [-59.0629072, -27.4557338], [-59.0630386, -27.4567818], [-59.0622242, -27.4585159], [-59.0617011, -27.4590032], [-59.0617325, -27.4603396], [-59.0628591, -27.4628014], [-59.0629906, -27.4638494], [-59.0625632, -27.4638574], [-59.0622359, -27.463577], [-59.0621089, -27.4627199], [-59.0610226, -27.4619763], [-59.0609046, -27.461501], [-59.0604772, -27.461509], [-59.0602545, -27.4611312], [-59.0596135, -27.4611432], [-59.0595956, -27.4603796], [-59.0591592, -27.4600057], [-59.0576634, -27.4600337], [-59.0556714, -27.4616945], [-59.055371, -27.4625595], [-59.0550527, -27.462661], [-59.0545386, -27.4635301], [-59.0547836, -27.4648624], [-59.0560792, -27.4654112], [-59.05652, -27.4659759], [-59.0586614, -27.4661268], [-59.0589752, -27.4658345], [-59.0595072, -27.465729], [-59.0602797, -27.466765], [-59.061139, -27.4669399], [-59.0614662, -27.4672203], [-59.0621073, -27.4672083], [-59.0628485, -27.4669079], [-59.0630711, -27.4672858], [-59.0639259, -27.4672698], [-59.0639349, -27.4676516], [-59.0631892, -27.467761], [-59.063089, -27.4680494], [-59.0620385, -27.468833], [-59.0620519, -27.4694058], [-59.0623792, -27.4696861], [-59.0621879, -27.4706447], [-59.0616648, -27.4711319], [-59.0615692, -27.4716112], [-59.0605231, -27.4725857], [-59.0604498, -27.4740196], [-59.0610131, -27.4752505], [-59.0610311, -27.4760141], [-59.0612537, -27.4763919], [-59.0616856, -27.4765748], [-59.0629632, -27.4763599], [-59.0629722, -27.4767418], [-59.061817, -27.4776228], [-59.0617303, -27.4784839], [-59.0619485, -27.4786708], [-59.0634488, -27.4788338], [-59.0635624, -27.4791181], [-59.0643125, -27.4791996], [-59.0649625, -27.4795694], [-59.0658173, -27.4795534], [-59.0674133, -27.4792371], [-59.0681455, -27.4785549], [-59.0695278, -27.4782425], [-59.0698371, -27.4777592], [-59.069483, -27.4763334], [-59.0690467, -27.4759596], [-59.0684011, -27.4757807], [-59.0665825, -27.4757192], [-59.06516, -27.4743134], [-59.0650375, -27.4736472], [-59.0640468, -27.4724243], [-59.0644249, -27.4703163], [-59.064939, -27.4694472], [-59.0650302, -27.468777], [-59.0644624, -27.4673552], [-59.0655129, -27.4665716], [-59.066441, -27.4651218], [-59.0672778, -27.4643421], [-59.0691966, -27.4641152], [-59.0704697, -27.4637094], [-59.070797, -27.4639898], [-59.0733568, -27.4637509], [-59.0735839, -27.4643196], [-59.0739067, -27.4644091], [-59.0739246, -27.4651727], [-59.0737109, -27.4651767], [-59.0736242, -27.4660378], [-59.073001, -27.4668134], [-59.0726766, -27.4712124], [-59.0720669, -27.4725607], [-59.0720893, -27.4735153], [-59.0726347, -27.4739825], [-59.0728618, -27.4745513], [-59.0740393, -27.4746247], [-59.0767636, -27.4722818], [-59.0782594, -27.4722538], [-59.0782505, -27.471872], [-59.0776961, -27.4710229], [-59.0774556, -27.4698815], [-59.0764559, -27.4682767], [-59.0763334, -27.4676106], [-59.0758971, -27.4672367], [-59.0758836, -27.466664], [-59.0748795, -27.4648684], [-59.0748706, -27.4644865], [-59.0745433, -27.4642062], [-59.0741937, -27.4629713], [-59.0726173, -27.4595629], [-59.07229, -27.4592825], [-59.0720539, -27.458332], [-59.0716131, -27.4577673], [-59.0704775, -27.4549236], [-59.0697005, -27.4536967], [-59.0693554, -27.4526527], [-59.0689235, -27.4524698], [-59.0689011, -27.4515152], [-59.067897, -27.4497196], [-59.0669885, -27.4474447], [-59.0665477, -27.44688], [-59.0665388, -27.4464981], [-59.064399, -27.4418589], [-59.0638581, -27.4415825], [-59.0621441, -27.4414236]], [[-59.0510216, -27.4457381], [-59.0502714, -27.4456566], [-59.0499621, -27.4461399], [-59.0501025, -27.4475697], [-59.0509572, -27.4475537], [-59.0513578, -27.4464003], [-59.0513488, -27.4460184], [-59.0510216, -27.4457381]], [[-59.0539013, -27.4409094], [-59.0540283, -27.4417665], [-59.054901, -27.4425141], [-59.0563879, -27.4421043], [-59.0566972, -27.441621], [-59.0583021, -27.4416865], [-59.0585113, -27.4414916], [-59.0585024, -27.4411097], [-59.058075, -27.4411177], [-59.0577478, -27.4408374], [-59.0566838, -27.4410483], [-59.0565702, -27.4407639], [-59.0561384, -27.440581], [-59.0542107, -27.4404261], [-59.0539013, -27.4409094]], [[-59.0309789, -27.4616791], [-59.0309968, -27.4624427], [-59.0312194, -27.4628205], [-59.0314331, -27.4628165], [-59.0318739, -27.4633812], [-59.0328512, -27.4640314], [-59.0328557, -27.4642223], [-59.0332831, -27.4642143], [-59.0337239, -27.4647791], [-59.0341513, -27.4647711], [-59.0339018, -27.4632478], [-59.0332607, -27.4632598], [-59.0329334, -27.4629794], [-59.0329245, -27.4625976], [-59.0321699, -27.4623253], [-59.0321564, -27.4617525], [-59.0319383, -27.4615656], [-59.0309789, -27.4616791]], [[-58.9885234, -27.4973298], [-58.9885324, -27.4977116], [-58.9900506, -27.4986381], [-58.990478, -27.4986301], [-58.9912147, -27.4981389], [-58.9913059, -27.4974687], [-58.9904377, -27.4969119], [-58.9889418, -27.4969399], [-58.9885234, -27.4973298]], [[-59.0370388, -27.4511565], [-59.0366204, -27.4515464], [-59.0366383, -27.45231], [-59.0362333, -27.4532725], [-59.0362467, -27.4538453], [-59.0371149, -27.454402], [-59.0376648, -27.4550602], [-59.0380922, -27.4550522], [-59.0380877, -27.4548613], [-59.0386197, -27.4547558], [-59.0388244, -27.45437], [-59.0390381, -27.454366], [-59.0390292, -27.4539842], [-59.0384838, -27.4535169], [-59.0386706, -27.4523675], [-59.0383344, -27.4517053], [-59.037789, -27.451238], [-59.0370388, -27.4511565]], [[-59.0177732, -27.4683245], [-59.0174593, -27.4686168], [-59.0173816, -27.4698597], [-59.0180316, -27.4702295], [-59.018045, -27.4708023], [-59.0184814, -27.4711761], [-59.0191225, -27.4711641], [-59.019641, -27.4704859], [-59.0196321, -27.4701041], [-59.018864, -27.469259], [-59.018855, -27.4688772], [-59.0182005, -27.4683165], [-59.0177732, -27.4683245]], [[-59.0247416, -27.4600769], [-59.024096, -27.4598979], [-59.0233638, -27.4605801], [-59.0228318, -27.4606856], [-59.0218948, -27.4617536], [-59.0219082, -27.4623263], [-59.0224447, -27.4624117], [-59.023295, -27.4622048], [-59.0238135, -27.4615267], [-59.0246549, -27.4609379], [-59.0247416, -27.4600769]], [[-58.974167, -27.5050471], [-58.9740848, -27.5060991], [-58.9754984, -27.5071231], [-58.9758391, -27.5079762], [-58.9754117, -27.5079842], [-58.9752936, -27.507509], [-58.974007, -27.507342], [-58.9736932, -27.5076344], [-58.9735975, -27.5081137], [-58.9719971, -27.5082391], [-58.9721196, -27.5089053], [-58.9727652, -27.5090842], [-58.9729968, -27.5098439], [-58.973856, -27.5100188], [-58.9747108, -27.5100028], [-58.9750156, -27.5093286], [-58.9760841, -27.5093086], [-58.9764113, -27.509589], [-58.9766429, -27.5103486], [-58.9770793, -27.5107224], [-58.9777248, -27.5109013], [-58.9781656, -27.5114661], [-58.9788067, -27.5114541], [-58.9798617, -27.5108613], [-58.9803982, -27.5109468], [-58.9808345, -27.5113206], [-58.9810616, -27.5118894], [-58.9819343, -27.512637], [-58.9820613, -27.5134941], [-58.9822795, -27.513681], [-58.982242, -27.5166421], [-58.983028, -27.5182508], [-58.9827365, -27.5194977], [-58.9829502, -27.5194937], [-58.983391, -27.5200585], [-58.9839275, -27.5201439], [-58.985519, -27.5196366], [-58.9868011, -27.5196127], [-58.9868878, -27.5187516], [-58.9866697, -27.5185647], [-58.9856012, -27.5185846], [-58.9850468, -27.5177356], [-58.9854429, -27.5163912], [-58.9853025, -27.5149614], [-58.9854759, -27.5132392], [-58.9848169, -27.5124876], [-58.98479, -27.5113421], [-58.9858406, -27.5105585], [-58.9867776, -27.5094905], [-58.9874919, -27.5080447], [-58.9873694, -27.5073785], [-58.9858467, -27.506261], [-58.9852012, -27.5060821], [-58.9836007, -27.5062075], [-58.9812949, -27.5081606], [-58.9805492, -27.5082701], [-58.980331, -27.5080832], [-58.9788352, -27.5081112], [-58.9787351, -27.5083995], [-58.9779894, -27.508509], [-58.9770121, -27.5078588], [-58.9768941, -27.5073835], [-58.9775038, -27.5060352], [-58.9772722, -27.5052755], [-58.9760768, -27.5044384], [-58.9747991, -27.5046533], [-58.974167, -27.5050471]], [[-58.9784693, -27.5016243], [-58.9784828, -27.502197], [-58.9803014, -27.5022584], [-58.9805061, -27.5018726], [-58.9812518, -27.5017632], [-58.9815835, -27.5022345], [-58.9834066, -27.5024868], [-58.9831196, -27.5039246], [-58.984079, -27.5038112], [-58.9845886, -27.5027512], [-58.985016, -27.5027432], [-58.9854523, -27.503117], [-58.9860934, -27.503105], [-58.9863026, -27.5029101], [-58.9860621, -27.5017687], [-58.9854076, -27.5012079], [-58.9845528, -27.5012239], [-58.9837892, -27.5005697], [-58.9831437, -27.5003908], [-58.9816523, -27.5006097], [-58.981216, -27.5002359], [-58.9812025, -27.4996632], [-58.9809844, -27.4994763], [-58.980025, -27.4995897], [-58.979502, -27.500077], [-58.9792016, -27.5009421], [-58.9784693, -27.5016243]], [[-59.0462459, -27.4380922], [-59.0462549, -27.4384741], [-59.0465821, -27.4387544], [-59.0478687, -27.4389213], [-59.0494692, -27.4387959], [-59.0492242, -27.4374635], [-59.0488969, -27.4371832], [-59.0477238, -27.4373006], [-59.0464507, -27.4377064], [-59.0462459, -27.4380922]], [[-58.9859966, -27.4944167], [-58.9852419, -27.4941443], [-58.9843917, -27.4943512], [-58.9818811, -27.4966901], [-58.9817854, -27.4971694], [-58.9814671, -27.4972708], [-58.9814761, -27.4976526], [-58.9832214, -27.4991479], [-58.9841808, -27.4990345], [-58.9874281, -27.4962043], [-58.9873011, -27.4953472], [-58.9859966, -27.4944167]], [[-59.0238241, -27.4574201], [-59.0239422, -27.4578954], [-59.0245832, -27.4578834], [-59.0255381, -27.457579], [-59.0255337, -27.4573881], [-59.0261792, -27.457567], [-59.0261882, -27.4579489], [-59.0252288, -27.4580623], [-59.0252333, -27.4582532], [-59.0250196, -27.4582572], [-59.0247237, -27.4593132], [-59.0254738, -27.4593947], [-59.0258055, -27.4598659], [-59.0263465, -27.4601423], [-59.027524, -27.4602158], [-59.0278199, -27.4591598], [-59.028993, -27.4590423], [-59.0296386, -27.4592212], [-59.030057, -27.4588314], [-59.030048, -27.4584496], [-59.0289617, -27.457706], [-59.0285209, -27.4571412], [-59.0280935, -27.4571492], [-59.0273254, -27.4563041], [-59.0259342, -27.4562347], [-59.0248702, -27.4564456], [-59.0240289, -27.4570343], [-59.0238241, -27.4574201]], [[-59.0085157, -27.4701211], [-59.008302, -27.4701251], [-59.0069421, -27.471392], [-59.0069466, -27.4715829], [-59.0071602, -27.4715789], [-59.0085201, -27.470312], [-59.0085157, -27.4701211]], [[-59.0127, -27.466223], [-59.0124863, -27.466227], [-59.0085112, -27.4699302], [-59.0085157, -27.4701211], [-59.0087294, -27.4701171], [-59.0127044, -27.4664139], [-59.0127, -27.466223]], [[-59.0230024, -27.4542841], [-59.0230113, -27.4546659], [-59.0235567, -27.4551332], [-59.0239841, -27.4551252], [-59.0239752, -27.4547434], [-59.0234297, -27.4542761], [-59.0230024, -27.4542841]], [[-59.0596121, -27.4154959], [-59.0595299, -27.4165479], [-59.0605116, -27.417389], [-59.0616892, -27.4174625], [-59.0625305, -27.4168738], [-59.0625215, -27.416492], [-59.0608898, -27.415281], [-59.060035, -27.415297], [-59.0596121, -27.4154959]], [[-59.0328477, -27.4365285], [-59.0328567, -27.4369104], [-59.0331839, -27.4371907], [-59.035007, -27.4374431], [-59.0352252, -27.43763], [-59.0359708, -27.4375205], [-59.0433678, -27.4384326], [-59.0444363, -27.4384126], [-59.044396, -27.4366944], [-59.0437415, -27.4361337], [-59.0428867, -27.4361497], [-59.0424728, -27.4367304], [-59.0418317, -27.4367424], [-59.0407498, -27.4361897], [-59.0396813, -27.4362097], [-59.0390268, -27.4356489], [-59.0389088, -27.4351737], [-59.0390822, -27.4334515], [-59.0386548, -27.4334595], [-59.0383231, -27.4329882], [-59.0374549, -27.4324315], [-59.0366046, -27.4326384], [-59.0367361, -27.4336864], [-59.0360128, -27.4347504], [-59.0352671, -27.4348598], [-59.0344079, -27.4346849], [-59.0328477, -27.4365285]], [[-58.9247436, -27.5352894], [-58.9256118, -27.5358462], [-58.9270075, -27.5361065], [-58.9283674, -27.5348396], [-58.9286723, -27.5341655], [-58.9290952, -27.5339666], [-58.9291953, -27.5336782], [-58.9299365, -27.5333778], [-58.9300366, -27.5330895], [-58.9305641, -27.5327931], [-58.9322379, -27.5312338], [-58.9322334, -27.5310429], [-58.9386189, -27.5252891], [-58.9388147, -27.5245215], [-58.938601, -27.5245255], [-58.9375057, -27.5234001], [-58.9366554, -27.523607], [-58.9339356, -27.5261408], [-58.9339401, -27.5263317], [-58.9332034, -27.5268229], [-58.931434, -27.5288615], [-58.9313383, -27.5293407], [-58.9305015, -27.5301204], [-58.9299695, -27.5302258], [-58.929974, -27.5304167], [-58.9290191, -27.5307211], [-58.9286006, -27.5311109], [-58.9283002, -27.531976], [-58.9284183, -27.5324513], [-58.9289592, -27.5327276], [-58.9287634, -27.5334953], [-58.9282314, -27.5336007], [-58.9277906, -27.533036], [-58.9264084, -27.5333484], [-58.9260945, -27.5336407], [-58.9247123, -27.5339531], [-58.924503, -27.534148], [-58.9247436, -27.5352894]], [[-58.9384158, -27.5211866], [-58.9385383, -27.5218528], [-58.9392885, -27.5219342], [-58.9404839, -27.5227713], [-58.941125, -27.5227593], [-58.9422667, -27.5213055], [-58.9419261, -27.5204524], [-58.9413851, -27.5201761], [-58.9389344, -27.5205084], [-58.9384158, -27.5211866]], [[-58.9451974, -27.5140885], [-58.9456516, -27.5152259], [-58.9453333, -27.5153274], [-58.9451465, -27.5164768], [-58.9454737, -27.5167572], [-58.9459011, -27.5167492], [-58.9468918, -27.5179721], [-58.9478691, -27.5186223], [-58.9478736, -27.5188132], [-58.9474462, -27.5188212], [-58.947355, -27.5194914], [-58.9477914, -27.5198652], [-58.9489644, -27.5197477], [-58.9492782, -27.5194554], [-58.9493515, -27.5180216], [-58.9491199, -27.5172619], [-58.9485745, -27.5167947], [-58.948038, -27.5167092], [-58.9483384, -27.5158441], [-58.9487658, -27.5158361], [-58.9487434, -27.5148816], [-58.9483205, -27.5150805], [-58.9473567, -27.515003], [-58.9473477, -27.5146212], [-58.9466932, -27.5140605], [-58.9451974, -27.5140885]], [[-59.034, -27.4309682], [-59.0336907, -27.4314514], [-59.0337041, -27.4320242], [-59.0348817, -27.4320976], [-59.0350909, -27.4319027], [-59.0349684, -27.4312365], [-59.034, -27.4309682]], [[-59.0522286, -27.4151566], [-59.0512603, -27.4148883], [-59.0506192, -27.4149003], [-59.0500917, -27.4151966], [-59.0501006, -27.4155784], [-59.050646, -27.4160457], [-59.0505549, -27.4167159], [-59.050132, -27.4169148], [-59.0501364, -27.4171057], [-59.0497135, -27.4173046], [-59.0477305, -27.4193472], [-59.0476393, -27.4200173], [-59.0471118, -27.4203137], [-59.0472388, -27.4211708], [-59.048089, -27.4209639], [-59.0510136, -27.4180443], [-59.0519774, -27.4181217], [-59.0525049, -27.4178254], [-59.052487, -27.4170617], [-59.0520417, -27.4163061], [-59.0522286, -27.4151566]], [[-58.9461987, -27.5112048], [-58.9462077, -27.5115866], [-58.9467531, -27.5120539], [-58.9469847, -27.5128136], [-58.9478394, -27.5127976], [-58.9477124, -27.5119405], [-58.9469489, -27.5112863], [-58.9461987, -27.5112048]], [[-59.0972696, -27.3712449], [-59.0965194, -27.3711634], [-59.0965239, -27.3713543], [-59.0954733, -27.3721379], [-59.0952776, -27.3729056], [-59.0956272, -27.3741405], [-59.0967958, -27.3738321], [-59.0976326, -27.3730525], [-59.0977104, -27.3718096], [-59.0972696, -27.3712449]], [[-58.9180504, -27.5370381], [-58.9182641, -27.5370341], [-58.9191412, -27.5379727], [-58.9196777, -27.5380581], [-58.920114, -27.538432], [-58.9208597, -27.5383225], [-58.9222151, -27.5368647], [-58.9230609, -27.5364669], [-58.923052, -27.5360851], [-58.9226156, -27.5357112], [-58.9226067, -27.5353294], [-58.9220702, -27.535244], [-58.9215382, -27.5353494], [-58.9208015, -27.5358407], [-58.9195238, -27.5360556], [-58.9191054, -27.5364454], [-58.9180414, -27.5366563], [-58.9180504, -27.5370381]], [[-59.0626087, -27.4019749], [-59.0614357, -27.4020923], [-59.0613669, -27.403717], [-59.0629584, -27.4032098], [-59.0630451, -27.4023487], [-59.0626087, -27.4019749]], [[-59.0889189, -27.3798048], [-59.089669, -27.3798863], [-59.0901966, -27.3795899], [-59.0905014, -27.3789157], [-59.0910289, -27.3786194], [-59.0914429, -27.3780387], [-59.0919749, -27.3779332], [-59.0926025, -27.3773485], [-59.0931345, -27.377243], [-59.09313, -27.3770521], [-59.0941806, -27.3762685], [-59.0942673, -27.3754074], [-59.0937174, -27.3747492], [-59.09329, -27.3747572], [-59.0926355, -27.3741965], [-59.0917808, -27.3742125], [-59.0914669, -27.3745048], [-59.0906166, -27.3747117], [-59.0897843, -27.3756823], [-59.0891477, -27.3758852], [-59.0891566, -27.376267], [-59.0900114, -27.376251], [-59.0902295, -27.3764379], [-59.0900472, -27.3777783], [-59.0889877, -27.3781801], [-59.0887874, -27.3787568], [-59.0889189, -27.3798048]], [[-59.0424928, -27.4193497], [-59.0437929, -27.4200893], [-59.045066, -27.4196835], [-59.0459208, -27.4196675], [-59.0463437, -27.4194686], [-59.0470715, -27.4185955], [-59.0470581, -27.4180228], [-59.0456579, -27.4175715], [-59.0450168, -27.4175835], [-59.0440664, -27.4180788], [-59.0432071, -27.4179039], [-59.043107, -27.4181922], [-59.0425795, -27.4184886], [-59.0424928, -27.4193497]], [[-58.9392006, -27.5136277], [-58.9392185, -27.5143913], [-58.9395547, -27.5150535], [-58.9401958, -27.5150415], [-58.9402959, -27.5147532], [-58.9410416, -27.5146437], [-58.9419143, -27.5153913], [-58.9419232, -27.5157732], [-58.9424686, -27.5162404], [-58.9432188, -27.5163219], [-58.9433189, -27.5160335], [-58.9438509, -27.5159281], [-58.943833, -27.5151644], [-58.9440378, -27.5147786], [-58.9439197, -27.5143034], [-58.9429604, -27.5144168], [-58.9421968, -27.5137626], [-58.9392006, -27.5136277]], [[-58.9642018, -27.4903362], [-58.9638102, -27.4918715], [-58.9643511, -27.4921478], [-58.9647919, -27.4927126], [-58.9645872, -27.4930984], [-58.9634231, -27.4935976], [-58.9634365, -27.4941704], [-58.9650773, -27.4957631], [-58.9663594, -27.4957391], [-58.9677238, -27.4946631], [-58.9682334, -27.4936031], [-58.9682244, -27.4932213], [-58.9673562, -27.4926646], [-58.9673473, -27.4922827], [-58.9679839, -27.4920798], [-58.9684202, -27.4924537], [-58.9685427, -27.4931198], [-58.9692884, -27.4930104], [-58.9694976, -27.4928155], [-58.9694842, -27.4922428], [-58.9688342, -27.4918729], [-58.9682843, -27.4912148], [-58.9676432, -27.4912268], [-58.9671246, -27.4919049], [-58.9666973, -27.4919129], [-58.9659382, -27.4914497], [-58.9652971, -27.4914616], [-58.9649698, -27.4911813], [-58.9648473, -27.4905151], [-58.9642018, -27.4903362]], [[-59.0423121, -27.4162017], [-59.0423255, -27.4167744], [-59.0431758, -27.4165675], [-59.0431669, -27.4161857], [-59.0423121, -27.4162017]], [[-59.0772465, -27.3834611], [-59.0771598, -27.3843222], [-59.0784643, -27.3852528], [-59.0784732, -27.3856346], [-59.0797733, -27.3863742], [-59.0807282, -27.3860699], [-59.0807192, -27.3856881], [-59.0782103, -27.3835386], [-59.0777785, -27.3833557], [-59.0772465, -27.3834611]], [[-59.0738364, -27.3839069], [-59.0740635, -27.3844757], [-59.0747046, -27.3844637], [-59.0744774, -27.3838949], [-59.0738364, -27.3839069]], [[-59.026686, -27.4518278], [-59.0274362, -27.4519092], [-59.0278546, -27.4515194], [-59.0278412, -27.4509467], [-59.0287049, -27.4513125], [-59.0291278, -27.4511136], [-59.0291233, -27.4509227], [-59.0288005, -27.4508332], [-59.0289874, -27.4496838], [-59.0285286, -27.4483554], [-59.0259241, -27.4466852], [-59.0249692, -27.4469896], [-59.0246419, -27.4467092], [-59.0247331, -27.446039], [-59.0244103, -27.4459496], [-59.0240786, -27.4454783], [-59.0232238, -27.4454943], [-59.0232926, -27.4438696], [-59.0220105, -27.4438936], [-59.0215742, -27.4435198], [-59.0209331, -27.4435317], [-59.0188605, -27.4417561], [-59.0186244, -27.4408056], [-59.0195614, -27.4397376], [-59.0202981, -27.4392463], [-59.0202937, -27.4390554], [-59.0214846, -27.4397016], [-59.021912, -27.4396936], [-59.0222258, -27.4394012], [-59.0230806, -27.4393852], [-59.0233944, -27.4390929], [-59.0239264, -27.4389874], [-59.0239219, -27.4387965], [-59.0244539, -27.438691], [-59.0244495, -27.4385001], [-59.0258452, -27.4387605], [-59.025754, -27.4394307], [-59.025222, -27.4395361], [-59.0252399, -27.4402998], [-59.0254581, -27.4404867], [-59.0258854, -27.4404787], [-59.0261993, -27.4401863], [-59.0276951, -27.4401583], [-59.0281135, -27.4397685], [-59.0294958, -27.4394562], [-59.0293464, -27.4376445], [-59.0287054, -27.4376565], [-59.0278372, -27.4370998], [-59.0262278, -27.4368434], [-59.0259005, -27.436563], [-59.0258916, -27.4361812], [-59.0253551, -27.4360958], [-59.0253506, -27.4359049], [-59.0255643, -27.4359009], [-59.0253327, -27.4351412], [-59.0249053, -27.4351492], [-59.0249143, -27.435531], [-59.0247006, -27.435535], [-59.024587, -27.4352507], [-59.0253238, -27.4347594], [-59.0259693, -27.4349383], [-59.0259604, -27.4345565], [-59.0268241, -27.4349223], [-59.0273561, -27.4348169], [-59.0274786, -27.4354831], [-59.0265192, -27.4355965], [-59.0259917, -27.4358929], [-59.025896, -27.4363721], [-59.0263279, -27.436555], [-59.0277191, -27.4366245], [-59.0278103, -27.4359543], [-59.0283423, -27.4358489], [-59.0291059, -27.4365031], [-59.0310336, -27.436658], [-59.0319795, -27.4359718], [-59.0324981, -27.4352936], [-59.0324891, -27.4349118], [-59.0318436, -27.4347329], [-59.03173, -27.4344485], [-59.0318302, -27.4341602], [-59.0326849, -27.4341442], [-59.0328941, -27.4339493], [-59.0328718, -27.4329947], [-59.0325445, -27.4327144], [-59.0310487, -27.4327423], [-59.0313267, -27.4309227], [-59.0307678, -27.4298827], [-59.0308501, -27.4288307], [-59.0305273, -27.4287413], [-59.0305228, -27.4285503], [-59.0310503, -27.428254], [-59.0309323, -27.4277787], [-59.0304959, -27.4274049], [-59.0294275, -27.4274249], [-59.0286729, -27.4271525], [-59.028764, -27.4264823], [-59.0301418, -27.4259791], [-59.0312925, -27.4249071], [-59.0323655, -27.425078], [-59.032597, -27.4258376], [-59.0325193, -27.4270805], [-59.032851, -27.4275518], [-59.0350282, -27.42923], [-59.0356648, -27.4290271], [-59.0356559, -27.4286453], [-59.0351104, -27.428178], [-59.0352016, -27.4275078], [-59.0356156, -27.4269271], [-59.0365794, -27.4270046], [-59.0378795, -27.4277442], [-59.0388433, -27.4278217], [-59.0391527, -27.4273384], [-59.0392394, -27.4264773], [-59.0396667, -27.4264693], [-59.039994, -27.4267497], [-59.0404214, -27.4267417], [-59.041303, -27.4278711], [-59.0419441, -27.4278591], [-59.0425762, -27.4274653], [-59.0426718, -27.426986], [-59.0445816, -27.4263773], [-59.0449178, -27.4270395], [-59.0456635, -27.4269301], [-59.0457816, -27.4274053], [-59.0467499, -27.4276737], [-59.0477003, -27.4271784], [-59.0477736, -27.4257446], [-59.0485193, -27.4256352], [-59.0494921, -27.4260944], [-59.0501331, -27.4260824], [-59.0506562, -27.4255952], [-59.0508161, -27.4233003], [-59.0505801, -27.4223497], [-59.0503664, -27.4223537], [-59.0503574, -27.4219719], [-59.0501437, -27.4219759], [-59.0501393, -27.421785], [-59.0503529, -27.421781], [-59.0505845, -27.4225406], [-59.0509073, -27.4226301], [-59.0509207, -27.4232028], [-59.0513481, -27.4231948], [-59.0513392, -27.422813], [-59.051771, -27.4229959], [-59.0516843, -27.423857], [-59.0521162, -27.4240399], [-59.0522387, -27.4247061], [-59.0525659, -27.4249865], [-59.0532025, -27.4247835], [-59.0535432, -27.4256366], [-59.0549345, -27.4257061], [-59.0549255, -27.4253243], [-59.0553484, -27.4251254], [-59.0558983, -27.4257836], [-59.0564706, -27.4273963], [-59.0555202, -27.4278916], [-59.0554379, -27.4289436], [-59.0566334, -27.4297807], [-59.0566423, -27.4301625], [-59.0560057, -27.4303654], [-59.0555873, -27.4307552], [-59.0558234, -27.4317057], [-59.0558592, -27.433233], [-59.0567274, -27.4337897], [-59.0567363, -27.4341716], [-59.0562043, -27.434277], [-59.0557904, -27.4348577], [-59.0552539, -27.4347723], [-59.0549177, -27.4341101], [-59.0549776, -27.4321036], [-59.0540003, -27.4314534], [-59.0532501, -27.4313719], [-59.0524088, -27.4319606], [-59.0518723, -27.4318752], [-59.0520636, -27.4309166], [-59.0528048, -27.4306163], [-59.0528004, -27.4304254], [-59.0533279, -27.430129], [-59.05331, -27.4293654], [-59.0528781, -27.4291825], [-59.0522191, -27.4284308], [-59.0522057, -27.4278581], [-59.0527332, -27.4275617], [-59.0527198, -27.426989], [-59.052397, -27.4268995], [-59.0514376, -27.427013], [-59.0511104, -27.4267326], [-59.0504738, -27.4269355], [-59.0502691, -27.4273213], [-59.0502959, -27.4284668], [-59.0505141, -27.4286537], [-59.0504229, -27.4293239], [-59.0499955, -27.4293319], [-59.0495502, -27.4285763], [-59.0490138, -27.4284908], [-59.0486955, -27.4285922], [-59.0484907, -27.4289781], [-59.0475269, -27.4289006], [-59.0473222, -27.4292864], [-59.046581, -27.4295868], [-59.0464255, -27.4320726], [-59.0467527, -27.432353], [-59.0467617, -27.4327348], [-59.0475118, -27.4328162], [-59.0485025, -27.4340392], [-59.0489344, -27.4342221], [-59.0496801, -27.4341126], [-59.0498893, -27.4339177], [-59.0497668, -27.4332515], [-59.0485713, -27.4324144], [-59.04854, -27.4310781], [-59.049072, -27.4309726], [-59.049849, -27.4321995], [-59.0508307, -27.4330406], [-59.0510802, -27.4345639], [-59.0520709, -27.4357868], [-59.0520888, -27.4365504], [-59.0527523, -27.437493], [-59.05322, -27.4392032], [-59.0536563, -27.439577], [-59.0551432, -27.4391672], [-59.0555482, -27.4382046], [-59.0556349, -27.4373436], [-59.0549893, -27.4371646], [-59.0546487, -27.4363115], [-59.0548489, -27.4357348], [-59.0551627, -27.4354425], [-59.0555901, -27.4354345], [-59.0556349, -27.4373436], [-59.0561758, -27.4376199], [-59.0565165, -27.438473], [-59.0564343, -27.439525], [-59.0571934, -27.4399883], [-59.0580481, -27.4399723], [-59.05848, -27.4401552], [-59.0599758, -27.4401272], [-59.0603987, -27.4399283], [-59.0602673, -27.4388803], [-59.0596128, -27.4383196], [-59.0581259, -27.4387294], [-59.0575894, -27.4386439], [-59.0575447, -27.4367348], [-59.0587133, -27.4364265], [-59.0588089, -27.4359472], [-59.0585728, -27.4349967], [-59.0578003, -27.4339607], [-59.0577913, -27.4335788], [-59.0593918, -27.4334534], [-59.0599551, -27.4346843], [-59.0599641, -27.4350661], [-59.0597504, -27.4350701], [-59.0597728, -27.4360247], [-59.0608546, -27.4365774], [-59.0608636, -27.4369592], [-59.0606499, -27.4369632], [-59.0605632, -27.4378243], [-59.0609995, -27.4381981], [-59.0616406, -27.4381861], [-59.0619858, -27.4392301], [-59.0616675, -27.4393316], [-59.0616854, -27.4400952], [-59.0623264, -27.4400832], [-59.0627717, -27.4408389], [-59.0635085, -27.4403476], [-59.0633859, -27.4396814], [-59.061932, -27.4369392], [-59.0615869, -27.4358952], [-59.0612641, -27.4358058], [-59.0612507, -27.435233], [-59.0606829, -27.4338112], [-59.0588928, -27.4304068], [-59.0586567, -27.4294563], [-59.0581023, -27.4286072], [-59.0564079, -27.4247236], [-59.0560762, -27.4242523], [-59.0542262, -27.4228545], [-59.0542218, -27.4226636], [-59.0554994, -27.4224486], [-59.0558267, -27.422729], [-59.05574, -27.4235901], [-59.0563945, -27.4241508], [-59.0572492, -27.4241348], [-59.0574585, -27.4239399], [-59.057445, -27.4233672], [-59.056677, -27.4225221], [-59.056668, -27.4221403], [-59.0575093, -27.4215516], [-59.0574914, -27.4207879], [-59.0562915, -27.4197599], [-59.0560778, -27.4197639], [-59.0561645, -27.4189028], [-59.0558328, -27.4184316], [-59.0560465, -27.4184276], [-59.0560375, -27.4180457], [-59.0570014, -27.4181232], [-59.0575289, -27.4178268], [-59.0580206, -27.4160032], [-59.0604221, -27.4135709], [-59.0604132, -27.413189], [-59.0596496, -27.4125349], [-59.0590085, -27.4125468], [-59.0582718, -27.4130381], [-59.0578444, -27.4130461], [-59.0567536, -27.4121116], [-59.0562171, -27.4120261], [-59.0563172, -27.4117377], [-59.0572766, -27.4116243], [-59.0572721, -27.4114334], [-59.0574858, -27.4114294], [-59.0584228, -27.4103614], [-59.0584049, -27.4095978], [-59.0578595, -27.4091305], [-59.0561544, -27.4093534], [-59.0566551, -27.4079116], [-59.0571826, -27.4076152], [-59.0574875, -27.406941], [-59.0583422, -27.406925], [-59.0588653, -27.4064378], [-59.0601429, -27.4062229], [-59.0605614, -27.405833], [-59.0610933, -27.4057276], [-59.06118, -27.4048665], [-59.0613893, -27.4046716], [-59.0613803, -27.4042898], [-59.0605166, -27.4039239], [-59.0598621, -27.4033632], [-59.0598531, -27.4029814], [-59.0609037, -27.4021978], [-59.0609904, -27.4013367], [-59.0607722, -27.4011498], [-59.0607588, -27.400577], [-59.0585771, -27.3987079], [-59.0572995, -27.3989228], [-59.0573218, -27.3998774], [-59.0578029, -27.4021603], [-59.0587802, -27.4028105], [-59.0587981, -27.4035741], [-59.0585934, -27.4039599], [-59.0564654, -27.4043817], [-59.0563787, -27.4052428], [-59.0566148, -27.4061934], [-59.0552459, -27.4070785], [-59.0552683, -27.408033], [-59.055482, -27.408029], [-59.0555956, -27.4083134], [-59.0551816, -27.4088941], [-59.0549858, -27.4096617], [-59.0554177, -27.4098447], [-59.0557494, -27.4103159], [-59.056918, -27.4100076], [-59.0570316, -27.4102919], [-59.0574589, -27.4102839], [-59.0574634, -27.4104748], [-59.0568313, -27.4108687], [-59.0558719, -27.4109821], [-59.0553444, -27.4112785], [-59.0551531, -27.412237], [-59.0554804, -27.4125174], [-59.0559077, -27.4125094], [-59.0559122, -27.4127003], [-59.0573258, -27.4137243], [-59.0587171, -27.4137938], [-59.0590309, -27.4135014], [-59.0592446, -27.4134974], [-59.059249, -27.4136883], [-59.057266, -27.4157308], [-59.057384, -27.4162061], [-59.0570702, -27.4164985], [-59.0568565, -27.4165025], [-59.0564157, -27.4159377], [-59.0562887, -27.4150807], [-59.0558524, -27.4147068], [-59.0545747, -27.4149217], [-59.0534195, -27.4158028], [-59.0532282, -27.4167614], [-59.0543101, -27.4173141], [-59.0543325, -27.4182686], [-59.0545462, -27.4182646], [-59.0546642, -27.4187399], [-59.0552052, -27.4190163], [-59.0550049, -27.419593], [-59.053518, -27.4200028], [-59.0521581, -27.4212697], [-59.0511898, -27.4210014], [-59.0511809, -27.4206195], [-59.0516082, -27.4206115], [-59.0517084, -27.4203232], [-59.0514768, -27.4195635], [-59.0507266, -27.4194821], [-59.0506354, -27.4201523], [-59.0495715, -27.4203632], [-59.04928, -27.4216101], [-59.0496028, -27.4216995], [-59.0493981, -27.4220853], [-59.0500794, -27.4237915], [-59.0497924, -27.4252293], [-59.0493651, -27.4252373], [-59.048715, -27.4248675], [-59.048074, -27.4248795], [-59.0467051, -27.4257646], [-59.0465916, -27.4254802], [-59.0456277, -27.4254028], [-59.0456143, -27.4248301], [-59.0444188, -27.423993], [-59.042923, -27.424021], [-59.0419771, -27.4247071], [-59.0419905, -27.4252799], [-59.0417768, -27.4252839], [-59.0416588, -27.4248086], [-59.0412224, -27.4244348], [-59.0412045, -27.4236711], [-59.0418366, -27.4232773], [-59.0418322, -27.4230864], [-59.0426825, -27.4228795], [-59.042678, -27.4226886], [-59.0429963, -27.4225871], [-59.0431965, -27.4220104], [-59.0429515, -27.420678], [-59.0418875, -27.4208889], [-59.0418965, -27.4212708], [-59.0422237, -27.4215511], [-59.0420235, -27.4221279], [-59.0415961, -27.4221359], [-59.0409416, -27.4215751], [-59.0398687, -27.4214042], [-59.039368, -27.422846], [-59.0386358, -27.4235282], [-59.0375628, -27.4233573], [-59.0375673, -27.4235482], [-59.0362807, -27.4233813], [-59.036058, -27.4230035], [-59.0351898, -27.4224467], [-59.033171, -27.422962], [-59.0325389, -27.4233558], [-59.0322385, -27.4242209], [-59.0306335, -27.4241554], [-59.0295919, -27.4253209], [-59.0282141, -27.4258242], [-59.0274774, -27.4263154], [-59.0270635, -27.4268961], [-59.0270724, -27.427278], [-59.0277269, -27.4278387], [-59.0300865, -27.4281765], [-59.0299131, -27.4298987], [-59.0302537, -27.4307518], [-59.0299354, -27.4308532], [-59.0298398, -27.4313325], [-59.0290941, -27.431442], [-59.0286757, -27.4318318], [-59.0285845, -27.432502], [-59.0300071, -27.4339078], [-59.0308663, -27.4340827], [-59.030557, -27.434566], [-59.0296065, -27.4350612], [-59.0285112, -27.4339358], [-59.0257288, -27.4337969], [-59.024351, -27.4343001], [-59.0238279, -27.4347874], [-59.0238458, -27.435551], [-59.022359, -27.4359608], [-59.0203955, -27.4342787], [-59.0199681, -27.4342867], [-59.0198724, -27.4347659], [-59.0204178, -27.4352332], [-59.0205359, -27.4357085], [-59.0216357, -27.4370248], [-59.0221766, -27.4373012], [-59.0221856, -27.437683], [-59.0212172, -27.4374147], [-59.0207943, -27.4376136], [-59.0197259, -27.4376336], [-59.0195211, -27.4380194], [-59.0197483, -27.4385881], [-59.0179699, -27.4402448], [-59.0177562, -27.4402488], [-59.0176561, -27.4405372], [-59.0170106, -27.4403583], [-59.0170061, -27.4401674], [-59.0172198, -27.4401634], [-59.0171017, -27.4396881], [-59.0164607, -27.4397001], [-59.0152607, -27.4386721], [-59.0146152, -27.4384932], [-59.0146197, -27.4386841], [-59.014406, -27.4386881], [-59.0144015, -27.4384972], [-59.0140832, -27.4385986], [-59.0140922, -27.4389804], [-59.0214008, -27.4452419], [-59.0205728, -27.4464034], [-59.0204906, -27.4474554], [-59.0207088, -27.4476423], [-59.0215636, -27.4476263], [-59.0221957, -27.4472325], [-59.0227142, -27.4465543], [-59.0229279, -27.4465503], [-59.0236915, -27.4472045], [-59.023696, -27.4473954], [-59.023164, -27.4475008], [-59.0231729, -27.4478827], [-59.0236048, -27.4480656], [-59.0236138, -27.4484474], [-59.0243818, -27.4492925], [-59.0252366, -27.4492765], [-59.0256729, -27.4496503], [-59.026036, -27.451458], [-59.026686, -27.4518278]], [[-59.0486903, -27.4055777], [-59.0484856, -27.4059635], [-59.0485035, -27.4067272], [-59.0488307, -27.4070075], [-59.0492581, -27.4069995], [-59.0497812, -27.4065123], [-59.0497722, -27.4061304], [-59.0495585, -27.4061344], [-59.0491177, -27.4055697], [-59.0486903, -27.4055777]], [[-58.9420955, -27.5048834], [-58.9409224, -27.5050008], [-58.9408357, -27.5058619], [-58.9413722, -27.5059473], [-58.9417951, -27.5057484], [-58.9420955, -27.5048834]], [[-59.0446705, -27.4073719], [-59.0446884, -27.4081355], [-59.0452338, -27.4086028], [-59.0456612, -27.4085948], [-59.045975, -27.4083024], [-59.0458435, -27.4072544], [-59.0446705, -27.4073719]], [[-59.0615346, -27.3926363], [-59.0620711, -27.3927218], [-59.0623805, -27.3922385], [-59.0632218, -27.3916498], [-59.0630993, -27.3909836], [-59.0615078, -27.3914909], [-59.0615346, -27.3926363]], [[-59.0602659, -27.393233], [-59.0594067, -27.3930581], [-59.0594112, -27.393249], [-59.0584652, -27.3939352], [-59.0588193, -27.395361], [-59.0592467, -27.395353], [-59.0603974, -27.394281], [-59.0604841, -27.39342], [-59.0602659, -27.393233]], [[-58.9630589, -27.4826224], [-58.9626315, -27.4826304], [-58.9617946, -27.48341], [-58.9618036, -27.4837918], [-58.962231, -27.4837838], [-58.9630678, -27.4830042], [-58.9630589, -27.4826224]], [[-59.0171453, -27.4324296], [-59.0175817, -27.4328034], [-59.0186456, -27.4325925], [-59.0190417, -27.4312481], [-59.02001, -27.4315165], [-59.0211831, -27.431399], [-59.021733, -27.4320572], [-59.0221604, -27.4320492], [-59.0225788, -27.4316594], [-59.0225698, -27.4312776], [-59.0218197, -27.4311961], [-59.0214924, -27.4309158], [-59.0208514, -27.4309278], [-59.0204105, -27.430363], [-59.0198741, -27.4302776], [-59.0195468, -27.4299972], [-59.0189058, -27.4300092], [-59.0185919, -27.4303016], [-59.0183005, -27.4315485], [-59.017241, -27.4319503], [-59.0171453, -27.4324296]], [[-59.0877329, -27.3656935], [-59.087969, -27.3666441], [-59.0884053, -27.3670179], [-59.0888327, -27.3670099], [-59.0885278, -27.3676841], [-59.0885412, -27.3682568], [-59.0879046, -27.3684597], [-59.087809, -27.368939], [-59.0888774, -27.368919], [-59.0890867, -27.3687241], [-59.0890687, -27.3679605], [-59.0888551, -27.3679645], [-59.0888506, -27.3677736], [-59.0892735, -27.3675746], [-59.0894514, -27.3660434], [-59.0877329, -27.3656935]], [[-58.9371985, -27.505739], [-58.9367756, -27.5059379], [-58.936789, -27.5065106], [-58.9375526, -27.5071648], [-58.9374748, -27.5084077], [-58.937693, -27.5085946], [-58.9377154, -27.5095491], [-58.9383565, -27.5095372], [-58.9387615, -27.5085746], [-58.938512, -27.5070513], [-58.9382938, -27.5068644], [-58.9381668, -27.5060073], [-58.9371985, -27.505739]], [[-58.9568423, -27.4864631], [-58.9561056, -27.4869543], [-58.9561145, -27.4873362], [-58.9564418, -27.4876165], [-58.9564552, -27.4881892], [-58.957546, -27.4891238], [-58.9582917, -27.4890143], [-58.9586055, -27.488722], [-58.9585966, -27.4883402], [-58.9580512, -27.4878729], [-58.9581423, -27.4872027], [-58.9572697, -27.4864551], [-58.9568423, -27.4864631]], [[-59.0600852, -27.390085], [-59.0599896, -27.3905643], [-59.0597759, -27.3905683], [-59.0597938, -27.3913319], [-59.0607532, -27.3912185], [-59.0617215, -27.3914869], [-59.0618171, -27.3910076], [-59.0622356, -27.3906178], [-59.0622266, -27.390236], [-59.061463, -27.3895818], [-59.0610356, -27.3895898], [-59.0600852, -27.390085]], [[-58.9588253, -27.4844205], [-58.9584024, -27.4846194], [-58.9584159, -27.4851922], [-58.9591795, -27.4858463], [-58.9591929, -27.4864191], [-58.9588791, -27.4867114], [-58.958888, -27.4870933], [-58.9596561, -27.4879383], [-58.9600835, -27.4879304], [-58.9606065, -27.4874431], [-58.9605886, -27.4866794], [-58.9599341, -27.4861187], [-58.9599162, -27.4853551], [-58.9593618, -27.484506], [-58.9588253, -27.4844205]], [[-58.938291, -27.5021852], [-58.9381176, -27.5039073], [-58.9384493, -27.5043786], [-58.9390904, -27.5043666], [-58.9404637, -27.5036724], [-58.9401185, -27.5026284], [-58.9402187, -27.5023401], [-58.9406416, -27.5021412], [-58.9417145, -27.5023121], [-58.9418325, -27.5027874], [-58.9414096, -27.5029863], [-58.9414186, -27.5033681], [-58.9421687, -27.5034495], [-58.9425603, -27.5019143], [-58.942774, -27.5019103], [-58.942647, -27.5010532], [-58.9418924, -27.5007808], [-58.939869, -27.5011052], [-58.9391278, -27.5014055], [-58.938291, -27.5021852]], [[-59.0127669, -27.432607], [-59.0123395, -27.432615], [-59.0117208, -27.4335815], [-59.0114025, -27.433683], [-59.0114115, -27.4340648], [-59.0119524, -27.4343412], [-59.0119614, -27.434723], [-59.0123888, -27.434715], [-59.0132256, -27.4339354], [-59.0132077, -27.4331717], [-59.0127669, -27.432607]], [[-59.0533456, -27.394413], [-59.0534636, -27.3948883], [-59.054955, -27.3946694], [-59.054946, -27.3942876], [-59.0544051, -27.3940112], [-59.0539777, -27.3940192], [-59.0533456, -27.394413]], [[-59.0578571, -27.3907952], [-59.0584982, -27.3907832], [-59.0586985, -27.3902065], [-59.0595488, -27.3899996], [-59.0597356, -27.3888501], [-59.0588808, -27.3888661], [-59.0586761, -27.3892519], [-59.0578258, -27.3894589], [-59.0578571, -27.3907952]], [[-58.9557112, -27.4838103], [-58.9564792, -27.4846554], [-58.9569066, -27.4846474], [-58.9571113, -27.4842616], [-58.9582754, -27.4837623], [-58.9590077, -27.4830802], [-58.9589987, -27.4826983], [-58.9582307, -27.4818533], [-58.9578033, -27.4818613], [-58.9556977, -27.4832376], [-58.9557112, -27.4838103]], [[-59.0838104, -27.3625201], [-59.0838238, -27.3630928], [-59.084151, -27.3633732], [-59.0865016, -27.3633292], [-59.0886565, -27.3640528], [-59.0892063, -27.364711], [-59.0900745, -27.3652677], [-59.0900835, -27.3656496], [-59.0895515, -27.365755], [-59.0894558, -27.3662343], [-59.0902015, -27.3661248], [-59.0921292, -27.3662797], [-59.0917885, -27.3654267], [-59.0919754, -27.3642772], [-59.0918305, -27.3626565], [-59.0910714, -27.3621932], [-59.0893574, -27.3620343], [-59.0892662, -27.3627045], [-59.0888388, -27.3627125], [-59.0890346, -27.3619448], [-59.0882844, -27.3618634], [-59.0882889, -27.3620543], [-59.0879706, -27.3621557], [-59.0875388, -27.3619728], [-59.0865794, -27.3620863], [-59.0865839, -27.3622772], [-59.0853107, -27.362683], [-59.0838104, -27.3625201]], [[-58.9640395, -27.4742958], [-58.9645849, -27.4747631], [-58.9657579, -27.4746457], [-58.9682775, -27.4726886], [-58.968264, -27.4721159], [-58.9679368, -27.4718355], [-58.9672957, -27.4718475], [-58.9670955, -27.4724242], [-58.9653127, -27.47389], [-58.9642397, -27.4737191], [-58.9640395, -27.4742958]], [[-59.0541108, -27.3905788], [-59.0534698, -27.3905908], [-59.0532695, -27.3911676], [-59.0524282, -27.3917563], [-59.0525507, -27.3924225], [-59.0534189, -27.3929792], [-59.0539509, -27.3928737], [-59.0540376, -27.3920126], [-59.0547743, -27.3915214], [-59.0547653, -27.3911396], [-59.0541108, -27.3905788]], [[-59.019045, -27.4222714], [-59.0188671, -27.4238027], [-59.0191944, -27.424083], [-59.0201582, -27.4241605], [-59.0202494, -27.4234903], [-59.019704, -27.423023], [-59.0196861, -27.4222594], [-59.019045, -27.4222714]], [[-59.0044224, -27.4368695], [-59.0048497, -27.4368615], [-59.0049633, -27.4371459], [-59.0063769, -27.4381699], [-59.0074498, -27.4383408], [-59.0086184, -27.4380324], [-59.0094553, -27.4372528], [-59.009669, -27.4372488], [-59.0096735, -27.4374397], [-59.0109511, -27.4372248], [-59.0118971, -27.4365386], [-59.0116699, -27.4359699], [-59.0108152, -27.4359859], [-59.0103654, -27.4350393], [-59.009938, -27.4350473], [-59.0101652, -27.4356161], [-59.0094329, -27.4362982], [-59.0078414, -27.4368055], [-59.0073049, -27.43672], [-59.0071914, -27.4364357], [-59.0063411, -27.4366426], [-59.0055865, -27.4363702], [-59.0054595, -27.4355131], [-59.0045001, -27.4356266], [-59.0044224, -27.4368695]], [[-59.0270953, -27.4145765], [-59.0264811, -27.415734], [-59.02649, -27.4161158], [-59.0267037, -27.4161118], [-59.0268173, -27.4163961], [-59.0263899, -27.4164041], [-59.0263944, -27.4165951], [-59.0259715, -27.416794], [-59.0256711, -27.4176591], [-59.025148, -27.4181463], [-59.0249478, -27.418723], [-59.0255978, -27.4190929], [-59.0268441, -27.4175416], [-59.0272715, -27.4175336], [-59.0277034, -27.4177165], [-59.0277079, -27.4179074], [-59.0271759, -27.4180129], [-59.0261387, -27.4193692], [-59.0261611, -27.4203238], [-59.0256291, -27.4204292], [-59.0256381, -27.420811], [-59.0262792, -27.4207991], [-59.0273655, -27.4215427], [-59.0297206, -27.4216896], [-59.0305664, -27.4212918], [-59.0310894, -27.4208045], [-59.0310805, -27.4204227], [-59.0316125, -27.4203173], [-59.0316035, -27.4199354], [-59.0310671, -27.41985], [-59.0307129, -27.4184242], [-59.0290812, -27.4172132], [-59.0289631, -27.416738], [-59.0278992, -27.4169489], [-59.0270399, -27.416774], [-59.0277453, -27.4149463], [-59.0275227, -27.4145685], [-59.0270953, -27.4145765]], [[-59.0496949, -27.3937174], [-59.049272, -27.3939163], [-59.0492855, -27.394489], [-59.0496172, -27.3949603], [-59.0495305, -27.3958214], [-59.0502896, -27.3962846], [-59.0500026, -27.3977224], [-59.0511757, -27.397605], [-59.0509307, -27.3962726], [-59.0503718, -27.3952326], [-59.0501223, -27.3937094], [-59.0496949, -27.3937174]], [[-59.0215242, -27.4185961], [-59.0215421, -27.4193598], [-59.0232741, -27.4202823], [-59.0247654, -27.4200634], [-59.0250748, -27.4195801], [-59.0252885, -27.4195761], [-59.0247341, -27.418727], [-59.0234654, -27.4193238], [-59.0228243, -27.4193358], [-59.0220562, -27.4184907], [-59.0215242, -27.4185961]], [[-59.0117091, -27.4285204], [-59.0113818, -27.4282401], [-59.0109544, -27.4282481], [-59.0108543, -27.4285364], [-59.010013, -27.4291252], [-59.0099173, -27.4296044], [-59.0106675, -27.4296859], [-59.0110904, -27.429487], [-59.011718, -27.4289023], [-59.0117091, -27.4285204]], [[-59.0404447, -27.4003842], [-59.0399128, -27.4004897], [-59.0400397, -27.4013468], [-59.0397214, -27.4014482], [-59.0397304, -27.40183], [-59.0400576, -27.4021104], [-59.040485, -27.4021024], [-59.0410036, -27.4014242], [-59.0409902, -27.4008515], [-59.0404447, -27.4003842]], [[-59.0069704, -27.4315695], [-59.006543, -27.4315775], [-59.0064429, -27.4318659], [-59.0057017, -27.4321662], [-59.0057106, -27.432548], [-59.0052877, -27.4327469], [-59.0053056, -27.4335106], [-59.005733, -27.4335026], [-59.0058287, -27.4330233], [-59.0065788, -27.4331048], [-59.00667, -27.4324346], [-59.0069838, -27.4321422], [-59.0069704, -27.4315695]], [[-59.0117868, -27.4272775], [-59.010932, -27.4272935], [-59.0107318, -27.4278702], [-59.0116912, -27.4277568], [-59.0117868, -27.4272775]], [[-59.0405135, -27.3987595], [-59.0404224, -27.3994297], [-59.0406361, -27.3994257], [-59.0409678, -27.3998969], [-59.0420541, -27.4006406], [-59.0420631, -27.4010224], [-59.0428267, -27.4016766], [-59.0432541, -27.4016686], [-59.0431181, -27.4004297], [-59.0424636, -27.399869], [-59.0420362, -27.399877], [-59.0409409, -27.3987515], [-59.0405135, -27.3987595]], [[-59.0126567, -27.4233459], [-59.0126656, -27.4237277], [-59.0132155, -27.4243859], [-59.0134471, -27.4251455], [-59.0141973, -27.425227], [-59.0142017, -27.4254179], [-59.0155107, -27.4265394], [-59.0165926, -27.4270921], [-59.0179883, -27.4273525], [-59.0180885, -27.4270641], [-59.0190433, -27.4267597], [-59.0196665, -27.4259841], [-59.0193348, -27.4255128], [-59.0189074, -27.4255208], [-59.0180392, -27.4249641], [-59.0176118, -27.4249721], [-59.017298, -27.4252645], [-59.0166569, -27.4252765], [-59.0155616, -27.424151], [-59.0151342, -27.424159], [-59.014807, -27.4238786], [-59.014798, -27.4234968], [-59.013616, -27.4232324], [-59.0126567, -27.4233459]], [[-59.0173237, -27.4172423], [-59.0173371, -27.417815], [-59.0182053, -27.4183717], [-59.0186327, -27.4183637], [-59.01896, -27.4186441], [-59.0199193, -27.4185307], [-59.0201285, -27.4183358], [-59.0203243, -27.4175681], [-59.0200838, -27.4164267], [-59.0194338, -27.4160568], [-59.0190064, -27.4160648], [-59.018697, -27.4165481], [-59.0178557, -27.4171368], [-59.0173237, -27.4172423]], [[-58.9443377, -27.5275695], [-58.9458335, -27.5275415], [-58.9465702, -27.5270503], [-58.9475341, -27.5271277], [-58.94848, -27.5264416], [-58.9489986, -27.5257634], [-58.9551704, -27.5200136], [-58.9559206, -27.520095], [-58.9564705, -27.5207532], [-58.957648, -27.5208267], [-58.9582846, -27.5206238], [-58.958703, -27.520234], [-58.9588988, -27.5194663], [-58.9587494, -27.5176547], [-58.9589587, -27.5174598], [-58.9589407, -27.5166962], [-58.9596775, -27.5162049], [-58.9616605, -27.5141624], [-58.9612152, -27.5134067], [-58.9610016, -27.5134107], [-58.9607789, -27.5130329], [-58.9595835, -27.5121958], [-58.9595745, -27.511814], [-58.9599885, -27.5112333], [-58.9618804, -27.5098609], [-58.9621808, -27.5089958], [-58.9619447, -27.5080453], [-58.9620403, -27.507566], [-58.9627681, -27.5066929], [-58.9642595, -27.506474], [-58.9645867, -27.5067544], [-58.9650141, -27.5067464], [-58.9651142, -27.506458], [-58.9660602, -27.5057718], [-58.9657195, -27.5049187], [-58.9657016, -27.5041551], [-58.9653788, -27.5040656], [-58.9658884, -27.5030056], [-58.9671437, -27.5018362], [-58.9672394, -27.5013569], [-58.9695407, -27.4992129], [-58.9695363, -27.499022], [-58.9704822, -27.4983359], [-58.9705823, -27.4980475], [-58.9716284, -27.4970729], [-58.9718421, -27.497069], [-58.9742436, -27.4946366], [-58.9743303, -27.4937755], [-58.9746441, -27.4934831], [-58.9744858, -27.4912897], [-58.9741317, -27.4898639], [-58.9743364, -27.4894781], [-58.9744007, -27.4876624], [-58.9740735, -27.4873821], [-58.9738374, -27.4864315], [-58.9741557, -27.4863301], [-58.9741468, -27.4859482], [-58.9745741, -27.4859402], [-58.9749881, -27.4853595], [-58.9749791, -27.4849777], [-58.9745473, -27.4847948], [-58.9739974, -27.4841366], [-58.9734609, -27.4840511], [-58.9735879, -27.4849082], [-58.9739107, -27.4849977], [-58.9740242, -27.4852821], [-58.9735012, -27.4857693], [-58.9732098, -27.4870162], [-58.9732232, -27.487589], [-58.9735549, -27.4880602], [-58.9733726, -27.4894006], [-58.9735907, -27.4895875], [-58.9735398, -27.4919759], [-58.9737625, -27.4923537], [-58.9737849, -27.4933082], [-58.9735801, -27.4936941], [-58.9726387, -27.4945711], [-58.9726476, -27.494953], [-58.9723293, -27.4950544], [-58.9718152, -27.4959235], [-58.9712922, -27.4964108], [-58.9702327, -27.4968126], [-58.9689774, -27.497982], [-58.9687637, -27.497986], [-58.9678222, -27.4988631], [-58.967622, -27.4994398], [-58.9672992, -27.4993504], [-58.967368, -27.4977257], [-58.9670452, -27.4976362], [-58.9670363, -27.4972544], [-58.9662861, -27.4971729], [-58.9659723, -27.4974653], [-58.9654403, -27.4975707], [-58.9646035, -27.4983504], [-58.9646124, -27.4987322], [-58.9650532, -27.4992969], [-58.9656988, -27.4994758], [-58.9662487, -27.500134], [-58.966153, -27.5006133], [-58.9655254, -27.501198], [-58.9648843, -27.50121], [-58.9643613, -27.5016973], [-58.9642656, -27.5021765], [-58.9636245, -27.5021885], [-58.9632928, -27.5017173], [-58.961906, -27.5018387], [-58.9621511, -27.5031711], [-58.9623648, -27.5031671], [-58.9629147, -27.5038253], [-58.9627054, -27.5040202], [-58.9612096, -27.5040482], [-58.9608958, -27.5043405], [-58.9609047, -27.5047224], [-58.9613411, -27.5050962], [-58.9617685, -27.5050882], [-58.9612633, -27.5063391], [-58.9610496, -27.5063431], [-58.9610407, -27.5059613], [-58.9606043, -27.5055874], [-58.9605864, -27.5048238], [-58.9601591, -27.5048318], [-58.960168, -27.5052136], [-58.9599543, -27.5052176], [-58.9599454, -27.5048358], [-58.9595135, -27.5046529], [-58.9590861, -27.5046609], [-58.9586677, -27.5050507], [-58.9580266, -27.5050627], [-58.9582537, -27.5056314], [-58.957517, -27.5061227], [-58.9566533, -27.5057569], [-58.9566399, -27.5051841], [-58.9569582, -27.5050827], [-58.9570494, -27.5044125], [-58.9576859, -27.5042096], [-58.9583091, -27.503434], [-58.9582867, -27.5024794], [-58.9575097, -27.5012525], [-58.9568731, -27.5014554], [-58.9563277, -27.5009881], [-58.9563232, -27.5007972], [-58.9565369, -27.5007932], [-58.9564189, -27.500318], [-58.9557823, -27.5005209], [-58.9557733, -27.5001391], [-58.955987, -27.5001351], [-58.955869, -27.4996598], [-58.9548005, -27.4996798], [-58.9545689, -27.4989201], [-58.953496, -27.4987492], [-58.9534871, -27.4983674], [-58.9529416, -27.4979001], [-58.9529327, -27.4975183], [-58.9522871, -27.4973394], [-58.9522782, -27.4969576], [-58.9524919, -27.4969536], [-58.9523738, -27.4964783], [-58.9515191, -27.4964943], [-58.9507779, -27.4967947], [-58.9505731, -27.4971805], [-58.9501458, -27.4971885], [-58.9501368, -27.4968067], [-58.9506688, -27.4967012], [-58.9509468, -27.4948816], [-58.9501967, -27.4948001], [-58.9494554, -27.4951005], [-58.9497603, -27.4944263], [-58.9505015, -27.4941259], [-58.9504881, -27.4935532], [-58.9498291, -27.4928016], [-58.949188, -27.4928136], [-58.9488832, -27.4934878], [-58.9483512, -27.4935932], [-58.9482376, -27.4933088], [-58.9479148, -27.4932194], [-58.9478969, -27.4924557], [-58.9472559, -27.4924677], [-58.9463055, -27.492963], [-58.9463323, -27.4941085], [-58.9458093, -27.4945957], [-58.9452773, -27.4947012], [-58.9441909, -27.4939575], [-58.9439504, -27.4928161], [-58.9441506, -27.4922394], [-58.9440281, -27.4915732], [-58.9431734, -27.4915892], [-58.9428595, -27.4918815], [-58.9427639, -27.4923608], [-58.942341, -27.4925597], [-58.9416132, -27.4934328], [-58.9411858, -27.4934408], [-58.9407495, -27.493067], [-58.9408362, -27.4922059], [-58.9410499, -27.4922019], [-58.9410409, -27.4918201], [-58.9401727, -27.4912633], [-58.9394271, -27.4913728], [-58.9390998, -27.4910924], [-58.9383541, -27.4912019], [-58.9381494, -27.4915877], [-58.9369763, -27.4917051], [-58.9355985, -27.4922084], [-58.935603, -27.4923993], [-58.9344434, -27.4930895], [-58.9344479, -27.4932804], [-58.9332927, -27.4941615], [-58.9329833, -27.4946448], [-58.9316055, -27.495148], [-58.931619, -27.4957208], [-58.9318371, -27.4959077], [-58.933451, -27.4963549], [-58.9343192, -27.4969117], [-58.9344686, -27.4987233], [-58.9355326, -27.4985124], [-58.935942, -27.4977408], [-58.9367878, -27.497343], [-58.9368701, -27.496291], [-58.937825, -27.4959866], [-58.9381522, -27.496267], [-58.9380655, -27.4971281], [-58.939134, -27.4971081], [-58.9391743, -27.4988262], [-58.9405923, -27.5000412], [-58.9412379, -27.5002201], [-58.941879, -27.5002081], [-58.9426202, -27.4999077], [-58.9461723, -27.4964034], [-58.9467043, -27.4962979], [-58.9469225, -27.4964848], [-58.9469314, -27.4968666], [-58.9465085, -27.4970656], [-58.946513, -27.4972565], [-58.945981, -27.4973619], [-58.9458943, -27.498223], [-58.9461125, -27.4984099], [-58.9461259, -27.4989826], [-58.945712, -27.4995634], [-58.9457299, -27.500327], [-58.9469074, -27.5004005], [-58.9474483, -27.5006768], [-58.9474528, -27.5008677], [-58.9461975, -27.5020372], [-58.945552, -27.5018583], [-58.9451291, -27.5020572], [-58.9449288, -27.5026339], [-58.9447151, -27.5026379], [-58.9449422, -27.5032066], [-58.9446329, -27.5036899], [-58.9451917, -27.5047299], [-58.9452097, -27.5054935], [-58.9449003, -27.5059768], [-58.9449585, -27.5084586], [-58.9474674, -27.5106081], [-58.9476811, -27.5106041], [-58.9491037, -27.5120099], [-58.9493174, -27.5120059], [-58.9494354, -27.5124812], [-58.9492351, -27.5130579], [-58.9496715, -27.5134317], [-58.9495803, -27.5141019], [-58.949912, -27.5145732], [-58.9503646, -27.520199], [-58.9500508, -27.5204914], [-58.9489868, -27.5207023], [-58.9444993, -27.5207863], [-58.9437626, -27.5212775], [-58.9432485, -27.5221466], [-58.9411563, -27.5240957], [-58.9410652, -27.5247659], [-58.9443377, -27.5275695]], [[-59.0005462, -27.4311167], [-59.0015146, -27.4313851], [-59.0032107, -27.4307804], [-59.0041521, -27.4299033], [-59.004457, -27.4292291], [-59.0040251, -27.4290462], [-59.0030837, -27.4299233], [-59.0018105, -27.4303291], [-59.0008466, -27.4302517], [-59.0005328, -27.430544], [-59.0005462, -27.4311167]], [[-59.0098294, -27.4212979], [-59.0095156, -27.4215902], [-59.009529, -27.422163], [-59.0100655, -27.4222484], [-59.0106109, -27.4227157], [-59.0110383, -27.4227077], [-59.0111295, -27.4220375], [-59.0105796, -27.4213793], [-59.0098294, -27.4212979]], [[-59.0582028, -27.3781832], [-59.0577664, -27.3778094], [-59.0573391, -27.3778174], [-59.056689, -27.3774476], [-59.0562617, -27.3774556], [-59.0556295, -27.3778494], [-59.0553291, -27.3787145], [-59.0550108, -27.3788159], [-59.0548061, -27.3792017], [-59.0548464, -27.3809199], [-59.0562331, -27.3807985], [-59.0572926, -27.3803967], [-59.0573928, -27.3801083], [-59.0579203, -27.3798119], [-59.0582207, -27.3789469], [-59.0582028, -27.3781832]], [[-58.9997558, -27.4293171], [-58.99956, -27.4300847], [-58.9998873, -27.4303651], [-59.0003147, -27.4303571], [-59.0007331, -27.4299673], [-59.0007241, -27.4295855], [-58.9997558, -27.4293171]], [[-59.0125179, -27.4174277], [-59.0118903, -27.4180124], [-59.0120128, -27.4186786], [-59.0125537, -27.418955], [-59.0131948, -27.418943], [-59.0133995, -27.4185572], [-59.0140406, -27.4185452], [-59.0141586, -27.4190205], [-59.0139539, -27.4194063], [-59.0143857, -27.4195892], [-59.015405, -27.4174692], [-59.0149776, -27.4174772], [-59.0140316, -27.4181634], [-59.0135998, -27.4179804], [-59.013159, -27.4174157], [-59.0125179, -27.4174277]], [[-58.9323976, -27.4924593], [-58.9309018, -27.4924873], [-58.9309152, -27.49306], [-58.9311289, -27.493056], [-58.9311334, -27.4932469], [-58.9306148, -27.4939251], [-58.9298781, -27.4944164], [-58.9299962, -27.4948917], [-58.9303234, -27.495172], [-58.9305371, -27.495168], [-58.9308464, -27.4946848], [-58.9325246, -27.4933164], [-58.9326203, -27.4928371], [-58.9323976, -27.4924593]], [[-58.9687697, -27.4572089], [-58.968801, -27.4585453], [-58.9695556, -27.4588177], [-58.9696781, -27.4594839], [-58.9702101, -27.4593784], [-58.9702924, -27.4583264], [-58.9699606, -27.4578551], [-58.9699472, -27.4572824], [-58.9695153, -27.4570995], [-58.9687697, -27.4572089]], [[-58.9721126, -27.4538995], [-58.9727761, -27.4548421], [-58.9736308, -27.4548261], [-58.9732946, -27.4541639], [-58.9726446, -27.4537941], [-58.9721126, -27.4538995]], [[-59.0570672, -27.3753396], [-59.0566398, -27.3753476], [-59.0560077, -27.3757414], [-59.0558208, -27.3768908], [-59.0567802, -27.3767774], [-59.0571852, -27.3758149], [-59.0570672, -27.3753396]], [[-59.0148925, -27.4138499], [-59.0150195, -27.414707], [-59.0157786, -27.4151703], [-59.0159923, -27.4151663], [-59.0160925, -27.4148779], [-59.0165198, -27.4148699], [-59.01662, -27.4145816], [-59.0176884, -27.4145616], [-59.0181113, -27.4143627], [-59.0192889, -27.4144361], [-59.0197118, -27.4142372], [-59.0195848, -27.4133801], [-59.0189437, -27.4133921], [-59.0187211, -27.4130143], [-59.0181846, -27.4129288], [-59.0176347, -27.4122707], [-59.0163526, -27.4122946], [-59.0158519, -27.4137365], [-59.0148925, -27.4138499]], [[-58.9458428, -27.4777877], [-58.9461834, -27.4786408], [-58.9471652, -27.4794819], [-58.9482381, -27.4796528], [-58.9488881, -27.4800227], [-58.9508158, -27.4801776], [-58.9520845, -27.4795809], [-58.9523939, -27.4790976], [-58.9529259, -27.4789921], [-58.9530171, -27.478322], [-58.9526943, -27.4782325], [-58.9524716, -27.4778547], [-58.9520443, -27.4778627], [-58.9520398, -27.4776718], [-58.9518261, -27.4776758], [-58.9515167, -27.478159], [-58.9504572, -27.4785609], [-58.9497071, -27.4784794], [-58.9483981, -27.4773579], [-58.9462657, -27.4775888], [-58.9458428, -27.4777877]], [[-58.9955268, -27.4313062], [-58.9955357, -27.431688], [-58.9959765, -27.4322527], [-58.996513, -27.4323382], [-58.9964995, -27.4317655], [-58.9959541, -27.4312982], [-58.9955268, -27.4313062]], [[-59.0096353, -27.4175772], [-59.0098893, -27.4192913], [-59.0102121, -27.4193808], [-59.010221, -27.4197626], [-59.0106573, -27.4201364], [-59.0108845, -27.4207052], [-59.0116481, -27.4213593], [-59.0121845, -27.4214448], [-59.0126208, -27.4218186], [-59.0126298, -27.4222004], [-59.0130572, -27.4221924], [-59.0131528, -27.4217132], [-59.0134711, -27.4216117], [-59.0139807, -27.4205517], [-59.0135489, -27.4203688], [-59.0129212, -27.4209535], [-59.0118483, -27.4207826], [-59.0120396, -27.4198241], [-59.0117124, -27.4195437], [-59.0110713, -27.4195557], [-59.010744, -27.4192753], [-59.0102988, -27.4185197], [-59.0100582, -27.4173782], [-59.0096353, -27.4175772]], [[-58.9923438, -27.4323207], [-58.9923527, -27.4327025], [-58.9927846, -27.4328854], [-58.9927935, -27.4332673], [-58.9923662, -27.4332753], [-58.9924931, -27.4341323], [-58.9931297, -27.4339294], [-58.9931342, -27.4341203], [-58.9929205, -27.4341243], [-58.9930475, -27.4349814], [-58.9937977, -27.4350629], [-58.9937932, -27.434872], [-58.9941115, -27.4347705], [-58.9946524, -27.4350469], [-58.995289, -27.434844], [-58.9955161, -27.4354127], [-58.9964755, -27.4352993], [-58.9973348, -27.4354742], [-58.9978623, -27.4351778], [-59.0001038, -27.4350404], [-59.0005222, -27.4346506], [-59.0005133, -27.4342687], [-59.000186, -27.4339884], [-59.0001726, -27.4334157], [-58.9997452, -27.4334236], [-58.9996451, -27.433712], [-58.9992132, -27.4335291], [-58.9972945, -27.433756], [-58.9971809, -27.4334716], [-58.9967535, -27.4334796], [-58.9957673, -27.4324476], [-58.9953399, -27.4324556], [-58.9952398, -27.432744], [-58.9947123, -27.4330404], [-58.9946765, -27.4315131], [-58.9939263, -27.4314316], [-58.9939397, -27.4320043], [-58.993726, -27.4320083], [-58.9937305, -27.4321993], [-58.9929804, -27.4321178], [-58.9923438, -27.4323207]], [[-59.0548989, -27.3740432], [-59.0549079, -27.374425], [-59.0554488, -27.3747014], [-59.0554578, -27.3750832], [-59.0562035, -27.3749738], [-59.0561945, -27.3745919], [-59.0557537, -27.3740272], [-59.0548989, -27.3740432]], [[-59.0096952, -27.4155706], [-59.0095038, -27.4165292], [-59.0101404, -27.4163262], [-59.010127, -27.4157535], [-59.0096952, -27.4155706]], [[-58.9485357, -27.4741085], [-58.9497311, -27.4749456], [-58.9503767, -27.4751245], [-58.9507039, -27.4754049], [-58.9507129, -27.4757867], [-58.9511403, -27.4757787], [-58.9512359, -27.4752994], [-58.9533683, -27.4750685], [-58.9542007, -27.474098], [-58.9553872, -27.4745532], [-58.9553917, -27.4747442], [-58.955178, -27.4747482], [-58.955296, -27.4752234], [-58.9557234, -27.4752154], [-58.9557145, -27.4748336], [-58.9563555, -27.4748216], [-58.9570967, -27.4745213], [-58.9577378, -27.4745093], [-58.9577512, -27.475082], [-58.9581786, -27.475074], [-58.9581607, -27.4743103], [-58.9585881, -27.4743023], [-58.9592202, -27.4739085], [-58.9602663, -27.472934], [-58.9604621, -27.4721664], [-58.9611032, -27.4721544], [-58.960876, -27.4715856], [-58.9611899, -27.4712933], [-58.9618309, -27.4712813], [-58.961822, -27.4708995], [-58.9611809, -27.4709115], [-58.960631, -27.4702533], [-58.9600901, -27.4699769], [-58.9596448, -27.4692213], [-58.9594311, -27.4692253], [-58.9586988, -27.4699074], [-58.9588169, -27.4703827], [-58.9592532, -27.4707565], [-58.9592622, -27.4711384], [-58.9588348, -27.4711464], [-58.9584343, -27.4722998], [-58.9564154, -27.4728151], [-58.9561016, -27.4731074], [-58.9552468, -27.4731234], [-58.9547193, -27.4734198], [-58.9543965, -27.4733303], [-58.954283, -27.473046], [-58.9551377, -27.47303], [-58.9551288, -27.4726482], [-58.9549061, -27.4722703], [-58.9544787, -27.4722783], [-58.9543607, -27.4718031], [-58.9532699, -27.4708685], [-58.952188, -27.4703158], [-58.9513332, -27.4703318], [-58.9513377, -27.4705227], [-58.9509058, -27.4703398], [-58.9504829, -27.4705387], [-58.9503873, -27.4710179], [-58.9519189, -27.4725172], [-58.9519458, -27.4736627], [-58.951632, -27.473955], [-58.9509909, -27.473967], [-58.9493725, -27.4733289], [-58.9489452, -27.4733368], [-58.9486313, -27.4736292], [-58.9485357, -27.4741085]], [[-58.9946227, -27.4292222], [-58.9946317, -27.429604], [-58.9955911, -27.4294905], [-58.99625, -27.4302422], [-58.9968911, -27.4302302], [-58.9972228, -27.4307015], [-58.998505, -27.4306775], [-58.998387, -27.4302022], [-58.9986006, -27.4301982], [-58.9987964, -27.4294306], [-58.9996512, -27.4294146], [-58.9996422, -27.4290327], [-58.9991058, -27.4289473], [-58.9990879, -27.4281836], [-58.9987606, -27.4279033], [-58.9987517, -27.4275215], [-58.9983243, -27.4275295], [-58.9982465, -27.4287724], [-58.9979327, -27.4290647], [-58.9983735, -27.4296295], [-58.9978371, -27.429544], [-58.9975232, -27.4298364], [-58.9973096, -27.4298404], [-58.9973051, -27.4296495], [-58.996664, -27.4296615], [-58.9962277, -27.4292876], [-58.9962187, -27.4289058], [-58.9946227, -27.4292222]], [[-59.0471356, -27.3803003], [-59.0466215, -27.3811693], [-59.0461986, -27.3813683], [-59.0461388, -27.3833748], [-59.0478841, -27.3848701], [-59.0483115, -27.3848621], [-59.0485162, -27.3844763], [-59.0484983, -27.3837126], [-59.0481711, -27.3834323], [-59.0483624, -27.3824737], [-59.0480307, -27.3820024], [-59.048213, -27.3806621], [-59.0477767, -27.3802883], [-59.0471356, -27.3803003]], [[-59.0107233, -27.4138324], [-59.0109594, -27.414783], [-59.0124508, -27.4145641], [-59.0132966, -27.4141663], [-59.0132876, -27.4137844], [-59.0129648, -27.413695], [-59.0107233, -27.4138324]], [[-59.0506788, -27.3764141], [-59.0505832, -27.3768934], [-59.0503695, -27.3768974], [-59.0503829, -27.3774701], [-59.0514782, -27.3785956], [-59.0515963, -27.3790708], [-59.0520237, -27.3790628], [-59.0521193, -27.3785836], [-59.0526513, -27.3784781], [-59.0526423, -27.3780963], [-59.0519789, -27.3771537], [-59.0521702, -27.3761952], [-59.0506788, -27.3764141]], [[-59.0564278, -27.3708632], [-59.0567505, -27.3709527], [-59.0568775, -27.3718098], [-59.0573049, -27.3718018], [-59.057405, -27.3715134], [-59.0579326, -27.371217], [-59.0585826, -27.3715869], [-59.0584869, -27.3720661], [-59.0570957, -27.3719967], [-59.0571091, -27.3725694], [-59.0573273, -27.3727563], [-59.0581821, -27.3727403], [-59.058309, -27.3735974], [-59.0592729, -27.3736749], [-59.0602188, -27.3729887], [-59.0605192, -27.3721236], [-59.0609421, -27.3719247], [-59.0607105, -27.3711651], [-59.0616699, -27.3710516], [-59.0614428, -27.3704829], [-59.0616431, -27.3699061], [-59.0620704, -27.3698981], [-59.0625068, -27.370272], [-59.0629341, -27.370264], [-59.0631389, -27.3698782], [-59.0635663, -27.3698702], [-59.0636798, -27.3701545], [-59.0645346, -27.3701385], [-59.0655074, -27.3705978], [-59.0659348, -27.3705898], [-59.0661261, -27.3696313], [-59.065367, -27.369168], [-59.0654582, -27.3684978], [-59.0645033, -27.3688022], [-59.0644943, -27.3684203], [-59.0651264, -27.3680265], [-59.0650951, -27.3666902], [-59.0645542, -27.3664138], [-59.0642179, -27.3657516], [-59.063677, -27.3654752], [-59.0629313, -27.3655847], [-59.0619943, -27.3666527], [-59.0619121, -27.3677047], [-59.0612755, -27.3679076], [-59.0609796, -27.3689636], [-59.0606613, -27.3690651], [-59.0601427, -27.3697432], [-59.0601517, -27.370125], [-59.060588, -27.3704989], [-59.0604924, -27.3709781], [-59.0599604, -27.3710836], [-59.059415, -27.3706163], [-59.0589876, -27.3706243], [-59.0586603, -27.370344], [-59.0586514, -27.3699621], [-59.0574828, -27.3702705], [-59.0572602, -27.3698927], [-59.0568328, -27.3699007], [-59.0564143, -27.3702905], [-59.0564278, -27.3708632]], [[-59.0084863, -27.4141608], [-59.0083906, -27.4146401], [-59.0091497, -27.4151033], [-59.0092678, -27.4155786], [-59.0096952, -27.4155706], [-59.009882, -27.4144212], [-59.0084863, -27.4141608]], [[-59.0146626, -27.4086019], [-59.0140305, -27.4089957], [-59.0140439, -27.4095685], [-59.0142665, -27.4099463], [-59.0152304, -27.4100237], [-59.0153216, -27.4093535], [-59.0151034, -27.4091666], [-59.01509, -27.4085939], [-59.0146626, -27.4086019]], [[-58.953267, -27.4661892], [-58.9526215, -27.4660103], [-58.9524123, -27.4662052], [-58.9524257, -27.466778], [-58.9530668, -27.466766], [-58.953267, -27.4661892]], [[-58.9542997, -27.464642], [-58.9547316, -27.4648249], [-58.9583732, -27.4651387], [-58.9587005, -27.4654191], [-58.9591279, -27.4654111], [-58.9615232, -27.4672762], [-58.9626963, -27.4671587], [-58.9628966, -27.466582], [-58.9636378, -27.4662816], [-58.9643012, -27.4672242], [-58.9654832, -27.4674886], [-58.9657747, -27.4662417], [-58.9654474, -27.4659613], [-58.9653249, -27.4652951], [-58.9645658, -27.4648318], [-58.9641205, -27.4640762], [-58.9647437, -27.4633006], [-58.9648349, -27.4626304], [-58.9658854, -27.4618468], [-58.9673857, -27.4620097], [-58.9679267, -27.462286], [-58.9689906, -27.4620751], [-58.9699321, -27.461198], [-58.9699232, -27.4608162], [-58.9693912, -27.4609217], [-58.9690773, -27.461214], [-58.9683227, -27.4609417], [-58.9682914, -27.4596053], [-58.9673874, -27.4575213], [-58.9655374, -27.4561235], [-58.9643554, -27.4558591], [-58.9643599, -27.45605], [-58.9636232, -27.4565413], [-58.9636321, -27.4569231], [-58.9641775, -27.4573904], [-58.9651459, -27.4576587], [-58.9657047, -27.4586988], [-58.9662501, -27.459166], [-58.9662636, -27.4597388], [-58.9660499, -27.4597428], [-58.9659497, -27.4600311], [-58.9648992, -27.4608147], [-58.9633077, -27.461322], [-58.9629027, -27.4622846], [-58.9631388, -27.4632351], [-58.9629251, -27.4632391], [-58.9627293, -27.4640067], [-58.9618969, -27.4649773], [-58.9611468, -27.4648958], [-58.9594104, -27.4637824], [-58.958442, -27.463514], [-58.957801, -27.463526], [-58.9571644, -27.4637289], [-58.9571689, -27.4639198], [-58.9566279, -27.4636434], [-58.9543909, -27.4639718], [-58.9542997, -27.464642]], [[-58.9855773, -27.4355032], [-58.9863364, -27.4359665], [-58.9864544, -27.4364418], [-58.9868818, -27.4364338], [-58.987091, -27.4362389], [-58.9870776, -27.4356661], [-58.9876096, -27.4355607], [-58.9880235, -27.43498], [-58.9884509, -27.434972], [-58.988442, -27.4345901], [-58.9880146, -27.4345981], [-58.9880056, -27.4342163], [-58.9871464, -27.4340414], [-58.9866189, -27.4343378], [-58.9865187, -27.4346261], [-58.9857731, -27.4347356], [-58.9857775, -27.4349265], [-58.9855639, -27.4349305], [-58.9855773, -27.4355032]], [[-59.0192653, -27.4043139], [-59.0205564, -27.4046718], [-59.0205609, -27.4048627], [-59.0200289, -27.4049681], [-59.0201469, -27.4054434], [-59.0214246, -27.4052285], [-59.02197, -27.4056958], [-59.0229339, -27.4057732], [-59.0232611, -27.4060536], [-59.0232745, -27.4066263], [-59.0245835, -27.4077478], [-59.0252246, -27.4077358], [-59.0284926, -27.4103485], [-59.02892, -27.4103405], [-59.0286795, -27.4091991], [-59.0292803, -27.4074689], [-59.0298123, -27.4073634], [-59.0302531, -27.4079282], [-59.031326, -27.4080991], [-59.0326037, -27.4078842], [-59.0332626, -27.4086358], [-59.0346494, -27.4085144], [-59.0356043, -27.40821], [-59.0371868, -27.4073209], [-59.037523, -27.4079831], [-59.0385003, -27.4086333], [-59.0388365, -27.4092955], [-59.0409046, -27.4108802], [-59.0421957, -27.411238], [-59.0442235, -27.4111046], [-59.0447511, -27.4108082], [-59.0450604, -27.410325], [-59.0451471, -27.4094639], [-59.0449334, -27.4094679], [-59.0449289, -27.409277], [-59.0436557, -27.4096828], [-59.0428144, -27.4102715], [-59.0411004, -27.4101126], [-59.0410959, -27.4099217], [-59.0403368, -27.4094584], [-59.0403323, -27.4092675], [-59.0392415, -27.4083329], [-59.0387828, -27.4070046], [-59.0377054, -27.4066427], [-59.0385243, -27.4050995], [-59.0388113, -27.4036617], [-59.037716, -27.4025362], [-59.0369614, -27.4022638], [-59.0363069, -27.4017031], [-59.034811, -27.4017311], [-59.0344972, -27.4020235], [-59.0342013, -27.4030795], [-59.0354012, -27.4041075], [-59.0372153, -27.403978], [-59.0378654, -27.4043478], [-59.0378698, -27.4045387], [-59.0364232, -27.4066667], [-59.0351635, -27.4076453], [-59.032922, -27.4077827], [-59.032913, -27.4074009], [-59.031849, -27.4076118], [-59.0309808, -27.4070551], [-59.0305535, -27.4070631], [-59.0301127, -27.4064983], [-59.0303129, -27.4059216], [-59.0321315, -27.4059831], [-59.0327592, -27.4053984], [-59.0328503, -27.4047282], [-59.0322093, -27.4047402], [-59.0316683, -27.4044638], [-59.0316594, -27.404082], [-59.0329102, -27.4027216], [-59.0328923, -27.401958], [-59.0323424, -27.4012998], [-59.0311649, -27.4012264], [-59.030742, -27.4014253], [-59.0298005, -27.4023023], [-59.0296002, -27.4028791], [-59.0291728, -27.4028871], [-59.0282957, -27.4019485], [-59.0278683, -27.4019565], [-59.0276636, -27.4023423], [-59.0271316, -27.4024478], [-59.0270958, -27.4009205], [-59.0267685, -27.4006402], [-59.0267596, -27.4002583], [-59.026114, -27.4000794], [-59.0250277, -27.3993358], [-59.0240683, -27.3994492], [-59.0240773, -27.399831], [-59.0247228, -27.40001], [-59.0254864, -27.4006641], [-59.0255132, -27.4018096], [-59.0249813, -27.4019151], [-59.0245404, -27.4013503], [-59.0235676, -27.400891], [-59.0221764, -27.4008216], [-59.0216534, -27.4013089], [-59.0215846, -27.4029336], [-59.0208479, -27.4034249], [-59.0208658, -27.4041885], [-59.0204429, -27.4043874], [-59.0204384, -27.4041965], [-59.020011, -27.4042045], [-59.0197884, -27.4038267], [-59.019361, -27.4038347], [-59.0192653, -27.4043139]], [[-59.0352523, -27.3886398], [-59.0346247, -27.3892246], [-59.0346381, -27.3897973], [-59.0349698, -27.3902686], [-59.035838, -27.3908253], [-59.0362654, -27.3908173], [-59.0362609, -27.3906264], [-59.0366838, -27.3904275], [-59.0365479, -27.3891886], [-59.0361071, -27.3886238], [-59.0352523, -27.3886398]], [[-58.9881701, -27.4321123], [-58.9877472, -27.4323112], [-58.9876784, -27.433936], [-58.9882059, -27.4336396], [-58.9882971, -27.4329694], [-58.9888291, -27.432864], [-58.9888201, -27.4324821], [-58.9883927, -27.4324901], [-58.9881701, -27.4321123]], [[-58.9894119, -27.4303701], [-58.9887753, -27.4305731], [-58.9882568, -27.4312512], [-58.9886886, -27.4314341], [-58.9894209, -27.430752], [-58.9894119, -27.4303701]], [[-58.9368812, -27.4785284], [-58.9371083, -27.4790972], [-58.9376537, -27.4795644], [-58.9376627, -27.4799462], [-58.938099, -27.4803201], [-58.9386623, -27.481551], [-58.9398533, -27.4821972], [-58.9416808, -27.4826404], [-58.9433814, -27.4822266], [-58.9447413, -27.4809597], [-58.9450462, -27.4802856], [-58.9450104, -27.4787583], [-58.943274, -27.4776448], [-58.9413508, -27.4776808], [-58.9411416, -27.4778757], [-58.9411684, -27.4790212], [-58.9403316, -27.4798008], [-58.9399042, -27.4798088], [-58.9393588, -27.4793415], [-58.938791, -27.4779197], [-58.9382455, -27.4774524], [-58.9376045, -27.4774644], [-58.9374042, -27.4780412], [-58.9368812, -27.4785284]], [[-58.9321604, -27.4823411], [-58.9315372, -27.4831168], [-58.9318913, -27.4845426], [-58.9321095, -27.4847295], [-58.9319048, -27.4851153], [-58.9321274, -27.4854931], [-58.9326684, -27.4857695], [-58.9336054, -27.4847015], [-58.9335874, -27.4839379], [-58.932806, -27.48252], [-58.9321604, -27.4823411]], [[-59.0114483, -27.4082801], [-59.0114528, -27.408471], [-59.0117755, -27.4085604], [-59.0123987, -27.4077848], [-59.0126124, -27.4077808], [-59.0126213, -27.4081626], [-59.012835, -27.4081586], [-59.0135718, -27.4076674], [-59.0167726, -27.4074165], [-59.0171955, -27.4072176], [-59.0184777, -27.4071936], [-59.0185957, -27.4076688], [-59.0190231, -27.4076608], [-59.0191232, -27.4073725], [-59.0194415, -27.407271], [-59.0214828, -27.4077103], [-59.0220327, -27.4083685], [-59.0220461, -27.4089412], [-59.0217412, -27.4096154], [-59.0212048, -27.4095299], [-59.0207864, -27.4099198], [-59.0183311, -27.4100612], [-59.0175944, -27.4105525], [-59.015453, -27.4104015], [-59.0154441, -27.4100197], [-59.0150167, -27.4100277], [-59.0150257, -27.4104095], [-59.0134207, -27.4103441], [-59.0132115, -27.410539], [-59.0134342, -27.4109168], [-59.0140797, -27.4110957], [-59.0174988, -27.4110317], [-59.0179217, -27.4108328], [-59.0179261, -27.4110237], [-59.020486, -27.4107848], [-59.0219684, -27.4101841], [-59.0220909, -27.4108503], [-59.021668, -27.4110492], [-59.0218951, -27.4116179], [-59.0213944, -27.4130598], [-59.0205576, -27.4138394], [-59.0203618, -27.414607], [-59.0204843, -27.4152732], [-59.0209162, -27.4154561], [-59.0209341, -27.4162198], [-59.0211567, -27.4165976], [-59.0216977, -27.4168739], [-59.0224433, -27.4167645], [-59.022539, -27.4162852], [-59.0230665, -27.4159889], [-59.0237076, -27.4159769], [-59.0238032, -27.4154976], [-59.0235895, -27.4155016], [-59.0235851, -27.4153107], [-59.0240035, -27.4149209], [-59.0247536, -27.4150023], [-59.0260045, -27.413642], [-59.025991, -27.4130692], [-59.0254546, -27.4129838], [-59.0245041, -27.413479], [-59.0243039, -27.4140558], [-59.0240902, -27.4140598], [-59.0238855, -27.4144456], [-59.022403, -27.4150463], [-59.0218666, -27.4149609], [-59.0218442, -27.4140063], [-59.0216305, -27.4140103], [-59.021626, -27.4138194], [-59.0228679, -27.4120772], [-59.0229591, -27.411407], [-59.0231728, -27.411403], [-59.0233551, -27.4100627], [-59.0222777, -27.4097009], [-59.0222732, -27.4095099], [-59.0226961, -27.409311], [-59.0228964, -27.4087343], [-59.0228785, -27.4079707], [-59.0224243, -27.4068332], [-59.0219879, -27.4064594], [-59.0208104, -27.4063859], [-59.0206879, -27.4057198], [-59.0190919, -27.4060361], [-59.0191009, -27.4064179], [-59.0186735, -27.4064259], [-59.018669, -27.406235], [-59.0190919, -27.4060361], [-59.0190874, -27.4058452], [-59.0187647, -27.4057557], [-59.0182371, -27.4060521], [-59.0173779, -27.4058772], [-59.0159956, -27.4061896], [-59.0159, -27.4066688], [-59.0128126, -27.4072041], [-59.0114483, -27.4082801]], [[-58.9647979, -27.4519355], [-58.9639476, -27.4521424], [-58.9621693, -27.4537991], [-58.9621782, -27.4541809], [-58.9629284, -27.4542624], [-58.9648113, -27.4525082], [-58.9647979, -27.4519355]], [[-58.9318242, -27.4816789], [-58.9311876, -27.4818819], [-58.9314147, -27.4824506], [-58.9320468, -27.4820568], [-58.9318242, -27.4816789]], [[-59.0488798, -27.3726279], [-59.0484524, -27.3726359], [-59.0484703, -27.3733995], [-59.0480519, -27.3737894], [-59.0478516, -27.3743661], [-59.0474287, -27.374565], [-59.0475468, -27.3750403], [-59.0482969, -27.3751217], [-59.048397, -27.3748334], [-59.0496568, -27.3738548], [-59.0496479, -27.373473], [-59.0488887, -27.3730097], [-59.0488798, -27.3726279]], [[-59.0488798, -27.3726279], [-59.050153, -27.3722221], [-59.0505026, -27.373457], [-59.0507208, -27.3736439], [-59.0514665, -27.3735345], [-59.0514351, -27.3721981], [-59.0520628, -27.3716134], [-59.0525948, -27.3715079], [-59.0533315, -27.3710167], [-59.0534048, -27.3695828], [-59.0520135, -27.3695134], [-59.0515906, -27.3697123], [-59.0511767, -27.370293], [-59.0506492, -27.3705894], [-59.0504534, -27.371357], [-59.0495986, -27.371373], [-59.049503, -27.3718523], [-59.048971, -27.3719577], [-59.0488798, -27.3726279]], [[-59.0288908, -27.3908598], [-59.0281452, -27.3909693], [-59.0279449, -27.391546], [-59.0284814, -27.3916314], [-59.0288998, -27.3912416], [-59.0288908, -27.3908598]], [[-58.9653808, -27.4494417], [-58.9649534, -27.4494497], [-58.9647621, -27.4504082], [-58.9652896, -27.4501118], [-58.9653808, -27.4494417]], [[-59.0382742, -27.3807526], [-59.0386014, -27.3810329], [-59.0394562, -27.3810169], [-59.0399747, -27.3803388], [-59.0416798, -27.3801159], [-59.0420937, -27.3795351], [-59.0427259, -27.3791413], [-59.0427169, -27.3787595], [-59.0423897, -27.3784791], [-59.0415349, -27.3784951], [-59.0415394, -27.378686], [-59.0409028, -27.378889], [-59.0384431, -27.3788395], [-59.0384655, -27.379794], [-59.0381472, -27.3798955], [-59.0382742, -27.3807526]], [[-58.9430513, -27.477267], [-58.9444426, -27.4773365], [-58.9455021, -27.4769346], [-58.945916, -27.4763539], [-58.9467574, -27.4757652], [-58.9474717, -27.4743194], [-58.9483265, -27.4743034], [-58.9481995, -27.4734463], [-58.947663, -27.4733608], [-58.9477273, -27.4715452], [-58.9473777, -27.4703103], [-58.946387, -27.4690874], [-58.9453829, -27.4672917], [-58.9453694, -27.466719], [-58.9459014, -27.4666136], [-58.9458925, -27.4662317], [-58.9454651, -27.4662397], [-58.9456609, -27.4654721], [-58.9465022, -27.4648834], [-58.9467159, -27.4648794], [-58.9468295, -27.4651637], [-58.9472569, -27.4651558], [-58.9472479, -27.4647739], [-58.94788, -27.4643801], [-58.9478621, -27.4636165], [-58.9470073, -27.4636325], [-58.9459478, -27.4640343], [-58.94376, -27.4664626], [-58.9441231, -27.4682703], [-58.9453275, -27.4694892], [-58.9465722, -27.4724263], [-58.9465901, -27.4731899], [-58.9458847, -27.4750176], [-58.9450478, -27.4757972], [-58.9444068, -27.4758092], [-58.9436521, -27.4755368], [-58.9424522, -27.4745088], [-58.9420248, -27.4745168], [-58.9416976, -27.4742364], [-58.9407891, -27.4719615], [-58.9407757, -27.4713888], [-58.9400076, -27.4705437], [-58.9397805, -27.469975], [-58.9391439, -27.4701779], [-58.9387255, -27.4705677], [-58.9386298, -27.471047], [-58.9388569, -27.4716157], [-58.939625, -27.4724608], [-58.9399701, -27.4735048], [-58.9402974, -27.4737852], [-58.9404378, -27.475215], [-58.9430513, -27.477267]], [[-58.9484539, -27.4615045], [-58.9485675, -27.4617888], [-58.9497585, -27.462435], [-58.9500902, -27.4629063], [-58.9511766, -27.46365], [-58.9503995, -27.462423], [-58.9494178, -27.4615819], [-58.9489859, -27.461399], [-58.9484539, -27.4615045]], [[-59.0357966, -27.3799395], [-59.0350643, -27.3806217], [-59.0349955, -27.3822464], [-59.0345726, -27.3824453], [-59.0345816, -27.3828271], [-59.0353496, -27.3836722], [-59.0359997, -27.384042], [-59.036427, -27.384034], [-59.0363001, -27.3831769], [-59.0370368, -27.3826857], [-59.0371324, -27.3822064], [-59.0374507, -27.3821049], [-59.0376555, -27.3817191], [-59.0376465, -27.3813373], [-59.0367739, -27.3805897], [-59.0365467, -27.3800209], [-59.0357966, -27.3799395]], [[-59.0040447, -27.4253215], [-59.0048038, -27.4257848], [-59.0064043, -27.4256593], [-59.0065956, -27.4247008], [-59.0060188, -27.4228971], [-59.0054689, -27.422239], [-59.0053196, -27.4204273], [-59.0057335, -27.4198466], [-59.0063791, -27.4200255], [-59.0063701, -27.4196437], [-59.0075521, -27.4199081], [-59.0088298, -27.4196932], [-59.0093304, -27.4182513], [-59.0088807, -27.4173048], [-59.0082262, -27.4167441], [-59.0066123, -27.4162968], [-59.0047534, -27.4145171], [-59.0045218, -27.4137575], [-59.0033219, -27.4127295], [-59.0033174, -27.4125386], [-59.0035311, -27.4125346], [-59.0035132, -27.4117709], [-59.0030813, -27.411588], [-59.0030769, -27.4113971], [-59.0040318, -27.4110928], [-59.0060042, -27.4131568], [-59.0067544, -27.4132382], [-59.0067633, -27.4136201], [-59.0076181, -27.4136041], [-59.0080007, -27.411687], [-59.00766, -27.4108339], [-59.0078737, -27.4108299], [-59.0078379, -27.4093026], [-59.007297, -27.4090262], [-59.007288, -27.4086444], [-59.008234, -27.4079582], [-59.0098389, -27.4080237], [-59.0113213, -27.407423], [-59.0122628, -27.4065459], [-59.0126454, -27.4046288], [-59.0134822, -27.4038492], [-59.0139051, -27.4036503], [-59.016042, -27.4036103], [-59.0173152, -27.4032045], [-59.0175245, -27.4030096], [-59.0174064, -27.4025343], [-59.0181521, -27.4024248], [-59.0188754, -27.4013608], [-59.0193761, -27.399919], [-59.0193358, -27.3982008], [-59.0207225, -27.3980794], [-59.020845, -27.3987456], [-59.0216131, -27.3995907], [-59.021622, -27.3999725], [-59.0225859, -27.40005], [-59.0225725, -27.3994772], [-59.0235274, -27.3991729], [-59.0236409, -27.3994572], [-59.0240683, -27.3994492], [-59.0240549, -27.3988765], [-59.0238412, -27.3988805], [-59.0239189, -27.3976376], [-59.0243463, -27.3976296], [-59.0243374, -27.3972478], [-59.0238009, -27.3971623], [-59.0235693, -27.3964027], [-59.0235889, -27.392678], [-59.0239983, -27.3919063], [-59.0244257, -27.3918983], [-59.024753, -27.3921787], [-59.0247843, -27.3935151], [-59.0245706, -27.3935191], [-59.024475, -27.3939983], [-59.0237293, -27.3941078], [-59.0237427, -27.3946805], [-59.0244884, -27.3945711], [-59.0246198, -27.3956191], [-59.0253879, -27.3964641], [-59.0265654, -27.3965376], [-59.0269884, -27.3963387], [-59.028021, -27.3947914], [-59.0299442, -27.3947554], [-59.0304717, -27.3944591], [-59.0304807, -27.3948409], [-59.0289893, -27.3950598], [-59.0284618, -27.3953562], [-59.0281525, -27.3958394], [-59.0282839, -27.3968874], [-59.0305523, -27.3978954], [-59.0314339, -27.3990249], [-59.0318613, -27.3990169], [-59.0320839, -27.3993947], [-59.0334752, -27.3994642], [-59.0345257, -27.3986806], [-59.0351668, -27.3986686], [-59.0364266, -27.39769], [-59.0364131, -27.3971173], [-59.0370542, -27.3971053], [-59.0370632, -27.3974871], [-59.038027, -27.3975646], [-59.0384633, -27.3979384], [-59.0383766, -27.3987995], [-59.0386037, -27.3993682], [-59.0398859, -27.3993442], [-59.0399815, -27.3988649], [-59.0402998, -27.3987635], [-59.0402864, -27.3981908], [-59.0392001, -27.3974471], [-59.0392957, -27.3969678], [-59.0416418, -27.396733], [-59.0425967, -27.3964286], [-59.0426012, -27.3966195], [-59.0438834, -27.3965955], [-59.0448651, -27.3974366], [-59.0448741, -27.3978184], [-59.0443421, -27.3979239], [-59.0442464, -27.3984031], [-59.0449921, -27.3982937], [-59.0450922, -27.3980053], [-59.0453059, -27.3980013], [-59.0454419, -27.3992402], [-59.0445138, -27.4006901], [-59.0444226, -27.4013602], [-59.045104, -27.4030664], [-59.0465221, -27.4042813], [-59.0496542, -27.4056552], [-59.0508362, -27.4059195], [-59.0512725, -27.4062934], [-59.0532002, -27.4064483], [-59.0543509, -27.4053763], [-59.0543419, -27.4049945], [-59.054983, -27.4049825], [-59.0550742, -27.4043123], [-59.0546468, -27.4043203], [-59.0546244, -27.4033657], [-59.0543017, -27.4032763], [-59.0538608, -27.4027116], [-59.0531152, -27.402821], [-59.0530016, -27.4025366], [-59.0522514, -27.4024552], [-59.0520243, -27.4018865], [-59.0508378, -27.4014312], [-59.0501968, -27.4014432], [-59.0502012, -27.4016341], [-59.0499876, -27.4016381], [-59.0480196, -27.399765], [-59.0478613, -27.3975715], [-59.0482886, -27.3975635], [-59.0482797, -27.3971817], [-59.0478523, -27.3971897], [-59.0478075, -27.3952806], [-59.0481767, -27.3927908], [-59.0487087, -27.3926854], [-59.0484816, -27.3921166], [-59.0490869, -27.3905774], [-59.0499148, -27.3894159], [-59.0508115, -27.3866297], [-59.0510252, -27.3866257], [-59.0510296, -27.3868166], [-59.0516707, -27.3868046], [-59.0521205, -27.3877512], [-59.0536253, -27.388105], [-59.0557622, -27.388065], [-59.0583175, -27.3876352], [-59.0590587, -27.3873349], [-59.0593681, -27.3868516], [-59.0593546, -27.3862789], [-59.0586912, -27.3853363], [-59.058878, -27.3841869], [-59.0593009, -27.3839879], [-59.0600511, -27.3840694], [-59.0605098, -27.3853978], [-59.0614781, -27.3856661], [-59.0612376, -27.3845247], [-59.0606966, -27.3842483], [-59.0606921, -27.3840574], [-59.0613332, -27.3840454], [-59.0618742, -27.3843218], [-59.0627603, -27.3856421], [-59.0645878, -27.3860854], [-59.0651332, -27.3865527], [-59.0656009, -27.3882629], [-59.0663511, -27.3883443], [-59.0663555, -27.3885353], [-59.0660372, -27.3886367], [-59.0660596, -27.3895913], [-59.0665094, -27.3905378], [-59.0660954, -27.3911185], [-59.0659041, -27.3920771], [-59.0664361, -27.3919716], [-59.0668322, -27.3906273], [-59.0676869, -27.3906113], [-59.0681098, -27.3904124], [-59.0686508, -27.3906887], [-59.0686463, -27.3904978], [-59.0692874, -27.3904858], [-59.0694921, -27.3901], [-59.0701376, -27.3902789], [-59.070447, -27.3897956], [-59.0698014, -27.3896167], [-59.0687419, -27.3900185], [-59.0676735, -27.3900385], [-59.0665827, -27.389104], [-59.0665782, -27.3889131], [-59.0667919, -27.3889091], [-59.0668786, -27.388048], [-59.0662375, -27.38806], [-59.0658879, -27.3868251], [-59.065456, -27.3866422], [-59.0654381, -27.3858785], [-59.0656518, -27.3858745], [-59.0656384, -27.3853018], [-59.0653156, -27.3852123], [-59.0654157, -27.384924], [-59.0658476, -27.3851069], [-59.0690619, -27.3854287], [-59.0691799, -27.385904], [-59.0696118, -27.3860869], [-59.0703575, -27.3859775], [-59.0703485, -27.3855956], [-59.0715261, -27.3856691], [-59.0714349, -27.3863393], [-59.0706981, -27.3868305], [-59.0707071, -27.3872124], [-59.0714528, -27.3871029], [-59.0716575, -27.3867171], [-59.0721895, -27.3866116], [-59.0728395, -27.3869815], [-59.0728485, -27.3873633], [-59.0732759, -27.3873553], [-59.072971, -27.3880295], [-59.0724301, -27.3877531], [-59.0717023, -27.3886262], [-59.0717068, -27.3888171], [-59.0719204, -27.3888131], [-59.0720474, -27.3896702], [-59.0724882, -27.3902349], [-59.0723926, -27.3907142], [-59.0718606, -27.3908196], [-59.0718696, -27.3912015], [-59.0709102, -27.3913149], [-59.0705785, -27.3908436], [-59.0691962, -27.391156], [-59.0688645, -27.3906847], [-59.0684371, -27.3906927], [-59.0683504, -27.3915538], [-59.0687867, -27.3919276], [-59.0692141, -27.3919196], [-59.0693321, -27.3923949], [-59.0682816, -27.3931785], [-59.0674268, -27.3931945], [-59.0669905, -27.3928207], [-59.0667634, -27.392252], [-59.0661223, -27.392264], [-59.0661178, -27.3920731], [-59.0657995, -27.3921745], [-59.0655992, -27.3927512], [-59.0656351, -27.3942785], [-59.0660714, -27.3946523], [-59.0670308, -27.3945389], [-59.0671488, -27.3950142], [-59.0675762, -27.3950062], [-59.0679946, -27.3946164], [-59.0688538, -27.3947913], [-59.0688628, -27.3951731], [-59.0675074, -27.3966309], [-59.0660205, -27.3970407], [-59.0655842, -27.3966669], [-59.0647294, -27.3966829], [-59.0642975, -27.3965], [-59.0639658, -27.3960287], [-59.0646802, -27.3945829], [-59.0651031, -27.394384], [-59.0650941, -27.3940022], [-59.064453, -27.3940142], [-59.0642304, -27.3936363], [-59.063803, -27.3936443], [-59.0631798, -27.39442], [-59.062993, -27.3955694], [-59.0626837, -27.3960527], [-59.0628241, -27.3974825], [-59.0631558, -27.3979538], [-59.0630825, -27.3993876], [-59.0648234, -27.400692], [-59.0663192, -27.400664], [-59.0673787, -27.4002622], [-59.0675835, -27.3998763], [-59.0679018, -27.3997749], [-59.0678883, -27.3992022], [-59.0667108, -27.3991287], [-59.0659741, -27.39962], [-59.0654421, -27.3997254], [-59.0649011, -27.3994491], [-59.0648922, -27.3990672], [-59.0656289, -27.398576], [-59.0671158, -27.3981662], [-59.0679527, -27.3973865], [-59.0690077, -27.3967938], [-59.0690032, -27.3966029], [-59.0695352, -27.3964974], [-59.0700582, -27.3960102], [-59.0700493, -27.3956284], [-59.0697265, -27.3955389], [-59.0696997, -27.3943935], [-59.0706456, -27.3937073], [-59.0718919, -27.392156], [-59.0738017, -27.3915473], [-59.074661, -27.3917222], [-59.0748791, -27.3919091], [-59.0747924, -27.3927702], [-59.0739466, -27.393168], [-59.0724508, -27.393196], [-59.0721504, -27.3940611], [-59.0752556, -27.3942895], [-59.0754604, -27.3939037], [-59.075674, -27.3938997], [-59.0757742, -27.3936113], [-59.0767201, -27.3929251], [-59.0769159, -27.3921575], [-59.0774345, -27.3914793], [-59.0782848, -27.3912724], [-59.0783715, -27.3904113], [-59.0770625, -27.3892899], [-59.077058, -27.3890989], [-59.0766261, -27.388916], [-59.0757714, -27.388932], [-59.0755621, -27.3891269], [-59.0759118, -27.3903618], [-59.0752707, -27.3903738], [-59.0748344, -27.39], [-59.0743801, -27.3888626], [-59.0740529, -27.3885822], [-59.0741396, -27.3877211], [-59.0743533, -27.3877171], [-59.0743175, -27.3861898], [-59.0738767, -27.3856251], [-59.0734493, -27.3856331], [-59.0732132, -27.3846826], [-59.0714723, -27.3833782], [-59.0697718, -27.383792], [-59.0694311, -27.3829389], [-59.0683403, -27.3820044], [-59.0679129, -27.3820124], [-59.0677081, -27.3823982], [-59.0671761, -27.3825036], [-59.0670805, -27.3829829], [-59.0677395, -27.3837345], [-59.0687033, -27.383812], [-59.0689215, -27.3839989], [-59.0688303, -27.3846691], [-59.0673345, -27.3846971], [-59.0659388, -27.3844367], [-59.0657116, -27.383868], [-59.065075, -27.3840709], [-59.0641979, -27.3831323], [-59.0630025, -27.3822952], [-59.0627709, -27.3815356], [-59.0612347, -27.3798454], [-59.0606938, -27.379569], [-59.0606893, -27.3793781], [-59.0610031, -27.3790858], [-59.0619625, -27.3789723], [-59.0621896, -27.3795411], [-59.0626215, -27.379724], [-59.0627395, -27.3801992], [-59.0631759, -27.3805731], [-59.0632984, -27.3812392], [-59.0639574, -27.3819909], [-59.0645984, -27.3819789], [-59.0645895, -27.3815971], [-59.0638259, -27.3809429], [-59.0639215, -27.3804636], [-59.0644535, -27.3803582], [-59.0649945, -27.3806345], [-59.0652171, -27.3810123], [-59.0658582, -27.3810003], [-59.0660584, -27.3804236], [-59.0662721, -27.3804196], [-59.0664769, -27.3800338], [-59.0664679, -27.379652], [-59.0656087, -27.3794771], [-59.0655953, -27.3789043], [-59.0652635, -27.3784331], [-59.0646225, -27.3784451], [-59.0644177, -27.3788309], [-59.0638857, -27.3789363], [-59.0634449, -27.3783716], [-59.0648003, -27.3769138], [-59.0662872, -27.376504], [-59.0682149, -27.3766589], [-59.0686557, -27.3772236], [-59.0688694, -27.3772196], [-59.0717011, -27.3794586], [-59.0719327, -27.3802182], [-59.0716278, -27.3808924], [-59.0712005, -27.3809004], [-59.0710136, -27.3820498], [-59.0717593, -27.3819404], [-59.0718594, -27.381652], [-59.0726141, -27.3819244], [-59.0756013, -27.3816775], [-59.0762468, -27.3818564], [-59.0772062, -27.3817429], [-59.077638, -27.3819259], [-59.0783748, -27.3814346], [-59.078575, -27.3808579], [-59.0784167, -27.3786644], [-59.0788441, -27.3786564], [-59.0789442, -27.378368], [-59.079799, -27.378352], [-59.0799992, -27.3777753], [-59.0790309, -27.377507], [-59.0779759, -27.3780997], [-59.0767805, -27.3772626], [-59.0770853, -27.3765884], [-59.0777219, -27.3763855], [-59.0777264, -27.3765764], [-59.078363, -27.3763735], [-59.0783675, -27.3765644], [-59.0794314, -27.3763535], [-59.0796541, -27.3767313], [-59.0806179, -27.3768088], [-59.0807136, -27.3763295], [-59.0809273, -27.3763255], [-59.0813636, -27.3766993], [-59.0825367, -27.3765819], [-59.0825412, -27.3767728], [-59.0829685, -27.3767648], [-59.0829596, -27.376383], [-59.0831733, -27.376379], [-59.0829685, -27.3767648], [-59.0834004, -27.3769477], [-59.083514, -27.3772321], [-59.0850098, -27.3772041], [-59.0864922, -27.3766034], [-59.0872244, -27.3759212], [-59.08787, -27.3761001], [-59.0888294, -27.3759866], [-59.0887113, -27.3755114], [-59.0878566, -27.3755274], [-59.0884663, -27.374179], [-59.0882302, -27.3732285], [-59.0873576, -27.3724808], [-59.0865073, -27.3726877], [-59.0867075, -27.372111], [-59.0859529, -27.3718386], [-59.0858349, -27.3713634], [-59.0854075, -27.3713714], [-59.0853074, -27.3716597], [-59.0843435, -27.3715823], [-59.0840297, -27.3718746], [-59.0840431, -27.3724473], [-59.0846887, -27.3726263], [-59.0856659, -27.3732764], [-59.0861935, -27.3729801], [-59.0860933, -27.3732684], [-59.0856659, -27.3732764], [-59.0856794, -27.3738492], [-59.0858975, -27.3740361], [-59.0865386, -27.3740241], [-59.0864519, -27.3748852], [-59.0858108, -27.3748972], [-59.0858153, -27.3750881], [-59.0852878, -27.3753844], [-59.0852968, -27.3757663], [-59.0844509, -27.3761641], [-59.0837053, -27.3762735], [-59.0836963, -27.3758917], [-59.0828371, -27.3757168], [-59.0828057, -27.3743804], [-59.0832331, -27.3743724], [-59.0832242, -27.3739906], [-59.0827968, -27.3739986], [-59.0827475, -27.3718986], [-59.0822799, -27.3701884], [-59.0822441, -27.3686612], [-59.0820125, -27.3679015], [-59.080826, -27.3674462], [-59.0792211, -27.3673808], [-59.0799444, -27.3663168], [-59.0807857, -27.3657281], [-59.0819677, -27.3659924], [-59.0830362, -27.3659724], [-59.0835771, -27.3662488], [-59.0836084, -27.3675852], [-59.0838266, -27.3677721], [-59.084254, -27.3677641], [-59.0852313, -27.3684143], [-59.0861951, -27.3684917], [-59.0861996, -27.3686826], [-59.0859859, -27.3686866], [-59.0861039, -27.3691619], [-59.0876042, -27.3693248], [-59.0876999, -27.3688455], [-59.0869497, -27.3687641], [-59.086618, -27.3682928], [-59.0864043, -27.3682968], [-59.0862773, -27.3674397], [-59.0856318, -27.3672608], [-59.085191, -27.3666961], [-59.0843228, -27.3661393], [-59.0839866, -27.3654772], [-59.0836638, -27.3653877], [-59.0835323, -27.3643397], [-59.0839597, -27.3643317], [-59.0839508, -27.3639499], [-59.0833097, -27.3639619], [-59.0829735, -27.3632997], [-59.0822233, -27.3632182], [-59.0820007, -27.3628404], [-59.0810234, -27.3621902], [-59.0803824, -27.3622022], [-59.0803868, -27.3623931], [-59.0811594, -27.3634292], [-59.0811683, -27.363811], [-59.0822412, -27.3639819], [-59.0825685, -27.3642622], [-59.0826865, -27.3647375], [-59.0822592, -27.3647455], [-59.0820544, -27.3651313], [-59.0811952, -27.3649564], [-59.0802358, -27.3650699], [-59.0803136, -27.363827], [-59.0799863, -27.3635466], [-59.0793452, -27.3635586], [-59.0793497, -27.3637495], [-59.0789268, -27.3639484], [-59.0790627, -27.3651873], [-59.0795036, -27.3657521], [-59.0783529, -27.366824], [-59.0782662, -27.3676851], [-59.0789117, -27.367864], [-59.0791344, -27.3682419], [-59.0795617, -27.3682339], [-59.0796798, -27.3687091], [-59.0801072, -27.3687011], [-59.0802028, -27.3682219], [-59.0812757, -27.3683928], [-59.0812802, -27.3685837], [-59.0808528, -27.3685917], [-59.0808618, -27.3689735], [-59.0813983, -27.369059], [-59.0815476, -27.3708706], [-59.0811202, -27.3708786], [-59.0811337, -27.3714513], [-59.0817747, -27.3714393], [-59.0819823, -27.3757328], [-59.0813412, -27.3757448], [-59.0813368, -27.3755539], [-59.0806867, -27.3751841], [-59.0801503, -27.3750986], [-59.0785498, -27.375224], [-59.0779222, -27.3758088], [-59.0768537, -27.3758288], [-59.0764219, -27.3756459], [-59.0753579, -27.3758568], [-59.0752667, -27.3765269], [-59.0756074, -27.37738], [-59.0775664, -27.3788713], [-59.0776157, -27.3809713], [-59.0769701, -27.3807924], [-59.0769791, -27.3811742], [-59.0753697, -27.3809178], [-59.0734509, -27.3811447], [-59.0731102, -27.3802917], [-59.0727875, -27.3802022], [-59.0723288, -27.3788738], [-59.072006, -27.3787844], [-59.0696061, -27.3767284], [-59.068847, -27.3762651], [-59.067015, -27.3756309], [-59.0657373, -27.3758458], [-59.0658285, -27.3751756], [-59.066356, -27.3748793], [-59.0661155, -27.3737378], [-59.0662111, -27.3732585], [-59.067166, -27.3729542], [-59.0669658, -27.3735309], [-59.0673976, -27.3737138], [-59.0673064, -27.374384], [-59.0680566, -27.3744654], [-59.0700201, -27.3761476], [-59.0718477, -27.3765909], [-59.0733435, -27.3765629], [-59.0745076, -27.3760637], [-59.0745988, -27.3753935], [-59.0736349, -27.375316], [-59.073626, -27.3749342], [-59.0729849, -27.3749462], [-59.0728893, -27.3754255], [-59.0718208, -27.3754455], [-59.0694478, -27.3745349], [-59.0686842, -27.3738807], [-59.0685662, -27.3734055], [-59.0688845, -27.373304], [-59.06888, -27.3731131], [-59.0698439, -27.3731905], [-59.0699395, -27.3727113], [-59.0693986, -27.3724349], [-59.0693896, -27.3720531], [-59.0687396, -27.3716833], [-59.0683122, -27.3716913], [-59.0683078, -27.3715004], [-59.0701264, -27.3715618], [-59.0701353, -27.3719436], [-59.0709901, -27.3719276], [-59.0709811, -27.3715458], [-59.0711948, -27.3715418], [-59.0736858, -27.3729277], [-59.0736948, -27.3733095], [-59.075086, -27.3733789], [-59.0752863, -27.3728022], [-59.0747409, -27.3723349], [-59.073777, -27.3722575], [-59.0733407, -27.3718837], [-59.0728042, -27.3717982], [-59.0723634, -27.3712335], [-59.0727908, -27.3712255], [-59.0728909, -27.3709371], [-59.0734229, -27.3708317], [-59.0738637, -27.3713964], [-59.0751503, -27.3715633], [-59.0751369, -27.3709906], [-59.0739415, -27.3701535], [-59.072341, -27.3702789], [-59.0723455, -27.3704698], [-59.071277, -27.3704898], [-59.0712815, -27.3706807], [-59.0684946, -27.3703509], [-59.0670122, -27.3709516], [-59.0665937, -27.3713414], [-59.0666072, -27.3719142], [-59.0661798, -27.3719222], [-59.0661843, -27.3721131], [-59.0653295, -27.3721291], [-59.0636289, -27.3725429], [-59.0635467, -27.3735949], [-59.0639965, -27.3745414], [-59.0650828, -27.3752851], [-59.0649917, -27.3759553], [-59.0644641, -27.3762516], [-59.0644552, -27.3758698], [-59.0639098, -27.3754025], [-59.0629504, -27.375516], [-59.0628637, -27.3763771], [-59.0637229, -27.376552], [-59.0636273, -27.3770312], [-59.0625812, -27.3780058], [-59.0616263, -27.3783101], [-59.0607715, -27.3783261], [-59.0601394, -27.37872], [-59.0601618, -27.3796745], [-59.0605025, -27.3805276], [-59.0618115, -27.3816491], [-59.0622657, -27.3827865], [-59.062593, -27.3830669], [-59.0622836, -27.3835501], [-59.0613153, -27.3832818], [-59.058751, -27.3833298], [-59.0587465, -27.3831389], [-59.0583192, -27.3831469], [-59.0583326, -27.3837196], [-59.057696, -27.3839225], [-59.0577049, -27.3843043], [-59.0579186, -27.3843003], [-59.0578409, -27.3855432], [-59.0582907, -27.3864898], [-59.0578633, -27.3864978], [-59.0577676, -27.386977], [-59.055958, -27.3872974], [-59.0530709, -27.3872559], [-59.052639, -27.387073], [-59.0525255, -27.3867886], [-59.0530351, -27.3857286], [-59.0534535, -27.3853388], [-59.054513, -27.384937], [-59.0552453, -27.3842548], [-59.0552363, -27.383873], [-59.05545, -27.383869], [-59.0555457, -27.3833898], [-59.0553185, -27.382821], [-59.0549958, -27.3827316], [-59.0548733, -27.3820654], [-59.0542322, -27.3820774], [-59.0540319, -27.3826541], [-59.0522223, -27.3829745], [-59.0512808, -27.3838515], [-59.0510805, -27.3844283], [-59.0505575, -27.3849155], [-59.0501614, -27.3862599], [-59.049743, -27.3866497], [-59.0490555, -27.389241], [-59.0482276, -27.3904024], [-59.0482366, -27.3907843], [-59.047718, -27.3914624], [-59.0474176, -27.3923275], [-59.0469573, -27.3954875], [-59.047002, -27.3973966], [-59.0472291, -27.3979653], [-59.0471559, -27.3993992], [-59.0476101, -27.4005366], [-59.0496872, -27.4025032], [-59.0511964, -27.4030479], [-59.0529149, -27.4033977], [-59.0534469, -27.4032923], [-59.0536651, -27.4034792], [-59.0536919, -27.4046246], [-59.0534917, -27.4052014], [-59.0530732, -27.4055912], [-59.0523275, -27.4057006], [-59.0520048, -27.4056112], [-59.0519913, -27.4050385], [-59.0513547, -27.4052414], [-59.0482316, -27.4042493], [-59.0470406, -27.4036032], [-59.045509, -27.4021039], [-59.0454821, -27.4009584], [-59.0462966, -27.3992242], [-59.0462742, -27.3982697], [-59.0452746, -27.396665], [-59.044511, -27.3960108], [-59.0435427, -27.3957424], [-59.0438252, -27.3941137], [-59.0445395, -27.3926679], [-59.0448578, -27.3925664], [-59.0449445, -27.3917053], [-59.0445082, -27.3913315], [-59.0426806, -27.3908882], [-59.0421486, -27.3909937], [-59.0421621, -27.3915664], [-59.0423757, -27.3915624], [-59.0431438, -27.3924075], [-59.0430481, -27.3928868], [-59.0422158, -27.3938573], [-59.0422247, -27.3942391], [-59.0431019, -27.3951777], [-59.0430107, -27.3958479], [-59.0375683, -27.3962362], [-59.0375593, -27.3958544], [-59.0371319, -27.3958624], [-59.0371409, -27.3962442], [-59.0366089, -27.3963497], [-59.0366134, -27.3965406], [-59.0360769, -27.3964551], [-59.0359634, -27.3961707], [-59.0361681, -27.3957849], [-59.0371275, -27.3956715], [-59.037646, -27.3949933], [-59.038178, -27.3948878], [-59.0384918, -27.3945955], [-59.0384829, -27.3942137], [-59.0381556, -27.3939333], [-59.03741, -27.3940428], [-59.0371051, -27.3947169], [-59.0357228, -27.3950293], [-59.0347545, -27.3947609], [-59.0345542, -27.3953376], [-59.035527, -27.3957969], [-59.0355405, -27.3963697], [-59.0347993, -27.39667], [-59.0339624, -27.3974496], [-59.0335619, -27.3986031], [-59.0326025, -27.3987165], [-59.0322797, -27.3986271], [-59.0307481, -27.3971278], [-59.0291297, -27.3964896], [-59.0290117, -27.3960143], [-59.0295392, -27.395718], [-59.0310306, -27.3954991], [-59.0310261, -27.3953082], [-59.0323038, -27.3950933], [-59.0337727, -27.3939198], [-59.0337638, -27.393538], [-59.0341867, -27.3933391], [-59.034387, -27.3927624], [-59.0343735, -27.3921896], [-59.0341509, -27.3918118], [-59.0343646, -27.3918078], [-59.0343422, -27.3908533], [-59.0340149, -27.3905729], [-59.0335876, -27.3905809], [-59.0335053, -27.3916329], [-59.0327552, -27.3915515], [-59.0323368, -27.3919413], [-59.0314865, -27.3921482], [-59.0304314, -27.3927409], [-59.0294989, -27.3939998], [-59.0277894, -27.3940318], [-59.0267433, -27.3950063], [-59.0263338, -27.395778], [-59.0259065, -27.395786], [-59.0253611, -27.3953187], [-59.0253208, -27.3936005], [-59.0256167, -27.3925445], [-59.0253806, -27.391594], [-59.0248352, -27.3911267], [-59.0236621, -27.3912441], [-59.0227251, -27.3923121], [-59.0225965, -27.3959434], [-59.0230552, -27.3972718], [-59.0230776, -27.3982263], [-59.0225546, -27.3987136], [-59.0220226, -27.398819], [-59.0218044, -27.3986321], [-59.0220047, -27.3980554], [-59.0214682, -27.3979699], [-59.0214548, -27.3973972], [-59.0209049, -27.396739], [-59.020473, -27.3965561], [-59.0193, -27.3966736], [-59.0184676, -27.3976441], [-59.0186902, -27.3980219], [-59.0183719, -27.3981234], [-59.0185123, -27.3995532], [-59.0181163, -27.4008976], [-59.0177068, -27.4016692], [-59.0166607, -27.4026437], [-59.0158105, -27.4028506], [-59.0138872, -27.4028866], [-59.0127231, -27.4033859], [-59.0124138, -27.4038692], [-59.0118863, -27.4041655], [-59.0115036, -27.4060826], [-59.0106713, -27.4070532], [-59.0080024, -27.4071986], [-59.0065334, -27.4083721], [-59.0063376, -27.4091397], [-59.0063779, -27.4108579], [-59.0067051, -27.4111382], [-59.0067141, -27.4115201], [-59.0065004, -27.4115241], [-59.0065049, -27.411715], [-59.0057592, -27.4118244], [-59.0053094, -27.4108779], [-59.0041229, -27.4104226], [-59.0026316, -27.4106415], [-59.0025315, -27.4109299], [-59.0021085, -27.4111288], [-59.0019038, -27.4115146], [-59.0020263, -27.4121808], [-59.0015989, -27.4121888], [-59.0015033, -27.412668], [-59.0017215, -27.4128549], [-59.0023625, -27.4128429], [-59.002367, -27.4130338], [-59.0037851, -27.4142488], [-59.0041302, -27.4152928], [-59.0046712, -27.4155691], [-59.0051165, -27.4163248], [-59.005771, -27.4168855], [-59.0078122, -27.4173248], [-59.0083666, -27.4181739], [-59.00838, -27.4187466], [-59.0080662, -27.419039], [-59.0061385, -27.418884], [-59.0051836, -27.4191884], [-59.0051791, -27.4189975], [-59.0047518, -27.4190055], [-59.0047697, -27.4197691], [-59.0043647, -27.4207317], [-59.0043915, -27.4218771], [-59.0054225, -27.4248182], [-59.0050041, -27.425208], [-59.0040402, -27.4251306], [-59.0040447, -27.4253215]], [[-59.0266957, -27.388418], [-59.0267226, -27.3895634], [-59.0273637, -27.3895514], [-59.0277642, -27.388398], [-59.0283918, -27.3878133], [-59.029556, -27.387314], [-59.0310518, -27.387286], [-59.0315972, -27.3877533], [-59.0316106, -27.388326], [-59.0310786, -27.3884314], [-59.0310921, -27.3890042], [-59.0317376, -27.3891831], [-59.0318378, -27.3888947], [-59.0322651, -27.3888867], [-59.0328374, -27.3904995], [-59.0335876, -27.3905809], [-59.0336653, -27.389338], [-59.0333336, -27.3888667], [-59.0337386, -27.3879042], [-59.034157, -27.3875144], [-59.0358621, -27.3872915], [-59.0369395, -27.3876533], [-59.0372667, -27.3879337], [-59.0372757, -27.3883155], [-59.0374894, -27.3883115], [-59.0380393, -27.3889697], [-59.0376298, -27.3897413], [-59.0369977, -27.3901351], [-59.0370066, -27.3905169], [-59.037434, -27.3905089], [-59.0376566, -27.3908868], [-59.0375565, -27.3911751], [-59.0371336, -27.391374], [-59.0370559, -27.3926169], [-59.0364237, -27.3930107], [-59.0364372, -27.3935835], [-59.0382468, -27.3932631], [-59.0381064, -27.3918333], [-59.0386339, -27.3915369], [-59.0388342, -27.3909602], [-59.0393662, -27.3908548], [-59.0397712, -27.3898922], [-59.0404122, -27.3898802], [-59.0408486, -27.390254], [-59.041276, -27.390246], [-59.0417945, -27.3895679], [-59.0417811, -27.3889951], [-59.0405812, -27.3879671], [-59.0396218, -27.3880806], [-59.0396128, -27.3876988], [-59.0400268, -27.387118], [-59.0400044, -27.3861635], [-59.039045, -27.3862769], [-59.0387402, -27.3869511], [-59.037999, -27.3872515], [-59.0371308, -27.3866948], [-59.0371174, -27.386122], [-59.0367946, -27.3860326], [-59.0360489, -27.386142], [-59.0359488, -27.3864304], [-59.0345575, -27.3863609], [-59.0328659, -27.3871565], [-59.0324385, -27.3871645], [-59.0313522, -27.3864209], [-59.0290016, -27.3864649], [-59.0274101, -27.3869722], [-59.0266957, -27.388418]], [[-58.9369427, -27.4720335], [-58.9358742, -27.4720535], [-58.9357786, -27.4725328], [-58.9361282, -27.4737677], [-58.9355917, -27.4736822], [-58.9351733, -27.4740721], [-58.9347459, -27.4740801], [-58.9339091, -27.4748597], [-58.9340271, -27.475335], [-58.9351179, -27.4762695], [-58.9377823, -27.4759332], [-58.9378825, -27.4756448], [-58.9382008, -27.4755433], [-58.9379737, -27.4749746], [-58.938401, -27.4749666], [-58.9383966, -27.4747757], [-58.9380693, -27.4744953], [-58.9376419, -27.4745033], [-58.9374926, -27.4726917], [-58.9369427, -27.4720335]], [[-58.9681934, -27.4417493], [-58.9682023, -27.4421311], [-58.9686297, -27.4421231], [-58.9691751, -27.4425904], [-58.9696025, -27.4425824], [-58.9703616, -27.4430457], [-58.9718575, -27.4430177], [-58.9725942, -27.4425264], [-58.9723716, -27.4421486], [-58.971726, -27.4419697], [-58.9711806, -27.4415024], [-58.9697938, -27.4416239], [-58.9691483, -27.441445], [-58.9688345, -27.4417373], [-58.9681934, -27.4417493]], [[-58.9746791, -27.4357072], [-58.974038, -27.4357192], [-58.9739378, -27.4360075], [-58.9731966, -27.4363079], [-58.9732056, -27.4366897], [-58.9734193, -27.4366857], [-58.9734238, -27.4368766], [-58.9732101, -27.4368806], [-58.9733326, -27.4375468], [-58.9739692, -27.4373439], [-58.9740604, -27.4366737], [-58.9737376, -27.4365843], [-58.9737331, -27.4363933], [-58.9743787, -27.4365723], [-58.9746791, -27.4357072]], [[-58.9662478, -27.4408308], [-58.9664704, -27.4412086], [-58.9684071, -27.4417453], [-58.9682801, -27.4408882], [-58.9667753, -27.4405344], [-58.9662478, -27.4408308]], [[-58.9265882, -27.4771931], [-58.9265927, -27.477384], [-58.926379, -27.477388], [-58.9263924, -27.4779607], [-58.9259785, -27.4785415], [-58.9266374, -27.4792931], [-58.9273876, -27.4793746], [-58.9273697, -27.4786109], [-58.9270424, -27.4783306], [-58.9271291, -27.4774695], [-58.9265882, -27.4771931]], [[-58.9853775, -27.4224239], [-58.9852774, -27.4227123], [-58.9850637, -27.4227163], [-58.9851952, -27.4237643], [-58.9863682, -27.4236469], [-58.9863637, -27.423456], [-58.986682, -27.4233545], [-58.9867777, -27.4228752], [-58.9859095, -27.4223185], [-58.9853775, -27.4224239]], [[-58.9996953, -27.4085], [-58.9997087, -27.4090727], [-59.0000404, -27.409544], [-59.000686, -27.4097229], [-59.0007772, -27.4090528], [-59.0001227, -27.408492], [-58.9996953, -27.4085]], [[-59.0060539, -27.4016008], [-59.0060674, -27.4021735], [-59.0062855, -27.4023604], [-59.0075632, -27.4021455], [-59.0076633, -27.4018572], [-59.0081909, -27.4015608], [-59.0086182, -27.4015528], [-59.0092727, -27.4021135], [-59.010123, -27.4019066], [-59.0100005, -27.4012404], [-59.0094551, -27.4007732], [-59.0087005, -27.4005008], [-59.0071, -27.4006262], [-59.0065725, -27.4009226], [-59.0060539, -27.4016008]], [[-59.0304364, -27.3792758], [-59.0295816, -27.3792918], [-59.0290541, -27.3795882], [-59.029335, -27.3824478], [-59.0290167, -27.3825493], [-59.0289255, -27.3832194], [-59.027984, -27.3840965], [-59.0282111, -27.3846653], [-59.0288522, -27.3846533], [-59.0295934, -27.3843529], [-59.030644, -27.3835693], [-59.0309533, -27.383086], [-59.031167, -27.383082], [-59.031454, -27.3816442], [-59.0310176, -27.3812704], [-59.0312045, -27.3801209], [-59.0304364, -27.3792758]], [[-58.9247785, -27.4775135], [-58.9243512, -27.4775215], [-58.923483, -27.4769647], [-58.922951, -27.4770702], [-58.9223233, -27.4776549], [-58.922141, -27.4789953], [-58.9216314, -27.4800553], [-58.9211083, -27.4805425], [-58.9199263, -27.4802782], [-58.9199353, -27.48066], [-58.9206944, -27.4811233], [-58.9213355, -27.4811113], [-58.9215581, -27.4814891], [-58.9223082, -27.4815705], [-58.9234589, -27.4804985], [-58.9243601, -27.4779033], [-58.9247875, -27.4778953], [-58.9247785, -27.4775135]], [[-58.9674225, -27.4362249], [-58.9668816, -27.4359486], [-58.9664676, -27.4365293], [-58.9671132, -27.4367082], [-58.9674225, -27.4362249]], [[-59.0258846, -27.3811754], [-59.0253571, -27.3814718], [-59.0252659, -27.382142], [-59.0258203, -27.3829911], [-59.0258337, -27.3835638], [-59.02627, -27.3839376], [-59.0266974, -27.3839296], [-59.0267975, -27.3836412], [-59.0276389, -27.3830525], [-59.027621, -27.3822889], [-59.0266347, -27.3812569], [-59.0258846, -27.3811754]], [[-58.9867346, -27.4164778], [-58.9860935, -27.4164898], [-58.986098, -27.4166807], [-58.9856751, -27.4168796], [-58.9857019, -27.418025], [-58.9864476, -27.4179156], [-58.9870708, -27.41714], [-58.9870618, -27.4167581], [-58.9867346, -27.4164778]], [[-58.9921652, -27.4110283], [-58.9921742, -27.4114102], [-58.9926105, -27.411784], [-58.99432, -27.411752], [-58.9949566, -27.4115491], [-58.9960296, -27.41172], [-58.996448, -27.4113302], [-58.9963255, -27.410664], [-58.9958891, -27.4102902], [-58.9939704, -27.4105171], [-58.9936431, -27.4102367], [-58.992893, -27.4101553], [-58.9921652, -27.4110283]], [[-58.9637898, -27.4362929], [-58.9640303, -27.4374344], [-58.9648896, -27.4376093], [-58.9646445, -27.4362769], [-58.9637898, -27.4362929]], [[-58.9653589, -27.4348311], [-58.9649449, -27.4354118], [-58.9650764, -27.4364598], [-58.9657309, -27.4370206], [-58.9661583, -27.4370126], [-58.9662495, -27.4363424], [-58.9657085, -27.436066], [-58.9656817, -27.4349206], [-58.9653589, -27.4348311]], [[-58.9594874, -27.4397158], [-58.9592827, -27.4401016], [-58.9603735, -27.4410362], [-58.9608009, -27.4410282], [-58.9611147, -27.4407358], [-58.9612059, -27.4400656], [-58.9608787, -27.4397853], [-58.9594874, -27.4397158]], [[-58.9810365, -27.4196403], [-58.9780896, -27.4216054], [-58.9773663, -27.4226694], [-58.9770839, -27.4242981], [-58.9776651, -27.4262926], [-58.9787335, -27.4262726], [-58.9806299, -27.4250912], [-58.9801846, -27.4243356], [-58.9801712, -27.4237628], [-58.9805896, -27.423373], [-58.9812307, -27.423361], [-58.9824485, -27.4251527], [-58.9832389, -27.4269523], [-58.9841161, -27.4278908], [-58.9846749, -27.4289309], [-58.9854161, -27.4286305], [-58.9855118, -27.4281512], [-58.9843119, -27.4271232], [-58.9840848, -27.4265545], [-58.9840713, -27.4259818], [-58.9843896, -27.4258803], [-58.9842044, -27.4225414], [-58.9839818, -27.4221636], [-58.984064, -27.4211116], [-58.9838369, -27.4205428], [-58.9824233, -27.4195188], [-58.9818868, -27.4194334], [-58.9810365, -27.4196403]], [[-59.039823, -27.3601919], [-59.0395226, -27.361057], [-59.0398544, -27.3615282], [-59.0405044, -27.361898], [-59.0408406, -27.3625602], [-59.0413815, -27.3628366], [-59.041395, -27.3634093], [-59.0417267, -27.3638806], [-59.04164, -27.3647417], [-59.0409989, -27.3647537], [-59.0406717, -27.3644733], [-59.0396032, -27.3644933], [-59.0386259, -27.3638431], [-59.0378758, -27.3637617], [-59.0373572, -27.3644399], [-59.0366115, -27.3645493], [-59.0368521, -27.3656908], [-59.0371793, -27.3659711], [-59.0380341, -27.3659551], [-59.0381298, -27.3654759], [-59.0392983, -27.3651675], [-59.0392939, -27.3649766], [-59.0398259, -27.3648711], [-59.0403713, -27.3653384], [-59.0414442, -27.3655093], [-59.0419896, -27.3659766], [-59.0421077, -27.3664519], [-59.0415024, -27.3679911], [-59.0403651, -27.3696359], [-59.0403875, -27.3705904], [-59.0424333, -27.3712206], [-59.0428696, -27.3715944], [-59.0429876, -27.3720697], [-59.0436377, -27.3724395], [-59.0436511, -27.3730122], [-59.0440874, -27.3733861], [-59.0441053, -27.3741497], [-59.044328, -27.3745275], [-59.0458193, -27.3743086], [-59.0458148, -27.3741177], [-59.0465605, -27.3740083], [-59.046979, -27.3736184], [-59.0469655, -27.3730457], [-59.0462019, -27.3723915], [-59.046193, -27.3720097], [-59.0471345, -27.3711326], [-59.0484076, -27.3707268], [-59.048835, -27.3707188], [-59.0492714, -27.3710926], [-59.0499124, -27.3710806], [-59.0500126, -27.3707923], [-59.0504355, -27.3705934], [-59.0502039, -27.3698337], [-59.0495628, -27.3698457], [-59.0497407, -27.3683145], [-59.0493133, -27.3683225], [-59.0482225, -27.3673879], [-59.048218, -27.367197], [-59.0477861, -27.3670141], [-59.0452772, -27.3648646], [-59.0452727, -27.3646737], [-59.045059, -27.3646777], [-59.0447273, -27.3642064], [-59.0439682, -27.3637432], [-59.0438502, -27.3632679], [-59.0435229, -27.3629875], [-59.0430955, -27.3629955], [-59.0414548, -27.3614028], [-59.0407002, -27.3611304], [-59.0402504, -27.3601839], [-59.039823, -27.3601919]], [[-59.029567, -27.3695514], [-59.0299944, -27.3695435], [-59.0305219, -27.3692471], [-59.0310405, -27.3685689], [-59.0315725, -27.3684635], [-59.0318997, -27.3687438], [-59.0319087, -27.3691256], [-59.0334269, -27.3700522], [-59.0335494, -27.3707184], [-59.0339858, -27.3710922], [-59.0344131, -27.3710842], [-59.0345133, -27.3707958], [-59.0350453, -27.3706904], [-59.035132, -27.3698293], [-59.0356639, -27.3697238], [-59.0357641, -27.3694355], [-59.0367235, -27.369322], [-59.0370373, -27.3690297], [-59.0369103, -27.3681726], [-59.037124, -27.3681686], [-59.0375245, -27.3670151], [-59.0369836, -27.3667388], [-59.0368655, -27.3662635], [-59.0359017, -27.366186], [-59.0356835, -27.3659991], [-59.0354474, -27.3650486], [-59.0344881, -27.365162], [-59.0343969, -27.3658322], [-59.0349423, -27.3662995], [-59.0349692, -27.3674449], [-59.0340098, -27.3675584], [-59.0333642, -27.3673795], [-59.0328188, -27.3669122], [-59.0316368, -27.3666478], [-59.0315412, -27.3671271], [-59.0318684, -27.3674075], [-59.0318774, -27.3677893], [-59.0303905, -27.3681991], [-59.0297628, -27.3687838], [-59.029567, -27.3695514]], [[-58.9194082, -27.4673003], [-58.9193126, -27.4677796], [-58.9198714, -27.4688196], [-58.9215032, -27.4700305], [-58.9230125, -27.4705753], [-58.9234488, -27.4709491], [-58.9237895, -27.4718022], [-58.9241167, -27.4720825], [-58.9241257, -27.4724644], [-58.9247757, -27.4728342], [-58.9248893, -27.4731186], [-58.9267168, -27.4735618], [-58.9275716, -27.4735458], [-58.9287268, -27.4726648], [-58.9293499, -27.4718891], [-58.9293455, -27.4716982], [-58.9282591, -27.4709546], [-58.9282501, -27.4705727], [-58.9280365, -27.4705767], [-58.9279229, -27.4702924], [-58.9273864, -27.4702069], [-58.9265093, -27.4692684], [-58.9241632, -27.4695033], [-58.9220083, -27.4687796], [-58.9202585, -27.4670934], [-58.9194082, -27.4673003]], [[-59.0367866, -27.3583388], [-59.0353954, -27.3582693], [-59.0352041, -27.3592278], [-59.0344584, -27.3593373], [-59.0344763, -27.3601009], [-59.0348035, -27.3603813], [-59.0346033, -27.360958], [-59.0335348, -27.360978], [-59.0332076, -27.3606976], [-59.032571, -27.3609006], [-59.0322616, -27.3613838], [-59.0324932, -27.3621435], [-59.0320882, -27.363106], [-59.0311289, -27.3632195], [-59.0307283, -27.3643729], [-59.0297734, -27.3646773], [-59.0298915, -27.3651525], [-59.0303189, -27.3651445], [-59.0308643, -27.3656118], [-59.0319417, -27.3659736], [-59.0325828, -27.3659616], [-59.0331103, -27.3656653], [-59.0328831, -27.3650966], [-59.0329788, -27.3646173], [-59.0335018, -27.36413], [-59.0342475, -27.3640206], [-59.0345613, -27.3637282], [-59.0344344, -27.3628711], [-59.033466, -27.3626027], [-59.0334571, -27.3622209], [-59.0341938, -27.3617297], [-59.0348394, -27.3619086], [-59.0348528, -27.3624813], [-59.0353982, -27.3629486], [-59.0358256, -27.3629406], [-59.0361528, -27.3632209], [-59.0368985, -27.3631115], [-59.0371944, -27.3620555], [-59.0369807, -27.3620595], [-59.036649, -27.3615882], [-59.0362216, -27.3615962], [-59.0358944, -27.3613158], [-59.03599, -27.3608366], [-59.0370361, -27.359862], [-59.0372274, -27.3589035], [-59.0367956, -27.3587206], [-59.0367866, -27.3583388]], [[-58.9138103, -27.4701745], [-58.9135234, -27.4716123], [-58.913214, -27.4720956], [-58.9134501, -27.4730461], [-58.9138775, -27.4730381], [-58.9138596, -27.4722745], [-58.9149325, -27.4724454], [-58.9152821, -27.4736803], [-58.9162549, -27.4741396], [-58.9170006, -27.4740301], [-58.9184786, -27.4732385], [-58.9187879, -27.4727552], [-58.9185071, -27.4698956], [-58.9179572, -27.4692374], [-58.9165704, -27.4693589], [-58.9165794, -27.4697407], [-58.9171158, -27.4698262], [-58.9170336, -27.4708782], [-58.9167153, -27.4709796], [-58.9166197, -27.4714589], [-58.916406, -27.4714629], [-58.9164015, -27.471272], [-58.9167198, -27.4711705], [-58.9167108, -27.4707887], [-58.9161699, -27.4705123], [-58.9158337, -27.4698501], [-58.9142332, -27.4699756], [-58.9138103, -27.4701745]], [[-58.9883775, -27.3999262], [-58.9881638, -27.3999301], [-58.9878544, -27.4004134], [-58.9879769, -27.4010796], [-58.9877767, -27.4016563], [-58.9864168, -27.4029232], [-58.9864392, -27.4038778], [-58.9866573, -27.4040647], [-58.9865706, -27.4049258], [-58.987125, -27.4057749], [-58.9871698, -27.407684], [-58.9878511, -27.4093901], [-58.9884877, -27.4091872], [-58.9885878, -27.4088989], [-58.9881515, -27.4085251], [-58.9882382, -27.407664], [-58.9879932, -27.4063316], [-58.9874343, -27.4052916], [-58.9874164, -27.404528], [-58.9872027, -27.404532], [-58.9869801, -27.4041541], [-58.987276, -27.4030981], [-58.9878035, -27.4028018], [-58.9888362, -27.4012545], [-58.9888227, -27.4006818], [-58.9883775, -27.3999262]], [[-59.0318823, -27.3543242], [-59.0312413, -27.3543362], [-59.0309409, -27.3552013], [-59.029986, -27.3555056], [-59.0295854, -27.3566591], [-59.0301219, -27.3567445], [-59.0303311, -27.3565496], [-59.0318225, -27.3563307], [-59.0322588, -27.3567046], [-59.0322678, -27.3570864], [-59.0313129, -27.3573907], [-59.0312127, -27.3576791], [-59.0307854, -27.3576871], [-59.0304536, -27.3572158], [-59.0298126, -27.3572278], [-59.029699, -27.3569435], [-59.0287396, -27.3570569], [-59.0286843, -27.3592544], [-59.0292252, -27.3595307], [-59.0302937, -27.3595107], [-59.0303026, -27.3598925], [-59.0291385, -27.3603918], [-59.0290384, -27.3606802], [-59.0286155, -27.3608791], [-59.0285288, -27.3617402], [-59.0287469, -27.3619271], [-59.029388, -27.3619151], [-59.0293835, -27.3617242], [-59.029911, -27.3614278], [-59.0302338, -27.3615173], [-59.0302428, -27.3618991], [-59.0292879, -27.3622034], [-59.0291922, -27.3626827], [-59.0289785, -27.3626867], [-59.0288829, -27.363166], [-59.0286692, -27.36317], [-59.0286826, -27.3637427], [-59.0292235, -27.3640191], [-59.0296509, -27.3640111], [-59.030174, -27.3635238], [-59.030706, -27.3634184], [-59.0303653, -27.3625653], [-59.030579, -27.3625613], [-59.0306746, -27.362082], [-59.0309929, -27.3619805], [-59.0311977, -27.3615947], [-59.0317296, -27.3614893], [-59.031794, -27.3596736], [-59.0326353, -27.3590849], [-59.0330403, -27.3581224], [-59.0335678, -27.357826], [-59.0345317, -27.3579035], [-59.0348365, -27.3572293], [-59.0350502, -27.3572253], [-59.0350413, -27.3568435], [-59.0337591, -27.3568675], [-59.0330045, -27.3565951], [-59.0330867, -27.3555431], [-59.0323276, -27.3550798], [-59.0322096, -27.3546046], [-59.0318823, -27.3543242]], [[-58.9783743, -27.4018323], [-58.9776196, -27.4015599], [-58.9767649, -27.4015759], [-58.9753871, -27.4020792], [-58.9736132, -27.4039268], [-58.973413, -27.4045035], [-58.9730947, -27.404605], [-58.9728899, -27.4049908], [-58.9718394, -27.4057744], [-58.9718439, -27.4059653], [-58.9708934, -27.4064606], [-58.9703883, -27.4077115], [-58.9706154, -27.4082802], [-58.9722562, -27.409873], [-58.9731154, -27.4100479], [-58.9743796, -27.4092603], [-58.9750207, -27.4092483], [-58.9765031, -27.4086475], [-58.9783905, -27.4070843], [-58.9794142, -27.4051552], [-58.9790825, -27.4046839], [-58.9791379, -27.4024865], [-58.9783743, -27.4018323]], [[-58.9905853, -27.3801171], [-58.9901579, -27.3801251], [-58.9900891, -27.3817498], [-58.9897887, -27.3826149], [-58.9899068, -27.3830902], [-58.9906524, -27.3829807], [-58.9909618, -27.3824974], [-58.9905853, -27.3801171]], [[-58.9310235, -27.4338502], [-58.9315644, -27.4341266], [-58.9322055, -27.4341146], [-58.9328555, -27.4344844], [-58.9344604, -27.4345499], [-58.9345516, -27.4338797], [-58.9351837, -27.4334859], [-58.9352794, -27.4330066], [-58.936025, -27.4328972], [-58.9360206, -27.4327063], [-58.9363389, -27.4326048], [-58.9364256, -27.4317437], [-58.934716, -27.4317757], [-58.9346293, -27.4326368], [-58.9336789, -27.4331321], [-58.9335788, -27.4334204], [-58.9324057, -27.4335379], [-58.93101, -27.4332775], [-58.9310235, -27.4338502]], [[-58.9673865, -27.3982181], [-58.9663136, -27.3980471], [-58.9617109, -27.4023351], [-58.9617153, -27.402526], [-58.9604556, -27.4035046], [-58.9602598, -27.4042722], [-58.960478, -27.4044591], [-58.9610099, -27.4043537], [-58.9606005, -27.4051253], [-58.9607185, -27.4056006], [-58.9603269, -27.4071358], [-58.9584485, -27.4090809], [-58.9572844, -27.4095802], [-58.9563429, -27.4104573], [-58.9558422, -27.4118991], [-58.9558646, -27.4128536], [-58.9553684, -27.4144864], [-58.9549455, -27.4146853], [-58.9543358, -27.4160336], [-58.9548169, -27.4183165], [-58.9556896, -27.4190642], [-58.956226, -27.4191496], [-58.9570763, -27.4189427], [-58.9585766, -27.4191056], [-58.9595271, -27.4186104], [-58.9602459, -27.4173555], [-58.9607734, -27.4170591], [-58.9611873, -27.4164784], [-58.9624561, -27.4158817], [-58.9633886, -27.4146228], [-58.9627206, -27.4134893], [-58.9613026, -27.4122744], [-58.9612981, -27.4120835], [-58.9604299, -27.4115267], [-58.9605211, -27.4108566], [-58.9611442, -27.4100809], [-58.96199, -27.4096831], [-58.9626311, -27.4096711], [-58.9637264, -27.4107966], [-58.9644811, -27.4110689], [-58.9652267, -27.4109595], [-58.9664132, -27.4114148], [-58.967268, -27.4113988], [-58.968323, -27.4108061], [-58.9686234, -27.409941], [-58.9686055, -27.4091773], [-58.9683829, -27.4087995], [-58.9684696, -27.4079384], [-58.9681423, -27.4076581], [-58.9681334, -27.4072762], [-58.9688567, -27.4062122], [-58.9703391, -27.4056115], [-58.9709622, -27.4048359], [-58.9707217, -27.4036944], [-58.9693215, -27.4032431], [-58.9675253, -27.4041362], [-58.9669066, -27.4051028], [-58.9658516, -27.4056955], [-58.9654242, -27.4057035], [-58.9646651, -27.4052402], [-58.9646606, -27.4050493], [-58.9651926, -27.4049439], [-58.9686402, -27.401537], [-58.9700135, -27.4008428], [-58.9700045, -27.400461], [-58.9673865, -27.3982181]], [[-58.9200548, -27.4401673], [-58.9204822, -27.4401593], [-58.9208961, -27.4395785], [-58.921842, -27.4388924], [-58.9218331, -27.4385105], [-58.9214057, -27.4385185], [-58.9209828, -27.4387175], [-58.9208827, -27.4390058], [-58.9201415, -27.4393062], [-58.9200548, -27.4401673]], [[-58.9229838, -27.4374386], [-58.9223382, -27.4372596], [-58.9220244, -27.437552], [-58.9220334, -27.4379338], [-58.9227835, -27.4380153], [-58.9229838, -27.4374386]], [[-58.9492223, -27.412214], [-58.9480403, -27.4119496], [-58.9465534, -27.4123594], [-58.9460438, -27.4134194], [-58.9462799, -27.4143699], [-58.9461932, -27.415231], [-58.9455611, -27.4156248], [-58.9453563, -27.4160107], [-58.9448243, -27.4161161], [-58.9447242, -27.4164045], [-58.9437738, -27.4168997], [-58.9424139, -27.4181667], [-58.942109, -27.4188408], [-58.9414724, -27.4190437], [-58.9410943, -27.4211517], [-58.9421851, -27.4220863], [-58.9427126, -27.4217899], [-58.9433537, -27.4217779], [-58.9451499, -27.4208848], [-58.9460181, -27.4214416], [-58.9467683, -27.421523], [-58.9479234, -27.420642], [-58.9480924, -27.4187289], [-58.9485018, -27.4179572], [-58.9491384, -27.4177543], [-58.9500799, -27.4168772], [-58.9504804, -27.4157238], [-58.9504357, -27.4138147], [-58.950095, -27.4129616], [-58.9492223, -27.412214]], [[-58.967043, -27.3926857], [-58.9663063, -27.393177], [-58.9662151, -27.3938471], [-58.9666559, -27.3944119], [-58.9670011, -27.3954559], [-58.9677512, -27.3955373], [-58.9680695, -27.3954359], [-58.9687973, -27.3945628], [-58.9688885, -27.3938926], [-58.9674704, -27.3926777], [-58.967043, -27.3926857]], [[-58.9341784, -27.4225226], [-58.9330098, -27.422831], [-58.9323822, -27.4234157], [-58.9321819, -27.4239924], [-58.9319682, -27.4239964], [-58.9319727, -27.4241873], [-58.9316544, -27.4242888], [-58.9312405, -27.4248695], [-58.9310268, -27.4248735], [-58.9309266, -27.4251619], [-58.9307129, -27.4251659], [-58.9304036, -27.4256491], [-58.9291438, -27.4266277], [-58.9286342, -27.4276877], [-58.9275837, -27.4284713], [-58.9277107, -27.4293284], [-58.9279244, -27.4293244], [-58.9290197, -27.4304499], [-58.9296607, -27.4304379], [-58.9302929, -27.430044], [-58.9304886, -27.4292764], [-58.9299477, -27.429], [-58.9299432, -27.4288091], [-58.9303706, -27.4288011], [-58.9305753, -27.4284153], [-58.9309983, -27.4282164], [-58.9314989, -27.4267746], [-58.9323402, -27.4261859], [-58.9329589, -27.4252193], [-58.9332772, -27.4251179], [-58.9342142, -27.4240499], [-58.9344279, -27.4240459], [-58.9346327, -27.4236601], [-58.9346147, -27.4228964], [-58.9341784, -27.4225226]], [[-59.0146141, -27.3427103], [-59.0142002, -27.343291], [-59.0142136, -27.3438637], [-59.0145364, -27.3439532], [-59.014759, -27.344331], [-59.0151864, -27.344323], [-59.0154958, -27.3438398], [-59.0154734, -27.3428852], [-59.0146141, -27.3427103]], [[-59.0144379, -27.3397532], [-59.0144603, -27.3407077], [-59.0154421, -27.3415488], [-59.0154555, -27.3421216], [-59.0162056, -27.342203], [-59.0171561, -27.3417078], [-59.0171426, -27.341135], [-59.0161653, -27.3404848], [-59.0161564, -27.340103], [-59.015729, -27.340111], [-59.0149699, -27.3396478], [-59.0144379, -27.3397532]], [[-59.0198742, -27.3436623], [-59.0188013, -27.3434914], [-59.0181781, -27.344267], [-59.0177552, -27.3444659], [-59.0180092, -27.3461801], [-59.0186592, -27.3465499], [-59.018577, -27.3476019], [-59.0190133, -27.3479758], [-59.0188309, -27.3493161], [-59.0182989, -27.3494216], [-59.0174352, -27.3490558], [-59.0164759, -27.3491692], [-59.0164982, -27.3501238], [-59.0170526, -27.3509728], [-59.0169749, -27.3522158], [-59.0173111, -27.3528779], [-59.0181793, -27.3534347], [-59.0193613, -27.353699], [-59.0199067, -27.3541663], [-59.0199156, -27.3545481], [-59.0185289, -27.3546696], [-59.0180059, -27.3551569], [-59.0175007, -27.3564078], [-59.0162275, -27.3568136], [-59.0151412, -27.3560699], [-59.0151233, -27.3553063], [-59.0164876, -27.3542303], [-59.0164787, -27.3538485], [-59.0158242, -27.3532878], [-59.014424, -27.3528365], [-59.0138786, -27.3523692], [-59.0139519, -27.3509354], [-59.0125338, -27.3497205], [-59.0123201, -27.3497245], [-59.0107929, -27.3484161], [-59.0103655, -27.3484241], [-59.0088876, -27.3492157], [-59.0089279, -27.3509339], [-59.0095913, -27.3518764], [-59.009941, -27.3531114], [-59.0104864, -27.3535786], [-59.0123095, -27.353831], [-59.0126725, -27.3556386], [-59.0121405, -27.3557441], [-59.0118267, -27.3560365], [-59.0116444, -27.3573768], [-59.0131671, -27.3584943], [-59.0139396, -27.3595303], [-59.0153308, -27.3595997], [-59.0164261, -27.3607252], [-59.0175947, -27.3604168], [-59.0182447, -27.3607867], [-59.0194491, -27.3620056], [-59.0193535, -27.3624849], [-59.0182806, -27.3623139], [-59.0175349, -27.3624234], [-59.0170118, -27.3629107], [-59.0169251, -27.3637718], [-59.0173615, -27.3641456], [-59.0174885, -27.3650027], [-59.0182386, -27.3650841], [-59.0187616, -27.3645969], [-59.0192936, -27.3644914], [-59.0195118, -27.3646783], [-59.0193205, -27.3656369], [-59.0200707, -27.3657183], [-59.0203979, -27.3659987], [-59.0203067, -27.3666689], [-59.0192383, -27.3666889], [-59.0187152, -27.3671761], [-59.0186375, -27.368419], [-59.0188556, -27.3686059], [-59.0188736, -27.3693696], [-59.0182414, -27.3697634], [-59.0172821, -27.3698768], [-59.0160178, -27.3706645], [-59.0154858, -27.3707699], [-59.0150674, -27.3711597], [-59.0148716, -27.3719274], [-59.0141259, -27.3720368], [-59.0116528, -27.3714146], [-59.0106666, -27.3703826], [-59.0107533, -27.3695215], [-59.0111762, -27.3693226], [-59.0119264, -27.3694041], [-59.0128813, -27.3690997], [-59.0136314, -27.3691812], [-59.0143905, -27.3696445], [-59.0158864, -27.3696165], [-59.0165185, -27.3692227], [-59.0165006, -27.368459], [-59.0158103, -27.366371], [-59.0148106, -27.3647663], [-59.0146612, -27.3629547], [-59.0138065, -27.3629706], [-59.0135016, -27.3636448], [-59.0135195, -27.3644085], [-59.0128919, -27.3649932], [-59.0114095, -27.3655939], [-59.0108864, -27.3660812], [-59.0102453, -27.3660932], [-59.0102364, -27.3657114], [-59.0108596, -27.3649357], [-59.0109463, -27.3640746], [-59.0114469, -27.3626328], [-59.0117607, -27.3623405], [-59.0119386, -27.3608092], [-59.0117249, -27.3608132], [-59.0093206, -27.3585663], [-59.0093027, -27.3578026], [-59.0097167, -27.3572219], [-59.0109764, -27.3562434], [-59.0110676, -27.3555732], [-59.0105177, -27.354915], [-59.0094493, -27.354935], [-59.0089262, -27.3554223], [-59.0084211, -27.3566732], [-59.007139, -27.3566972], [-59.0052801, -27.3549175], [-59.0037708, -27.3543728], [-59.0031163, -27.3538121], [-59.0030939, -27.3528575], [-59.001489, -27.352792], [-59.0010706, -27.3531819], [-59.001084, -27.3537546], [-59.0014112, -27.354035], [-59.0030251, -27.3544822], [-59.0055385, -27.3568226], [-59.0069432, -27.3574648], [-59.0078158, -27.3582124], [-59.0079339, -27.3586877], [-59.0077291, -27.3590735], [-59.007747, -27.3598372], [-59.0080743, -27.3601175], [-59.0083283, -27.3618317], [-59.0096462, -27.363335], [-59.0093369, -27.3638183], [-59.0088049, -27.3639237], [-59.0079725, -27.3648943], [-59.0073359, -27.3650972], [-59.0070266, -27.3655804], [-59.0067083, -27.3656819], [-59.0067172, -27.3660637], [-59.0072671, -27.3667219], [-59.0074075, -27.3681517], [-59.006889, -27.3688299], [-59.006593, -27.3698859], [-59.0078752, -27.3698619], [-59.0088569, -27.370703], [-59.0088659, -27.3710848], [-59.0081202, -27.3711943], [-59.0074657, -27.3706335], [-59.0068246, -27.3706455], [-59.0057651, -27.3710473], [-59.005665, -27.3713357], [-59.0052421, -27.3715346], [-59.00526, -27.3722982], [-59.0058009, -27.3725746], [-59.0058189, -27.3733382], [-59.0064599, -27.3733262], [-59.0067872, -27.3736066], [-59.0066915, -27.3740859], [-59.0061685, -27.3745732], [-59.0039404, -27.3752833], [-59.0027673, -27.3754008], [-59.0024267, -27.3745477], [-59.0020994, -27.3742673], [-58.9999535, -27.3739255], [-58.9991212, -27.374896], [-58.9983755, -27.3750055], [-58.9981573, -27.3748186], [-58.9981439, -27.3742458], [-58.9994037, -27.3732673], [-58.9999088, -27.3720164], [-59.0006545, -27.3719069], [-59.000768, -27.3721913], [-59.0016362, -27.372748], [-59.003664, -27.3726146], [-59.0045054, -27.3720259], [-59.0052152, -27.3703891], [-59.0052885, -27.3689553], [-59.0045205, -27.3681102], [-59.0045026, -27.3673466], [-59.0041753, -27.3670662], [-59.0041484, -27.3659208], [-59.0045534, -27.3649582], [-59.0051811, -27.3643735], [-59.0055906, -27.3636019], [-59.0056817, -27.3629317], [-59.0049226, -27.3624684], [-59.0042592, -27.3615259], [-59.0042502, -27.3611441], [-59.0037048, -27.3606768], [-59.0035823, -27.3600106], [-59.0030458, -27.3599251], [-59.0019595, -27.3591815], [-59.0016278, -27.3587102], [-59.0015008, -27.3578531], [-59.0009553, -27.3573859], [-58.9966502, -27.3561295], [-58.995259, -27.35606], [-58.9948361, -27.3562589], [-58.9948584, -27.3572135], [-58.9955129, -27.3577742], [-58.9965769, -27.3575633], [-58.9987183, -27.3577142], [-58.9993639, -27.3578931], [-59.0003501, -27.3589251], [-58.9997448, -27.3604644], [-58.9981489, -27.3607808], [-58.9976303, -27.3614589], [-58.9976392, -27.3618408], [-58.9980756, -27.3622146], [-58.998503, -27.3622066], [-58.9997029, -27.3632346], [-58.9997208, -27.3639982], [-58.9992979, -27.3641971], [-58.9983296, -27.3639288], [-58.9976795, -27.3635589], [-58.9973478, -27.3630877], [-58.9963884, -27.3632011], [-58.9961703, -27.3630142], [-58.9962659, -27.3625349], [-58.996898, -27.3621411], [-58.9964438, -27.3610037], [-58.9966351, -27.3600451], [-58.995758, -27.3591066], [-58.9949032, -27.3591226], [-58.994685, -27.3589356], [-58.9942577, -27.3589436], [-58.9940529, -27.3593295], [-58.9938392, -27.3593335], [-58.9938706, -27.3606698], [-58.9935567, -27.3609622], [-58.9934147, -27.3640207], [-58.9939601, -27.364488], [-58.9948148, -27.364472], [-58.9951421, -27.3647524], [-58.9951511, -27.3651342], [-58.9942963, -27.3651502], [-58.9940871, -27.3653451], [-58.994105, -27.3661087], [-58.9943187, -27.3661047], [-58.9949776, -27.3668564], [-58.9948865, -27.3675266], [-58.9945726, -27.3678189], [-58.993295, -27.3680338], [-58.9931037, -27.3689924], [-58.9933397, -27.3699429], [-58.9936625, -27.3700324], [-58.9950493, -27.3699109], [-58.9955678, -27.3692327], [-58.9959952, -27.3692247], [-58.9960042, -27.3696066], [-58.9954766, -27.3699029], [-58.9949581, -27.3705811], [-58.9936894, -27.3711778], [-58.9936938, -27.3713687], [-58.9924162, -27.3715836], [-58.992316, -27.371872], [-58.9919977, -27.3719734], [-58.9916929, -27.3726476], [-58.9918288, -27.3738865], [-58.9911055, -27.3749505], [-58.9911279, -27.3759051], [-58.9908141, -27.3761974], [-58.9912085, -27.3793414], [-58.9914311, -27.3797193], [-58.9920616, -27.3838138], [-58.9930103, -27.3878069], [-58.9929192, -27.3884771], [-58.9923827, -27.3883916], [-58.9917791, -27.3854425], [-58.9912382, -27.3851662], [-58.9912292, -27.3847844], [-58.9906883, -27.384508], [-58.9894106, -27.3847229], [-58.9894195, -27.3851047], [-58.9898559, -27.3854785], [-58.9897692, -27.3863396], [-58.9905283, -27.3868029], [-58.9907554, -27.3873716], [-58.9906732, -27.3884236], [-58.9911095, -27.3887974], [-58.9915637, -27.3899349], [-58.9914815, -27.3909869], [-58.9923542, -27.3917345], [-58.9922675, -27.3925956], [-58.9917444, -27.3930829], [-58.991208, -27.3929974], [-58.9909853, -27.3926196], [-58.98859, -27.3907545], [-58.9883629, -27.3901858], [-58.9884496, -27.3893247], [-58.9878862, -27.3880938], [-58.9879774, -27.3874236], [-58.9877503, -27.3868549], [-58.9861096, -27.3852621], [-58.9862052, -27.3847829], [-58.985228, -27.3841327], [-58.985101, -27.3832756], [-58.9841058, -27.3818618], [-58.9842926, -27.3807123], [-58.9853387, -27.3797378], [-58.9856436, -27.3790636], [-58.9856122, -27.3777272], [-58.985817, -27.3773414], [-58.985681, -27.3761025], [-58.9858813, -27.3755258], [-58.9850953, -27.3739171], [-58.984659, -27.3735432], [-58.98465, -27.3731614], [-58.9844363, -27.3731654], [-58.9833455, -27.3722309], [-58.9813177, -27.3723643], [-58.9805899, -27.3732374], [-58.980167, -27.3734363], [-58.9798621, -27.3741105], [-58.9785889, -27.3745163], [-58.9778522, -27.3750076], [-58.9778058, -27.3775868], [-58.9776055, -27.3781636], [-58.9765416, -27.3783745], [-58.9758227, -27.3796294], [-58.9746676, -27.3805105], [-58.9744673, -27.3810872], [-58.9745943, -27.3819443], [-58.9755761, -27.3827854], [-58.9762216, -27.3829643], [-58.9773124, -27.3838988], [-58.9779759, -27.3848414], [-58.9816803, -27.3878279], [-58.9819074, -27.3883967], [-58.9818251, -27.3894487], [-58.9820478, -27.3898265], [-58.9820702, -27.390781], [-58.9816786, -27.3923163], [-58.981701, -27.3932708], [-58.9815007, -27.3938476], [-58.9811824, -27.393949], [-58.9814095, -27.3945178], [-58.9812138, -27.3952854], [-58.9807864, -27.3952934], [-58.9800273, -27.3948301], [-58.9788229, -27.3936112], [-58.978914, -27.392941], [-58.9797554, -27.3923523], [-58.9800647, -27.391869], [-58.9805609, -27.3902363], [-58.9804294, -27.3891883], [-58.9795433, -27.3878679], [-58.9795344, -27.3874861], [-58.9793162, -27.3872992], [-58.9773885, -27.3871443], [-58.9759106, -27.3879359], [-58.9743146, -27.3882523], [-58.9735511, -27.3875981], [-58.973306, -27.3862657], [-58.9726515, -27.385705], [-58.9726426, -27.3853232], [-58.9724289, -27.3853272], [-58.9732613, -27.3843566], [-58.9732523, -27.3839748], [-58.9710706, -27.3821057], [-58.9700067, -27.3823166], [-58.9694836, -27.3828039], [-58.9692923, -27.3837624], [-58.9709286, -27.3851643], [-58.970933, -27.3853552], [-58.9702875, -27.3851763], [-58.970292, -27.3853672], [-58.9695552, -27.3858584], [-58.9690501, -27.3871093], [-58.9683268, -27.3881733], [-58.9680264, -27.3890384], [-58.9681445, -27.3895137], [-58.9691217, -27.3901639], [-58.9721134, -27.3901079], [-58.9734179, -27.3910384], [-58.9736495, -27.3917981], [-58.9713482, -27.3939421], [-58.9713526, -27.394133], [-58.9716754, -27.3942224], [-58.9722029, -27.3939261], [-58.9735942, -27.3939955], [-58.9746895, -27.395121], [-58.9755532, -27.3954868], [-58.9746251, -27.3969366], [-58.9801884, -27.4017028], [-58.9806158, -27.4016948], [-58.9816619, -27.4007203], [-58.9816574, -27.4005294], [-58.9823986, -27.400229], [-58.9836539, -27.3990596], [-58.9840857, -27.3992425], [-58.9847223, -27.3990396], [-58.9861136, -27.399109], [-58.9872732, -27.3984189], [-58.9880189, -27.3983094], [-58.9876183, -27.3994629], [-58.9877364, -27.3999381], [-58.9880592, -27.4000276], [-58.9882549, -27.39926], [-58.9884686, -27.399256], [-58.9888736, -27.3982934], [-58.9887556, -27.3978182], [-58.989056, -27.3969531], [-58.9913574, -27.3948091], [-58.9916622, -27.3941349], [-58.9922943, -27.3937411], [-58.9929444, -27.3941109], [-58.9928577, -27.394972], [-58.9930758, -27.3951589], [-58.9937169, -27.3951469], [-58.9936945, -27.3941924], [-58.994231, -27.3942778], [-58.9941398, -27.394948], [-58.994358, -27.3951349], [-58.9943804, -27.3960895], [-58.9940621, -27.3961909], [-58.9938708, -27.3971495], [-58.9946343, -27.3978036], [-58.9946522, -27.3985673], [-58.99522, -27.3999891], [-58.9956608, -27.4005538], [-58.996411, -27.4006353], [-58.9966068, -27.3998676], [-58.9969251, -27.3997662], [-58.9983163, -27.3998357], [-58.998412, -27.3993564], [-58.9979801, -27.3991735], [-58.9979712, -27.3987917], [-58.9992444, -27.3983858], [-58.9993445, -27.3980975], [-59.0002904, -27.3974113], [-59.0002815, -27.3970295], [-58.9993042, -27.3963793], [-58.9992818, -27.3954247], [-59.0006686, -27.3953033], [-59.0009734, -27.3946291], [-59.0023602, -27.3945077], [-59.0027831, -27.3943088], [-59.0027697, -27.393736], [-59.0016609, -27.3920379], [-59.0016475, -27.3914651], [-59.0008794, -27.39062], [-59.0009706, -27.3899499], [-59.0017163, -27.3898404], [-59.002589, -27.390588], [-59.0025979, -27.3909699], [-59.0029252, -27.3912502], [-59.0034616, -27.3913357], [-59.0034795, -27.3920993], [-59.0044837, -27.393895], [-59.0044926, -27.3942768], [-59.0032373, -27.3954462], [-59.0033688, -27.3964942], [-59.0044417, -27.3966651], [-59.0050739, -27.3962713], [-59.0087066, -27.3962033], [-59.0087021, -27.3960124], [-59.0093387, -27.3958095], [-59.009539, -27.3952328], [-59.0097527, -27.3952288], [-59.0099574, -27.394843], [-59.0119808, -27.3945186], [-59.012722, -27.3942183], [-59.0131404, -27.3938285], [-59.013236, -27.3933492], [-59.0139593, -27.3922852], [-59.0150099, -27.3915016], [-59.0156465, -27.3912986], [-59.0170377, -27.3913681], [-59.0192613, -27.390467], [-59.0192569, -27.3902761], [-59.0201071, -27.3900692], [-59.0204165, -27.3895859], [-59.0210486, -27.3891921], [-59.0211398, -27.3885219], [-59.0217719, -27.3881281], [-59.0221859, -27.3875474], [-59.0225819, -27.386203], [-59.0233276, -27.3860936], [-59.0233455, -27.3868572], [-59.0247546, -27.3876903], [-59.0245678, -27.3888398], [-59.0249952, -27.3888318], [-59.0255093, -27.3879627], [-59.0260412, -27.3878572], [-59.0260368, -27.3876663], [-59.0266689, -27.3872725], [-59.0269559, -27.3858347], [-59.0260966, -27.3856598], [-59.0252239, -27.3849121], [-59.0240419, -27.3846478], [-59.0236056, -27.384274], [-59.0229645, -27.384286], [-59.0225282, -27.3839121], [-59.0216734, -27.3839281], [-59.0214553, -27.3837412], [-59.0216555, -27.3831645], [-59.0215196, -27.3819256], [-59.022875, -27.3804678], [-59.0230439, -27.3785547], [-59.0263405, -27.3778245], [-59.0265452, -27.3774387], [-59.0269681, -27.3772398], [-59.0276092, -27.3772278], [-59.0284729, -27.3775936], [-59.0293277, -27.3775776], [-59.0304918, -27.3770784], [-59.0329559, -27.3773187], [-59.0344383, -27.376718], [-59.0356159, -27.3767915], [-59.0363705, -27.3770638], [-59.0375436, -27.3769464], [-59.0374943, -27.3748464], [-59.0360807, -27.3738224], [-59.034694, -27.3739438], [-59.0341665, -27.3742402], [-59.0304246, -27.3742147], [-59.0294474, -27.3735645], [-59.0299435, -27.3719318], [-59.0298121, -27.3708838], [-59.029044, -27.3700387], [-59.0283985, -27.3698598], [-59.0283895, -27.369478], [-59.0291083, -27.3682231], [-59.0293041, -27.3674554], [-59.0298316, -27.3671591], [-59.0298227, -27.3667773], [-59.0286407, -27.3665129], [-59.0286451, -27.3667038], [-59.0282222, -27.3669027], [-59.0275812, -27.3669147], [-59.0269222, -27.3661631], [-59.0270178, -27.3656838], [-59.0278637, -27.365286], [-59.0278547, -27.3649042], [-59.0270866, -27.3640591], [-59.0270732, -27.3634863], [-59.0266234, -27.3625398], [-59.0265966, -27.3613943], [-59.0260556, -27.361118], [-59.0256971, -27.3595013], [-59.0246795, -27.3571329], [-59.0230388, -27.3555401], [-59.0230253, -27.3549674], [-59.0255896, -27.3549194], [-59.0265669, -27.3555696], [-59.0293449, -27.3555176], [-59.029445, -27.3552293], [-59.0300816, -27.3550264], [-59.0301773, -27.3545471], [-59.0304911, -27.3542547], [-59.0311277, -27.3540518], [-59.0309962, -27.3530038], [-59.0296962, -27.3522642], [-59.0296872, -27.3518824], [-59.0292509, -27.3515085], [-59.0287144, -27.3514231], [-59.0280599, -27.3508624], [-59.028051, -27.3504805], [-59.0272874, -27.3498264], [-59.0266418, -27.3496474], [-59.0252193, -27.3482416], [-59.0245782, -27.3482536], [-59.0245558, -27.3472991], [-59.0234918, -27.34751], [-59.023187, -27.3481842], [-59.0225593, -27.3487689], [-59.0206406, -27.3489958], [-59.0205226, -27.3485205], [-59.0213639, -27.3479318], [-59.0213549, -27.34755], [-59.020282, -27.347379], [-59.0199548, -27.3470987], [-59.0199458, -27.3467169], [-59.020687, -27.3464165], [-59.0208917, -27.3460307], [-59.0208783, -27.345458], [-59.020442, -27.3450841], [-59.0204196, -27.3441296], [-59.0198742, -27.3436623]], [[-58.9684168, -27.3783355], [-58.9684347, -27.3790992], [-58.9690848, -27.379469], [-58.9695121, -27.379461], [-58.970062, -27.3801192], [-58.9711305, -27.3800992], [-58.9711171, -27.3795264], [-58.9703535, -27.3788723], [-58.969817, -27.3787868], [-58.9689488, -27.3782301], [-58.9684168, -27.3783355]], [[-58.8956891, -27.4540882], [-58.8966798, -27.4553111], [-58.8966887, -27.455693], [-58.8987702, -27.4578504], [-58.8987837, -27.4584232], [-58.9003108, -27.4597315], [-58.9006515, -27.4605846], [-58.9014106, -27.4610479], [-58.9029602, -27.4633108], [-58.9034966, -27.4633963], [-58.903797, -27.4625312], [-58.9049522, -27.4616501], [-58.9060117, -27.4612483], [-58.9068754, -27.4616141], [-58.9069979, -27.4622803], [-58.9075433, -27.4627476], [-58.9091572, -27.4631948], [-58.9092797, -27.463861], [-58.9086387, -27.463873], [-58.9080155, -27.4646487], [-58.9073789, -27.4648516], [-58.9067647, -27.466009], [-58.9061281, -27.4662119], [-58.90601, -27.4657366], [-58.9057964, -27.4657406], [-58.9062058, -27.464969], [-58.9062746, -27.4633443], [-58.9052017, -27.4631734], [-58.9041377, -27.4633843], [-58.9041422, -27.4635752], [-58.9038239, -27.4636766], [-58.9039554, -27.4647246], [-58.9046009, -27.4649035], [-58.9046099, -27.4652854], [-58.9059368, -27.4671705], [-58.9059502, -27.4677432], [-58.9065001, -27.4684014], [-58.9064089, -27.4690716], [-58.9074998, -27.4700061], [-58.908359, -27.470181], [-58.9086728, -27.4698887], [-58.9103689, -27.4692839], [-58.913821, -27.466068], [-58.9140123, -27.4651094], [-58.9144396, -27.4651014], [-58.9143171, -27.4644352], [-58.9131441, -27.4645527], [-58.9128347, -27.465036], [-58.9113478, -27.4654458], [-58.9114435, -27.4649665], [-58.9108024, -27.4649785], [-58.9112164, -27.4643978], [-58.9109893, -27.463829], [-58.9106665, -27.4637396], [-58.9103527, -27.4640319], [-58.9098162, -27.4639465], [-58.9098117, -27.4637556], [-58.9100254, -27.4637516], [-58.910012, -27.4631788], [-58.9107577, -27.4630694], [-58.912131, -27.4623752], [-58.9141034, -27.4644392], [-58.9148536, -27.4645207], [-58.9149537, -27.4642323], [-58.9141767, -27.4630054], [-58.9146041, -27.4629974], [-58.9146998, -27.4625181], [-58.9154499, -27.4625996], [-58.9155769, -27.4634567], [-58.9175673, -27.4662843], [-58.9208638, -27.4655542], [-58.9215049, -27.4655422], [-58.9218321, -27.4658225], [-58.9223641, -27.4657171], [-58.9233414, -27.4663673], [-58.9277467, -27.4673353], [-58.9288285, -27.467888], [-58.9298193, -27.4691109], [-58.9312284, -27.469944], [-58.9316513, -27.4697451], [-58.9321878, -27.4698306], [-58.9331382, -27.4693353], [-58.9345204, -27.469023], [-58.9348253, -27.4683488], [-58.9348986, -27.466915], [-58.9355218, -27.4661393], [-58.9352902, -27.4653797], [-58.9357175, -27.4653717], [-58.9357131, -27.4651808], [-58.9365723, -27.4653557], [-58.9373359, -27.4660099], [-58.9371356, -27.4665866], [-58.9373672, -27.4673462], [-58.9371535, -27.4673502], [-58.9369846, -27.4692633], [-58.9371026, -27.4697386], [-58.9376391, -27.4698241], [-58.9391081, -27.4686506], [-58.9394907, -27.4667335], [-58.9405368, -27.465759], [-58.9419235, -27.4656375], [-58.942874, -27.4651423], [-58.9441292, -27.4639728], [-58.9442249, -27.4634936], [-58.9444386, -27.4634896], [-58.944325, -27.4632052], [-58.943152, -27.4633226], [-58.9424975, -27.4627619], [-58.9423615, -27.461523], [-58.9420298, -27.4610517], [-58.9422301, -27.460475], [-58.9453263, -27.4603216], [-58.9468266, -27.4604845], [-58.9480998, -27.4600787], [-58.9498094, -27.4600467], [-58.9504594, -27.4604165], [-58.9511005, -27.4604045], [-58.9513231, -27.4607823], [-58.9522914, -27.4610507], [-58.9524095, -27.461526], [-58.9518864, -27.4620132], [-58.9520045, -27.4624885], [-58.9523317, -27.4627689], [-58.9525454, -27.4627649], [-58.9531686, -27.4619892], [-58.9536961, -27.4616929], [-58.9552009, -27.4620467], [-58.9558509, -27.4624165], [-58.9558554, -27.4626074], [-58.9564964, -27.4625954], [-58.9568103, -27.4623031], [-58.9577741, -27.4623805], [-58.959657, -27.4606264], [-58.9596347, -27.4596718], [-58.9599351, -27.4588067], [-58.9594763, -27.4574784], [-58.9596677, -27.4565198], [-58.9607316, -27.4563089], [-58.9620227, -27.4566667], [-58.9629687, -27.4559806], [-58.9627416, -27.4554118], [-58.9621005, -27.4554238], [-58.9615551, -27.4549566], [-58.9608094, -27.455066], [-58.9606913, -27.4545907], [-58.9603686, -27.4545013], [-58.960255, -27.4542169], [-58.9592912, -27.4541394], [-58.9579178, -27.4548336], [-58.957081, -27.4556133], [-58.956794, -27.4570511], [-58.9563756, -27.4574409], [-58.9556254, -27.4573594], [-58.9551891, -27.4569856], [-58.9545436, -27.4568067], [-58.95443, -27.4565223], [-58.9535708, -27.4563474], [-58.9522573, -27.4550351], [-58.9520855, -27.4522689], [-58.9523814, -27.4512129], [-58.9520542, -27.4509325], [-58.9521498, -27.4504532], [-58.9514774, -27.4491289], [-58.9513415, -27.44789], [-58.9515507, -27.4476951], [-58.9532602, -27.4476631], [-58.9539835, -27.4465991], [-58.9547292, -27.4464896], [-58.9559381, -27.4478994], [-58.9573562, -27.4491144], [-58.9580241, -27.4502478], [-58.9589013, -27.4511864], [-58.9605106, -27.4514427], [-58.9605151, -27.4516336], [-58.960947, -27.4518165], [-58.9618017, -27.4518006], [-58.9628568, -27.4512078], [-58.9630302, -27.4494857], [-58.9623757, -27.4489249], [-58.9615987, -27.447698], [-58.9615897, -27.4473162], [-58.963368, -27.4456595], [-58.96325, -27.4451842], [-58.9623729, -27.4442456], [-58.9616137, -27.4437824], [-58.9611864, -27.4437904], [-58.9607679, -27.4441802], [-58.9587491, -27.4446954], [-58.9582215, -27.4449918], [-58.9578076, -27.4455725], [-58.957957, -27.4473842], [-58.9590478, -27.4483187], [-58.9596889, -27.4483067], [-58.9613072, -27.4489449], [-58.9609979, -27.4494282], [-58.9607842, -27.4494322], [-58.9607752, -27.4490504], [-58.9598203, -27.4493547], [-58.9580795, -27.4480504], [-58.9575251, -27.4472013], [-58.9566569, -27.4466445], [-58.9564298, -27.4460758], [-58.952467, -27.4411841], [-58.9522309, -27.4402336], [-58.9528496, -27.4392671], [-58.9532725, -27.4390682], [-58.953809, -27.4391536], [-58.9539449, -27.4403925], [-58.9543947, -27.4413391], [-58.9551583, -27.4419933], [-58.9559129, -27.4422656], [-58.9568723, -27.4421522], [-58.9579183, -27.4411776], [-58.958014, -27.4406984], [-58.9573595, -27.4401376], [-58.9571145, -27.4388053], [-58.9588838, -27.4367667], [-58.961499, -27.4343304], [-58.9619639, -27.4313613], [-58.9636197, -27.4290384], [-58.9644744, -27.4290224], [-58.9660928, -27.4296606], [-58.9673794, -27.4298275], [-58.9684658, -27.4305711], [-58.9684792, -27.4311439], [-58.9678471, -27.4315377], [-58.9670969, -27.4314562], [-58.9664424, -27.4308955], [-58.966015, -27.4309035], [-58.9660106, -27.4307126], [-58.9651558, -27.4307286], [-58.9641875, -27.4304602], [-58.9640873, -27.4307486], [-58.96366, -27.4307566], [-58.9642278, -27.4321784], [-58.9651004, -27.432926], [-58.9660688, -27.4331944], [-58.9672373, -27.432886], [-58.9692652, -27.4327526], [-58.9711749, -27.4321439], [-58.9717114, -27.4322293], [-58.9722568, -27.4326966], [-58.9722792, -27.4336512], [-58.971547, -27.4343333], [-58.9705876, -27.4344468], [-58.9707056, -27.4349221], [-58.9715649, -27.435097], [-58.9723061, -27.4347966], [-58.9732431, -27.4337286], [-58.9734299, -27.4325792], [-58.9730892, -27.4317261], [-58.9727664, -27.4316366], [-58.9724079, -27.4300199], [-58.9728263, -27.4296301], [-58.9733583, -27.4295246], [-58.9746852, -27.4314097], [-58.976317, -27.4326206], [-58.9775258, -27.4340305], [-58.9774526, -27.4354643], [-58.9769385, -27.4363334], [-58.9769609, -27.4372879], [-58.9772926, -27.4377592], [-58.9780427, -27.4378406], [-58.9790843, -27.4366752], [-58.9800392, -27.4363708], [-58.9805623, -27.4358836], [-58.981949, -27.4357621], [-58.9823853, -27.4361359], [-58.9838857, -27.4362988], [-58.9840949, -27.4361039], [-58.9838364, -27.4341988], [-58.9825185, -27.4326956], [-58.9829458, -27.4326876], [-58.9829369, -27.4323058], [-58.9831506, -27.4323018], [-58.9836004, -27.4332483], [-58.9846822, -27.433801], [-58.9854279, -27.4336916], [-58.98606, -27.4332978], [-58.9865652, -27.4320469], [-58.9867475, -27.4307065], [-58.987689, -27.4298294], [-58.9881164, -27.4298214], [-58.9890623, -27.4291352], [-58.9897034, -27.4291232], [-58.9902264, -27.428636], [-58.990213, -27.4280632], [-58.9896452, -27.4266414], [-58.9898455, -27.4260647], [-58.9903685, -27.4255774], [-58.9919779, -27.4258338], [-58.9925278, -27.426492], [-58.9930687, -27.4267683], [-58.9937098, -27.4267563], [-58.9951743, -27.425392], [-58.9955838, -27.4246204], [-58.9964296, -27.4242225], [-58.9964206, -27.4238407], [-58.9970662, -27.4240196], [-58.9979165, -27.4238127], [-58.9990627, -27.4225498], [-58.9997037, -27.4225378], [-59.0001401, -27.4229117], [-59.000149, -27.4232935], [-59.0005764, -27.4232855], [-59.0009859, -27.4225138], [-59.0008634, -27.4218477], [-59.0005406, -27.4217582], [-59.000318, -27.4213804], [-58.9989267, -27.4213109], [-58.9989312, -27.4215018], [-58.9977626, -27.4218102], [-58.9977581, -27.4216193], [-58.9973308, -27.4216273], [-58.9971081, -27.4212495], [-58.9960218, -27.4205058], [-58.9949712, -27.4212894], [-58.9944347, -27.421204], [-58.9943346, -27.4214924], [-58.9941209, -27.4214964], [-58.9941299, -27.4218782], [-58.9944571, -27.4221585], [-58.994475, -27.4229222], [-58.9941746, -27.4237873], [-58.9931241, -27.4245709], [-58.992483, -27.4245829], [-58.9914011, -27.4240302], [-58.991056, -27.4229862], [-58.98946, -27.4233025], [-58.9894555, -27.4231116], [-58.9892418, -27.4231156], [-58.9893241, -27.4220636], [-58.9890013, -27.4219741], [-58.9889968, -27.4217832], [-58.9895288, -27.4216778], [-58.9895333, -27.4218687], [-58.9899607, -27.4218607], [-58.9899472, -27.421288], [-58.9897336, -27.421292], [-58.9897291, -27.4211011], [-58.9903567, -27.4205163], [-58.992921, -27.4204683], [-58.9933439, -27.4202694], [-58.9938625, -27.4195913], [-58.9940538, -27.4186327], [-58.9943676, -27.4183404], [-58.9972323, -27.4174273], [-58.9988327, -27.4173018], [-58.9988506, -27.4180655], [-58.998223, -27.4186502], [-58.9982319, -27.419032], [-58.9979181, -27.4193244], [-58.9981542, -27.4202749], [-59.001491, -27.4212629], [-59.0022546, -27.4219171], [-59.0020678, -27.4230666], [-59.0012443, -27.4244189], [-59.0012622, -27.4251826], [-59.0017031, -27.4257473], [-59.0025578, -27.4257313], [-59.0030809, -27.425244], [-59.0030764, -27.4250531], [-59.0025354, -27.4247768], [-59.0025175, -27.4240131], [-59.0031452, -27.4234284], [-59.0033365, -27.4224699], [-59.0030959, -27.4213284], [-59.0020051, -27.4203938], [-59.0014686, -27.4203084], [-59.0011324, -27.4196462], [-59.0007051, -27.4196542], [-59.0007095, -27.4198451], [-59.0003912, -27.4199466], [-58.999523, -27.4193898], [-58.9995186, -27.4191989], [-59.0014418, -27.4191629], [-59.002174, -27.4184808], [-59.0021517, -27.4175262], [-59.0017064, -27.4167706], [-59.0012745, -27.4165877], [-59.00127, -27.4163968], [-59.0000701, -27.4153687], [-58.9995023, -27.4139469], [-58.9983024, -27.4129189], [-58.9978795, -27.4131178], [-58.9981424, -27.4152138], [-58.9975058, -27.4154167], [-58.9965599, -27.4161029], [-58.9960279, -27.4162084], [-58.9948727, -27.4170894], [-58.9944454, -27.4170974], [-58.9937909, -27.4165367], [-58.993755, -27.4150094], [-58.9941824, -27.4150014], [-58.9941735, -27.4146196], [-58.9937461, -27.4146276], [-58.9936281, -27.4141524], [-58.9926508, -27.4135022], [-58.9914464, -27.4122833], [-58.9899371, -27.4117385], [-58.9888508, -27.4109949], [-58.9883143, -27.4109094], [-58.9886147, -27.4100443], [-58.988401, -27.4100483], [-58.9883921, -27.4096665], [-58.9878511, -27.4093901], [-58.9877599, -27.4100603], [-58.9873415, -27.4104501], [-58.9869365, -27.4114127], [-58.9860817, -27.4114287], [-58.9856633, -27.4118185], [-58.9853629, -27.4126836], [-58.9853853, -27.4136381], [-58.9857305, -27.4146821], [-58.9874758, -27.4161774], [-58.9893033, -27.4166207], [-58.9894214, -27.417096], [-58.9898488, -27.417088], [-58.9899489, -27.4167996], [-58.9904854, -27.4168851], [-58.9915717, -27.4176287], [-58.9916853, -27.4179131], [-58.9914716, -27.4179171], [-58.9912848, -27.4190665], [-58.9896843, -27.419192], [-58.9894527, -27.4184323], [-58.9884933, -27.4185458], [-58.9874159, -27.418184], [-58.9866747, -27.4184843], [-58.9859514, -27.4195483], [-58.9852058, -27.4196578], [-58.9852147, -27.4200396], [-58.9856421, -27.4200316], [-58.9857646, -27.4206978], [-58.9872918, -27.4220061], [-58.9877192, -27.4219981], [-58.9881644, -27.4227538], [-58.9880777, -27.4236149], [-58.9875502, -27.4239112], [-58.9871363, -27.424492], [-58.9863951, -27.4247923], [-58.9853579, -27.4261487], [-58.9853669, -27.4265305], [-58.9859168, -27.4271887], [-58.9876577, -27.428493], [-58.9874529, -27.4288789], [-58.9851292, -27.4300683], [-58.9846973, -27.4298854], [-58.9841653, -27.4299908], [-58.9839293, -27.4290403], [-58.9821884, -27.4277359], [-58.9821794, -27.4273541], [-58.9815339, -27.4271752], [-58.9814159, -27.4266999], [-58.9808749, -27.4264236], [-58.9804475, -27.4264316], [-58.978342, -27.4278079], [-58.978705, -27.4296155], [-58.9798003, -27.430741], [-58.9802546, -27.4318785], [-58.9813588, -27.4333857], [-58.9815994, -27.4345272], [-58.9810808, -27.4352054], [-58.9785255, -27.4356352], [-58.9784074, -27.4351599], [-58.9788348, -27.4351519], [-58.9788259, -27.4347701], [-58.9785031, -27.4346806], [-58.9785853, -27.4336286], [-58.978149, -27.4332548], [-58.9777216, -27.4332628], [-58.9772763, -27.4325072], [-58.9754264, -27.4311094], [-58.9754174, -27.4307275], [-58.974754, -27.429785], [-58.9740726, -27.4280788], [-58.9728772, -27.4272417], [-58.9718087, -27.4272617], [-58.9707492, -27.4276635], [-58.9701082, -27.4276755], [-58.9703638, -27.4249013], [-58.9718551, -27.4246824], [-58.9731104, -27.423513], [-58.9734153, -27.4228388], [-58.9738382, -27.4226399], [-58.9738337, -27.422449], [-58.9742566, -27.4222501], [-58.9748798, -27.4214744], [-58.9755164, -27.4212715], [-58.9755119, -27.4210806], [-58.976144, -27.4206868], [-58.9763354, -27.4197283], [-58.9744765, -27.4179486], [-58.9740491, -27.4179566], [-58.9739534, -27.4184359], [-58.9734214, -27.4185413], [-58.9731988, -27.4181635], [-58.9739355, -27.4176723], [-58.9740177, -27.4166203], [-58.9744451, -27.4166123], [-58.9746454, -27.4160355], [-58.9757094, -27.4158246], [-58.9763415, -27.4154308], [-58.9770693, -27.4145577], [-58.9781377, -27.4145377], [-58.978338, -27.413961], [-58.9786563, -27.4138596], [-58.9786428, -27.4132868], [-58.9782155, -27.4132948], [-58.9770558, -27.413985], [-58.9752506, -27.4144963], [-58.9746275, -27.4152719], [-58.9743092, -27.4153734], [-58.9726998, -27.415117], [-58.9723815, -27.4152184], [-58.9723949, -27.4157912], [-58.9715446, -27.4159981], [-58.9703671, -27.4159246], [-58.9698262, -27.4156482], [-58.9678028, -27.4159726], [-58.9677116, -27.4166428], [-58.9671796, -27.4167482], [-58.9671886, -27.41713], [-58.967616, -27.417122], [-58.9676383, -27.4180766], [-58.9685468, -27.4203515], [-58.9686828, -27.4215904], [-58.9689054, -27.4219682], [-58.9689591, -27.4242591], [-58.9684719, -27.4262737], [-58.9681581, -27.426566], [-58.967517, -27.426578], [-58.9674169, -27.4268664], [-58.9670986, -27.4269679], [-58.9671075, -27.4273497], [-58.9677486, -27.4273377], [-58.9678487, -27.4270493], [-58.9680624, -27.4270453], [-58.9680669, -27.4272362], [-58.9672256, -27.4278249], [-58.9664754, -27.4277435], [-58.9660346, -27.4271788], [-58.9670359, -27.4242951], [-58.966891, -27.4226744], [-58.9660183, -27.4219268], [-58.9646271, -27.4218573], [-58.9637768, -27.4220642], [-58.9631447, -27.422458], [-58.9621853, -27.4225715], [-58.9620584, -27.4217144], [-58.961631, -27.4217224], [-58.9616399, -27.4221042], [-58.9600305, -27.4218478], [-58.9596121, -27.4222376], [-58.9573885, -27.4231387], [-58.9565561, -27.4241093], [-58.9565695, -27.424682], [-58.956051, -27.4253602], [-58.9540321, -27.4258754], [-58.9531952, -27.4266551], [-58.9528948, -27.4275202], [-58.9529307, -27.4290474], [-58.9532624, -27.4295187], [-58.9530666, -27.4302863], [-58.9536031, -27.4303718], [-58.9536344, -27.4317082], [-58.9526661, -27.4314398], [-58.9518891, -27.4302129], [-58.9511255, -27.4295587], [-58.9498433, -27.4295827], [-58.9497432, -27.429871], [-58.9493203, -27.43007], [-58.9492246, -27.4305492], [-58.9485836, -27.4305612], [-58.9485925, -27.430943], [-58.9489153, -27.4310325], [-58.9486194, -27.4320885], [-58.9487643, -27.4337092], [-58.9495547, -27.4355089], [-58.9495637, -27.4358907], [-58.9491363, -27.4358987], [-58.9491452, -27.4362805], [-58.9476404, -27.4359267], [-58.9469859, -27.4353659], [-58.9467409, -27.4340336], [-58.9464002, -27.4331805], [-58.9459639, -27.4328067], [-58.9453228, -27.4328187], [-58.9451181, -27.4332045], [-58.94539, -27.4356823], [-58.9459399, -27.4363405], [-58.9458532, -27.4372016], [-58.9456395, -27.4372056], [-58.945635, -27.4370147], [-58.9443305, -27.4360841], [-58.9436894, -27.4360961], [-58.9410518, -27.4375779], [-58.939801, -27.4389383], [-58.9386324, -27.4392466], [-58.937437, -27.4384095], [-58.9348727, -27.4384575], [-58.9340224, -27.4386644], [-58.9304943, -27.438635], [-58.9286712, -27.4383826], [-58.9280122, -27.4376309], [-58.9281079, -27.4371517], [-58.9288446, -27.4366604], [-58.9306587, -27.436531], [-58.931518, -27.4367059], [-58.9332275, -27.4366739], [-58.9343871, -27.4359837], [-58.9365151, -27.4355619], [-58.936938, -27.435363], [-58.9370605, -27.4360292], [-58.9377016, -27.4360172], [-58.9381379, -27.436391], [-58.939311, -27.4362735], [-58.9392841, -27.4351281], [-58.9379796, -27.4341975], [-58.9358427, -27.4342375], [-58.9333008, -27.4352401], [-58.9318049, -27.4352681], [-58.931796, -27.4348862], [-58.9313686, -27.4348942], [-58.931273, -27.4353735], [-58.9293497, -27.4354095], [-58.9273309, -27.4359248], [-58.9266076, -27.4369888], [-58.9268571, -27.438512], [-58.9291433, -27.4402837], [-58.9293749, -27.4410433], [-58.9312249, -27.4424411], [-58.9314475, -27.442819], [-58.9313519, -27.4432982], [-58.9311427, -27.4434931], [-58.9276145, -27.4434637], [-58.9267508, -27.4430978], [-58.9261097, -27.4431098], [-58.926023, -27.4439709], [-58.9257047, -27.4440724], [-58.9257137, -27.4444542], [-58.9255, -27.4444582], [-58.9237681, -27.4435356], [-58.921936, -27.4429015], [-58.9208631, -27.4427305], [-58.9199127, -27.4432258], [-58.9198305, -27.4442778], [-58.9194031, -27.4442858], [-58.919412, -27.4446676], [-58.919953, -27.444944], [-58.9204027, -27.4458905], [-58.9206657, -27.4479865], [-58.9202383, -27.4479945], [-58.9202472, -27.4483764], [-58.9207837, -27.4484618], [-58.9213605, -27.4502655], [-58.9219148, -27.4511145], [-58.9219327, -27.4518782], [-58.9207776, -27.4527593], [-58.9193998, -27.4532625], [-58.9186675, -27.4539447], [-58.9184807, -27.4550942], [-58.9188169, -27.4557563], [-58.9186032, -27.4557603], [-58.9185943, -27.4553785], [-58.9183806, -27.4553825], [-58.9180444, -27.4547203], [-58.9174989, -27.4542531], [-58.9174855, -27.4536803], [-58.9176858, -27.4531036], [-58.9191503, -27.4517393], [-58.9201874, -27.4503829], [-58.920165, -27.4494284], [-58.9199469, -27.4492414], [-58.9188784, -27.4492614], [-58.9180326, -27.4496593], [-58.9180281, -27.4494683], [-58.9164098, -27.4488302], [-58.9159734, -27.4484563], [-58.9161468, -27.4467342], [-58.9172707, -27.4445167], [-58.917698, -27.4445087], [-58.9178116, -27.4447931], [-58.9184482, -27.4445902], [-58.9182077, -27.4434487], [-58.9179895, -27.4432618], [-58.9173484, -27.4432738], [-58.9170167, -27.4428025], [-58.9164757, -27.4425262], [-58.9141341, -27.442952], [-58.9138024, -27.4424807], [-58.913375, -27.4424887], [-58.9131747, -27.4430654], [-58.913629, -27.4442029], [-58.9143791, -27.4442843], [-58.915334, -27.44398], [-58.9156613, -27.4442603], [-58.9156702, -27.4446422], [-58.9141235, -27.4470585], [-58.9136005, -27.4475458], [-58.9130685, -27.4476512], [-58.9123138, -27.4473789], [-58.9116593, -27.4468181], [-58.9106955, -27.4467407], [-58.9086408, -27.4457287], [-58.9069268, -27.4455697], [-58.9062768, -27.4451999], [-58.9051037, -27.4453174], [-58.9047765, -27.445037], [-58.9025215, -27.4446017], [-58.9016668, -27.4446177], [-58.9016712, -27.4448086], [-58.9014575, -27.4448126], [-58.8981028, -27.443061], [-58.8980983, -27.4428701], [-58.8985257, -27.4428621], [-58.8985212, -27.4426712], [-58.8988395, -27.4425697], [-58.8988261, -27.441997], [-58.8993491, -27.4415097], [-58.8997765, -27.4415017], [-58.9008584, -27.4420544], [-58.9050321, -27.4422628], [-58.9063053, -27.441857], [-58.9063008, -27.4416661], [-58.9071511, -27.4414592], [-58.9084109, -27.4404807], [-58.908393, -27.439717], [-58.9074202, -27.4392578], [-58.9022916, -27.4393537], [-58.8980312, -27.4400064], [-58.896758, -27.4404122], [-58.893711, -27.4426657], [-58.8940964, -27.4454279], [-58.8944281, -27.4458991], [-58.8943369, -27.4465693], [-58.8944729, -27.4478082], [-58.8946911, -27.4479951], [-58.8947179, -27.4491406], [-58.8959223, -27.4503595], [-58.895722, -27.4509362], [-58.8951901, -27.4510417], [-58.8954306, -27.4521831], [-58.8953349, -27.4526624], [-58.8958804, -27.4531297], [-58.8956891, -27.4540882]], [[-59.0011427, -27.3425804], [-59.0011561, -27.3431531], [-59.0024293, -27.3427473], [-59.0037114, -27.3427233], [-59.0045707, -27.3428982], [-59.0051161, -27.3433655], [-59.0057616, -27.3435444], [-59.0068301, -27.3435244], [-59.0071439, -27.3432321], [-59.0072172, -27.3417983], [-59.0060173, -27.3407703], [-59.0038759, -27.3406193], [-59.0033529, -27.3411066], [-59.0022934, -27.3415084], [-59.0017793, -27.3423775], [-59.0011427, -27.3425804]], [[-58.9986337, -27.3404309], [-58.9983334, -27.341296], [-59.0001833, -27.3426939], [-59.0011427, -27.3425804], [-59.0011337, -27.3421986], [-59.0008065, -27.3419182], [-59.0007886, -27.3411546], [-58.9999293, -27.3409797], [-58.9990611, -27.3404229], [-58.9986337, -27.3404309]], [[-59.000294, -27.338299], [-59.0014716, -27.3383724], [-59.0019857, -27.3375033], [-59.0025176, -27.3373979], [-59.0025042, -27.3368251], [-59.002168, -27.336163], [-59.0017406, -27.336171], [-59.0010129, -27.337044], [-59.0004809, -27.3371495], [-59.000176, -27.3378237], [-59.000294, -27.338299]], [[-58.9995573, -27.3387902], [-58.9982752, -27.3388142], [-58.9978567, -27.339204], [-58.9976744, -27.3405444], [-58.9981018, -27.3405364], [-58.9985023, -27.3393829], [-58.9995752, -27.3395539], [-58.9995573, -27.3387902]], [[-59.0060161, -27.3316026], [-59.0055887, -27.3316106], [-59.0051927, -27.332955], [-59.0045561, -27.3331579], [-59.0039105, -27.332979], [-59.0027375, -27.3330964], [-59.0023056, -27.3329135], [-59.0009233, -27.3332259], [-58.9991047, -27.3331644], [-58.9990091, -27.3336437], [-58.9993363, -27.333924], [-59.0004093, -27.334095], [-59.0006319, -27.3344728], [-59.0002179, -27.3350535], [-58.9992675, -27.3355488], [-58.9989582, -27.336032], [-58.9989761, -27.3367957], [-59.0000445, -27.3367757], [-59.0010906, -27.3358011], [-59.0020545, -27.3358786], [-59.0018273, -27.3353099], [-59.001923, -27.3348306], [-59.0026687, -27.3347211], [-59.0030826, -27.3341404], [-59.0044649, -27.3338281], [-59.0050103, -27.3342953], [-59.0050237, -27.3348681], [-59.0043094, -27.3363139], [-59.0043452, -27.3378412], [-59.0052224, -27.3387797], [-59.0062998, -27.3391415], [-59.0077089, -27.3399746], [-59.0082767, -27.3413964], [-59.0090448, -27.3422415], [-59.0091896, -27.3438623], [-59.0095214, -27.3443335], [-59.0094302, -27.3450037], [-59.0085889, -27.3455924], [-59.006561, -27.3457259], [-59.0049695, -27.3462332], [-59.0044465, -27.3467204], [-59.0041461, -27.3475855], [-59.0036231, -27.3480728], [-59.0029222, -27.3500913], [-59.0010079, -27.3505091], [-59.000044, -27.3504317], [-58.9986439, -27.3499804], [-58.9966116, -27.3499229], [-58.9963889, -27.3495451], [-58.9966804, -27.3482982], [-58.9969942, -27.3480058], [-58.9976353, -27.3479938], [-58.9979715, -27.348656], [-58.9987306, -27.3491193], [-58.999799, -27.3490993], [-59.0005313, -27.3484171], [-59.0014906, -27.3483037], [-59.0021138, -27.3475281], [-59.0028595, -27.3474186], [-59.0031733, -27.3471262], [-59.0035694, -27.3457819], [-59.0041014, -27.3456764], [-59.004729, -27.3450917], [-59.005261, -27.3449862], [-59.0052476, -27.3444135], [-59.0049158, -27.3439422], [-59.0040521, -27.3435764], [-59.003411, -27.3435884], [-59.0029971, -27.3441691], [-59.0029193, -27.3454121], [-59.0015415, -27.3459153], [-58.9972722, -27.3461862], [-58.9962261, -27.3471607], [-58.9957479, -27.3495571], [-58.9953339, -27.3501378], [-58.9953473, -27.3507106], [-58.9955744, -27.3512793], [-58.9963291, -27.3515517], [-58.9976067, -27.3513368], [-58.9981477, -27.3516131], [-58.9981566, -27.3519949], [-58.9972017, -27.3522993], [-58.9964829, -27.3535542], [-58.9953143, -27.3538626], [-58.9951186, -27.3546302], [-58.9952366, -27.3551055], [-58.9964186, -27.3553698], [-58.9979144, -27.3553418], [-58.9993968, -27.3547411], [-59.0002337, -27.3539615], [-59.0002203, -27.3533888], [-58.9996749, -27.3529215], [-58.9996659, -27.3525397], [-58.9989113, -27.3522673], [-58.9989023, -27.3518855], [-59.0024305, -27.351915], [-59.0042401, -27.3515946], [-59.0051038, -27.3519604], [-59.0048079, -27.3530164], [-59.0050395, -27.3537761], [-59.0057986, -27.3542393], [-59.00729, -27.3540204], [-59.0077084, -27.3536306], [-59.0081134, -27.3526681], [-59.0081, -27.3520954], [-59.0075546, -27.3516281], [-59.0062724, -27.3516521], [-59.0059452, -27.3513717], [-59.0064503, -27.3501208], [-59.006824, -27.3478219], [-59.0074606, -27.347619], [-59.0081106, -27.3479888], [-59.0093927, -27.3479648], [-59.0109842, -27.3474575], [-59.0115073, -27.3469703], [-59.0117075, -27.3463936], [-59.0125668, -27.3465685], [-59.0136307, -27.3463576], [-59.0140671, -27.3467314], [-59.0144945, -27.3467234], [-59.0145946, -27.346435], [-59.0151266, -27.3463296], [-59.0149996, -27.3454725], [-59.0152133, -27.3454685], [-59.0152043, -27.3450867], [-59.0147769, -27.3450947], [-59.0147814, -27.3452856], [-59.0142539, -27.3455819], [-59.011585, -27.3457274], [-59.011331, -27.3440132], [-59.0100953, -27.3414579], [-59.0098503, -27.3401255], [-59.010469, -27.339159], [-59.0106558, -27.3380095], [-59.0118199, -27.3375103], [-59.0116884, -27.3364623], [-59.0112611, -27.3364703], [-59.0105243, -27.3369615], [-59.0099924, -27.337067], [-59.0094693, -27.3375543], [-59.0091779, -27.3388012], [-59.0085413, -27.3390041], [-59.0078868, -27.3384434], [-59.0078778, -27.3380615], [-59.0070141, -27.3376957], [-59.006137, -27.3367572], [-59.0063014, -27.3346532], [-59.0067019, -27.3334997], [-59.0066796, -27.3325452], [-59.0064524, -27.3319764], [-59.0060161, -27.3316026]]]}}]}